> Task :android:checkKotlinGradlePluginConfigurationErrors SKIPPED
> Task :android:preBuild UP-TO-DATE
> Task :android:preDebugBuild UP-TO-DATE
> Task :android:generateDebugBuildConfig
> Task :common:preBuild UP-TO-DATE
> Task :common:preDebugBuild UP-TO-DATE
> Task :android:generateDebugResValues
> Task :common:writeDebugAarMetadata
> Task :common:adjustFormatting
> Task :common:cleanSimplexAssets UP-TO-DATE
> Task :android:checkDebugAarMetadata
> Task :common:generateMRcommonMain
> Task :common:generateMRandroidMain
> Task :common:generateDebugResValues
> Task :common:generateDebugResources
> Task :common:packageDebugResources
> Task :android:mapDebugSourceSetPaths
> Task :android:generateDebugResources
> Task :android:packageDebugResources
> Task :android:createDebugCompatibleScreenManifests
> Task :android:extractDeepLinksDebug
> Task :common:extractDeepLinksDebug
> Task :common:checkKotlinGradlePluginConfigurationErrors SKIPPED
> Task :common:convertXmlValueResourcesForAndroidMain NO-SOURCE
> Task :common:copyNonXmlValueResourcesForAndroidMain NO-SOURCE
> Task :common:prepareComposeResourcesTaskForAndroidMain NO-SOURCE
> Task :common:generateResourceAccessorsForAndroidMain SKIPPED
> Task :common:convertXmlValueResourcesForCommonMain NO-SOURCE
> Task :common:copyNonXmlValueResourcesForCommonMain NO-SOURCE
> Task :common:prepareComposeResourcesTaskForCommonMain NO-SOURCE
> Task :common:generateResourceAccessorsForCommonMain SKIPPED
> Task :common:generateActualResourceCollectorsForAndroidMain SKIPPED
> Task :common:generateAndroidDebugNonAndroidBuildConfig SKIPPED
> Task :common:generateAndroidMainNonAndroidBuildConfig SKIPPED
> Task :common:generateComposeResClass SKIPPED
> Task :common:generateExpectResourceCollectorsForCommonMain SKIPPED
> Task :common:parseDebugLocalResources

> Task :common:processDebugManifest
package="chat.simplex.common" found in source AndroidManifest.xml: /Users/forkman03/project/nome/simplex-chat/apps/multiplatform/common/src/androidMain/AndroidManifest.xml.
Setting the namespace via the package attribute in the source AndroidManifest.xml is no longer supported, and the value is ignored.
Recommendation: remove package="chat.simplex.common" from the source AndroidManifest.xml: /Users/forkman03/project/nome/simplex-chat/apps/multiplatform/common/src/androidMain/AndroidManifest.xml.

> Task :android:parseDebugLocalResources
> Task :common:compileDebugLibraryResources
> Task :common:generateMRdesktopMain

> Task :android:processDebugMainManifest
package="chat.simplex.app" found in source AndroidManifest.xml: /Users/forkman03/project/nome/simplex-chat/apps/multiplatform/android/src/main/AndroidManifest.xml.
Setting the namespace via the package attribute in the source AndroidManifest.xml is no longer supported, and the value is ignored.
Recommendation: remove package="chat.simplex.app" from the source AndroidManifest.xml: /Users/forkman03/project/nome/simplex-chat/apps/multiplatform/android/src/main/AndroidManifest.xml.
/Users/forkman03/project/nome/simplex-chat/apps/multiplatform/android/src/main/AndroidManifest.xml:45:7-57 Warning:
	android:extractNativeLibs should not be specified in this source AndroidManifest.xml file. See https://d.android.com/guide/topics/manifest/application-element#extractNativeLibs for more information.
The AGP Upgrade Assistant can remove the attribute from the AndroidManifest.xml file and update the build file accordingly. See https://d.android.com/studio/build/agp-upgrade-assistant for more information.

> Task :android:processDebugManifest
> Task :common:generateNonAndroidBuildConfig
> Task :common:convertXmlValueResourcesForAndroidDebug NO-SOURCE
> Task :common:copyNonXmlValueResourcesForAndroidDebug NO-SOURCE
> Task :common:prepareComposeResourcesTaskForAndroidDebug NO-SOURCE
> Task :common:generateResourceAccessorsForAndroidDebug SKIPPED
> Task :common:javaPreCompileDebug
> Task :android:processDebugManifestForPackage
> Task :android:javaPreCompileDebug
> Task :android:preDebugUnitTestBuild UP-TO-DATE
> Task :android:javaPreCompileDebugUnitTest
> Task :common:mergeDebugJniLibFolders
> Task :common:mergeDebugNativeLibs NO-SOURCE
> Task :common:stripDebugDebugSymbols NO-SOURCE
> Task :common:extractDeepLinksForAarDebug
> Task :common:copyDebugJniLibsProjectAndLocalJars
> Task :common:mergeDebugShaders
> Task :common:compileDebugShaders NO-SOURCE
> Task :common:copyDebugComposeResourcesToAndroidAssets
> Task :common:debugAssetsCopyForAGP NO-SOURCE
> Task :common:generateDebugAssets UP-TO-DATE
> Task :common:generateDebugRFile
> Task :common:packageDebugAssets

> Task :android:mergeDebugResources
/Users/forkman03/project/nome/simplex-chat/apps/multiplatform/common/build/intermediates/packaged_res/debug/packageDebugResources/values-hi/values-hi.xml:206:4: Multiple substitutions specified in non-positional format of string resource string/rcv_group_event_changed_member_role. Did you mean to add the formatted="false" attribute?
/Users/forkman03/project/nome/simplex-chat/apps/multiplatform/common/build/intermediates/packaged_res/debug/packageDebugResources/values-pt/values-pt.xml:63:4: Multiple substitutions specified in non-positional format of string resource string/app_check_for_updates_button_download. Did you mean to add the formatted="false" attribute?
/Users/forkman03/project/nome/simplex-chat/apps/multiplatform/common/build/intermediates/packaged_res/debug/packageDebugResources/values-pt/values-pt.xml:406:4: Multiple substitutions specified in non-positional format of string resource string/feature_offered_item_with_param. Did you mean to add the formatted="false" attribute?
/Users/forkman03/project/nome/simplex-chat/apps/multiplatform/common/build/intermediates/packaged_res/debug/packageDebugResources/values-pt/values-pt.xml:444:4: Multiple substitutions specified in non-positional format of string resource string/group_members_n. Did you mean to add the formatted="false" attribute?
/Users/forkman03/project/nome/simplex-chat/apps/multiplatform/common/build/intermediates/packaged_res/debug/packageDebugResources/values-in/values-in.xml:99:4: Multiple substitutions specified in non-positional format of string resource string/app_check_for_updates_button_download. Did you mean to add the formatted="false" attribute?
/Users/forkman03/project/nome/simplex-chat/apps/multiplatform/common/build/intermediates/packaged_res/debug/packageDebugResources/values-pt/values-pt.xml:573:4: Multiple substitutions specified in non-positional format of string resource string/mtr_error_different. Did you mean to add the formatted="false" attribute?
/Users/forkman03/project/nome/simplex-chat/apps/multiplatform/common/build/intermediates/packaged_res/debug/packageDebugResources/values-pt/values-pt.xml:659:4: Multiple substitutions specified in non-positional format of string resource string/rcv_group_event_3_members_connected. Did you mean to add the formatted="false" attribute?
/Users/forkman03/project/nome/simplex-chat/apps/multiplatform/common/build/intermediates/packaged_res/debug/packageDebugResources/values-pt/values-pt.xml:660:4: Multiple substitutions specified in non-positional format of string resource string/rcv_group_event_changed_member_role. Did you mean to add the formatted="false" attribute?
/Users/forkman03/project/nome/simplex-chat/apps/multiplatform/common/build/intermediates/packaged_res/debug/packageDebugResources/values-pt/values-pt.xml:666:4: Multiple substitutions specified in non-positional format of string resource string/rcv_group_event_n_members_connected. Did you mean to add the formatted="false" attribute?
/Users/forkman03/project/nome/simplex-chat/apps/multiplatform/common/build/intermediates/packaged_res/debug/packageDebugResources/values-pt/values-pt.xml:689:4: Multiple substitutions specified in non-positional format of string resource string/remote_host_disconnected_from. Did you mean to add the formatted="false" attribute?
/Users/forkman03/project/nome/simplex-chat/apps/multiplatform/common/build/intermediates/packaged_res/debug/packageDebugResources/values-ca/values-ca.xml:99:4: Multiple substitutions specified in non-positional format of string resource string/app_check_for_updates_button_download. Did you mean to add the formatted="false" attribute?
/Users/forkman03/project/nome/simplex-chat/apps/multiplatform/common/build/intermediates/packaged_res/debug/packageDebugResources/values-hr/values-hr.xml:59:4: Multiple substitutions specified in non-positional format of string resource string/app_check_for_updates_button_download. Did you mean to add the formatted="false" attribute?
/Users/forkman03/project/nome/simplex-chat/apps/multiplatform/common/build/intermediates/packaged_res/debug/packageDebugResources/values-pt/values-pt.xml:801:4: Multiple substitutions specified in non-positional format of string resource string/snd_group_event_changed_member_role. Did you mean to add the formatted="false" attribute?
/Users/forkman03/project/nome/simplex-chat/apps/multiplatform/common/build/intermediates/packaged_res/debug/packageDebugResources/values-in/values-in.xml:478:4: Multiple substitutions specified in non-positional format of string resource string/core_simplexmq_version. Did you mean to add the formatted="false" attribute?
/Users/forkman03/project/nome/simplex-chat/apps/multiplatform/common/build/intermediates/packaged_res/debug/packageDebugResources/values-pt/values-pt.xml:835:4: Multiple substitutions specified in non-positional format of string resource string/total_files_count_and_size. Did you mean to add the formatted="false" attribute?
/Users/forkman03/project/nome/simplex-chat/apps/multiplatform/common/build/intermediates/packaged_res/debug/packageDebugResources/values-hu/values-hu.xml:111:4: Multiple substitutions specified in non-positional format of string resource string/app_check_for_updates_button_download. Did you mean to add the formatted="false" attribute?
/Users/forkman03/project/nome/simplex-chat/apps/multiplatform/common/build/intermediates/packaged_res/debug/packageDebugResources/values-hr/values-hr.xml:302:4: Multiple substitutions specified in non-positional format of string resource string/core_simplexmq_version. Did you mean to add the formatted="false" attribute?
/Users/forkman03/project/nome/simplex-chat/apps/multiplatform/common/build/intermediates/packaged_res/debug/packageDebugResources/values-ca/values-ca.xml:478:4: Multiple substitutions specified in non-positional format of string resource string/core_simplexmq_version. Did you mean to add the formatted="false" attribute?
/Users/forkman03/project/nome/simplex-chat/apps/multiplatform/common/build/intermediates/packaged_res/debug/packageDebugResources/values-in/values-in.xml:790:4: Multiple substitutions specified in non-positional format of string resource string/feature_offered_item_with_param. Did you mean to add the formatted="false" attribute?
/Users/forkman03/project/nome/simplex-chat/apps/multiplatform/common/build/intermediates/packaged_res/debug/packageDebugResources/values-hr/values-hr.xml:554:4: Multiple substitutions specified in non-positional format of string resource string/group_members_2. Did you mean to add the formatted="false" attribute?
/Users/forkman03/project/nome/simplex-chat/apps/multiplatform/common/build/intermediates/packaged_res/debug/packageDebugResources/values-hr/values-hr.xml:556:4: Multiple substitutions specified in non-positional format of string resource string/group_members_n. Did you mean to add the formatted="false" attribute?
/Users/forkman03/project/nome/simplex-chat/apps/multiplatform/common/build/intermediates/packaged_res/debug/packageDebugResources/values/values.xml:111:4: Multiple substitutions specified in non-positional format of string resource string/app_check_for_updates_button_download. Did you mean to add the formatted="false" attribute?
/Users/forkman03/project/nome/simplex-chat/apps/multiplatform/common/build/intermediates/packaged_res/debug/packageDebugResources/values-in/values-in.xml:886:4: Multiple substitutions specified in non-positional format of string resource string/group_members_2. Did you mean to add the formatted="false" attribute?
/Users/forkman03/project/nome/simplex-chat/apps/multiplatform/common/build/intermediates/packaged_res/debug/packageDebugResources/values-in/values-in.xml:895:4: Multiple substitutions specified in non-positional format of string resource string/group_members_n. Did you mean to add the formatted="false" attribute?
/Users/forkman03/project/nome/simplex-chat/apps/multiplatform/common/build/intermediates/packaged_res/debug/packageDebugResources/values-hu/values-hu.xml:562:4: Multiple substitutions specified in non-positional format of string resource string/core_simplexmq_version. Did you mean to add the formatted="false" attribute?
/Users/forkman03/project/nome/simplex-chat/apps/multiplatform/common/build/intermediates/packaged_res/debug/packageDebugResources/values-ca/values-ca.xml:790:4: Multiple substitutions specified in non-positional format of string resource string/feature_offered_item_with_param. Did you mean to add the formatted="false" attribute?
/Users/forkman03/project/nome/simplex-chat/apps/multiplatform/common/build/intermediates/packaged_res/debug/packageDebugResources/values-in/values-in.xml:1247:4: Multiple substitutions specified in non-positional format of string resource string/mtr_error_different. Did you mean to add the formatted="false" attribute?
/Users/forkman03/project/nome/simplex-chat/apps/multiplatform/common/build/intermediates/packaged_res/debug/packageDebugResources/values-ja/values-ja.xml:89:4: Multiple substitutions specified in non-positional format of string resource string/app_check_for_updates_button_download. Did you mean to add the formatted="false" attribute?
/Users/forkman03/project/nome/simplex-chat/apps/multiplatform/common/build/intermediates/packaged_res/debug/packageDebugResources/values-ca/values-ca.xml:886:4: Multiple substitutions specified in non-positional format of string resource string/group_members_2. Did you mean to add the formatted="false" attribute?
/Users/forkman03/project/nome/simplex-chat/apps/multiplatform/common/build/intermediates/packaged_res/debug/packageDebugResources/values-ca/values-ca.xml:895:4: Multiple substitutions specified in non-positional format of string resource string/group_members_n. Did you mean to add the formatted="false" attribute?
/Users/forkman03/project/nome/simplex-chat/apps/multiplatform/common/build/intermediates/packaged_res/debug/packageDebugResources/values-hu/values-hu.xml:903:4: Multiple substitutions specified in non-positional format of string resource string/feature_offered_item_with_param. Did you mean to add the formatted="false" attribute?
/Users/forkman03/project/nome/simplex-chat/apps/multiplatform/common/build/intermediates/packaged_res/debug/packageDebugResources/values/values.xml:574:4: Multiple substitutions specified in non-positional format of string resource string/core_simplexmq_version. Did you mean to add the formatted="false" attribute?
/Users/forkman03/project/nome/simplex-chat/apps/multiplatform/common/build/intermediates/packaged_res/debug/packageDebugResources/values-hr/values-hr.xml:986:4: Multiple substitutions specified in non-positional format of string resource string/rcv_group_event_2_members_connected. Did you mean to add the formatted="false" attribute?
/Users/forkman03/project/nome/simplex-chat/apps/multiplatform/common/build/intermediates/packaged_res/debug/packageDebugResources/values-hr/values-hr.xml:987:4: Multiple substitutions specified in non-positional format of string resource string/rcv_group_event_3_members_connected. Did you mean to add the formatted="false" attribute?
/Users/forkman03/project/nome/simplex-chat/apps/multiplatform/common/build/intermediates/packaged_res/debug/packageDebugResources/values-hr/values-hr.xml:988:4: Multiple substitutions specified in non-positional format of string resource string/rcv_group_event_changed_member_role. Did you mean to add the formatted="false" attribute?
/Users/forkman03/project/nome/simplex-chat/apps/multiplatform/common/build/intermediates/packaged_res/debug/packageDebugResources/values-hr/values-hr.xml:998:4: Multiple substitutions specified in non-positional format of string resource string/rcv_group_event_n_members_connected. Did you mean to add the formatted="false" attribute?
/Users/forkman03/project/nome/simplex-chat/apps/multiplatform/common/build/intermediates/packaged_res/debug/packageDebugResources/values-hr/values-hr.xml:1013:4: Multiple substitutions specified in non-positional format of string resource string/recipient_colon_delivery_status. Did you mean to add the formatted="false" attribute?
/Users/forkman03/project/nome/simplex-chat/apps/multiplatform/common/build/intermediates/packaged_res/debug/packageDebugResources/values-hu/values-hu.xml:1003:4: Multiple substitutions specified in non-positional format of string resource string/group_members_2. Did you mean to add the formatted="false" attribute?
/Users/forkman03/project/nome/simplex-chat/apps/multiplatform/common/build/intermediates/packaged_res/debug/packageDebugResources/values-hr/values-hr.xml:1098:4: Multiple substitutions specified in non-positional format of string resource string/sender_at_ts. Did you mean to add the formatted="false" attribute?
/Users/forkman03/project/nome/simplex-chat/apps/multiplatform/common/build/intermediates/packaged_res/debug/packageDebugResources/values-iw/values-iw.xml:93:4: Multiple substitutions specified in non-positional format of string resource string/app_check_for_updates_button_download. Did you mean to add the formatted="false" attribute?
/Users/forkman03/project/nome/simplex-chat/apps/multiplatform/common/build/intermediates/packaged_res/debug/packageDebugResources/values-hu/values-hu.xml:1020:4: Multiple substitutions specified in non-positional format of string resource string/group_members_n. Did you mean to add the formatted="false" attribute?
/Users/forkman03/project/nome/simplex-chat/apps/multiplatform/common/build/intermediates/packaged_res/debug/packageDebugResources/values-ja/values-ja.xml:384:4: Multiple substitutions specified in non-positional format of string resource string/core_simplexmq_version. Did you mean to add the formatted="false" attribute?
/Users/forkman03/project/nome/simplex-chat/apps/multiplatform/common/build/intermediates/packaged_res/debug/packageDebugResources/values-ca/values-ca.xml:1247:4: Multiple substitutions specified in non-positional format of string resource string/mtr_error_different. Did you mean to add the formatted="false" attribute?
/Users/forkman03/project/nome/simplex-chat/apps/multiplatform/common/build/intermediates/packaged_res/debug/packageDebugResources/values-in/values-in.xml:1606:4: Multiple substitutions specified in non-positional format of string resource string/rcv_group_event_2_members_connected. Did you mean to add the formatted="false" attribute?
/Users/forkman03/project/nome/simplex-chat/apps/multiplatform/common/build/intermediates/packaged_res/debug/packageDebugResources/values-lt/values-lt.xml:305:4: Multiple substitutions specified in non-positional format of string resource string/core_simplexmq_version. Did you mean to add the formatted="false" attribute?
/Users/forkman03/project/nome/simplex-chat/apps/multiplatform/common/build/intermediates/packaged_res/debug/packageDebugResources/values-in/values-in.xml:1607:4: Multiple substitutions specified in non-positional format of string resource string/rcv_group_event_3_members_connected. Did you mean to add the formatted="false" attribute?
/Users/forkman03/project/nome/simplex-chat/apps/multiplatform/common/build/intermediates/packaged_res/debug/packageDebugResources/values-hr/values-hr.xml:1254:4: Multiple substitutions specified in non-positional format of string resource string/snd_group_event_changed_member_role. Did you mean to add the formatted="false" attribute?
/Users/forkman03/project/nome/simplex-chat/apps/multiplatform/common/build/intermediates/packaged_res/debug/packageDebugResources/values-in/values-in.xml:1608:4: Multiple substitutions specified in non-positional format of string resource string/rcv_group_event_changed_member_role. Did you mean to add the formatted="false" attribute?
/Users/forkman03/project/nome/simplex-chat/apps/multiplatform/common/build/intermediates/packaged_res/debug/packageDebugResources/values-in/values-in.xml:1620:4: Multiple substitutions specified in non-positional format of string resource string/rcv_group_event_n_members_connected. Did you mean to add the formatted="false" attribute?
/Users/forkman03/project/nome/simplex-chat/apps/multiplatform/common/build/intermediates/packaged_res/debug/packageDebugResources/values-iw/values-iw.xml:400:4: Multiple substitutions specified in non-positional format of string resource string/core_simplexmq_version. Did you mean to add the formatted="false" attribute?
/Users/forkman03/project/nome/simplex-chat/apps/multiplatform/common/build/intermediates/packaged_res/debug/packageDebugResources/values/values.xml:915:4: Multiple substitutions specified in non-positional format of string resource string/feature_offered_item_with_param. Did you mean to add the formatted="false" attribute?
/Users/forkman03/project/nome/simplex-chat/apps/multiplatform/common/build/intermediates/packaged_res/debug/packageDebugResources/values-in/values-in.xml:1655:4: Multiple substitutions specified in non-positional format of string resource string/recipient_colon_delivery_status. Did you mean to add the formatted="false" attribute?
/Users/forkman03/project/nome/simplex-chat/apps/multiplatform/common/build/intermediates/packaged_res/debug/packageDebugResources/values-ja/values-ja.xml:659:4: Multiple substitutions specified in non-positional format of string resource string/feature_offered_item_with_param. Did you mean to add the formatted="false" attribute?
/Users/forkman03/project/nome/simplex-chat/apps/multiplatform/common/build/intermediates/packaged_res/debug/packageDebugResources/values-in/values-in.xml:1677:4: Multiple substitutions specified in non-positional format of string resource string/remote_host_disconnected_from. Did you mean to add the formatted="false" attribute?
/Users/forkman03/project/nome/simplex-chat/apps/multiplatform/common/build/intermediates/packaged_res/debug/packageDebugResources/values-in/values-in.xml:1807:4: Multiple substitutions specified in non-positional format of string resource string/sender_at_ts. Did you mean to add the formatted="false" attribute?
/Users/forkman03/project/nome/simplex-chat/apps/multiplatform/common/build/intermediates/packaged_res/debug/packageDebugResources/values/values.xml:1016:4: Multiple substitutions specified in non-positional format of string resource string/group_members_2. Did you mean to add the formatted="false" attribute?
/Users/forkman03/project/nome/simplex-chat/apps/multiplatform/common/build/intermediates/packaged_res/debug/packageDebugResources/values-ja/values-ja.xml:737:4: Multiple substitutions specified in non-positional format of string resource string/group_members_2. Did you mean to add the formatted="false" attribute?
/Users/forkman03/project/nome/simplex-chat/apps/multiplatform/common/build/intermediates/packaged_res/debug/packageDebugResources/values-lt/values-lt.xml:549:4: Multiple substitutions specified in non-positional format of string resource string/feature_offered_item_with_param. Did you mean to add the formatted="false" attribute?
/Users/forkman03/project/nome/simplex-chat/apps/multiplatform/common/build/intermediates/packaged_res/debug/packageDebugResources/values-ja/values-ja.xml:745:4: Multiple substitutions specified in non-positional format of string resource string/group_members_n. Did you mean to add the formatted="false" attribute?
/Users/forkman03/project/nome/simplex-chat/apps/multiplatform/common/build/intermediates/packaged_res/debug/packageDebugResources/values-in/values-in.xml:2035:4: Multiple substitutions specified in non-positional format of string resource string/snd_group_event_changed_member_role. Did you mean to add the formatted="false" attribute?
/Users/forkman03/project/nome/simplex-chat/apps/multiplatform/common/build/intermediates/packaged_res/debug/packageDebugResources/values-lt/values-lt.xml:617:4: Multiple substitutions specified in non-positional format of string resource string/group_members_2. Did you mean to add the formatted="false" attribute?
/Users/forkman03/project/nome/simplex-chat/apps/multiplatform/common/build/intermediates/packaged_res/debug/packageDebugResources/values-hu/values-hu.xml:1397:4: Multiple substitutions specified in non-positional format of string resource string/mtr_error_different. Did you mean to add the formatted="false" attribute?
/Users/forkman03/project/nome/simplex-chat/apps/multiplatform/common/build/intermediates/packaged_res/debug/packageDebugResources/values-in/values-in.xml:2134:4: Multiple substitutions specified in non-positional format of string resource string/total_files_count_and_size. Did you mean to add the formatted="false" attribute?
/Users/forkman03/project/nome/simplex-chat/apps/multiplatform/common/build/intermediates/packaged_res/debug/packageDebugResources/values-lt/values-lt.xml:625:4: Multiple substitutions specified in non-positional format of string resource string/group_members_n. Did you mean to add the formatted="false" attribute?
/Users/forkman03/project/nome/simplex-chat/apps/multiplatform/common/build/intermediates/packaged_res/debug/packageDebugResources/values/values.xml:1033:4: Multiple substitutions specified in non-positional format of string resource string/group_members_n. Did you mean to add the formatted="false" attribute?
/Users/forkman03/project/nome/simplex-chat/apps/multiplatform/common/build/intermediates/packaged_res/debug/packageDebugResources/values-ca/values-ca.xml:1606:4: Multiple substitutions specified in non-positional format of string resource string/rcv_group_event_2_members_connected. Did you mean to add the formatted="false" attribute?
/Users/forkman03/project/nome/simplex-chat/apps/multiplatform/common/build/intermediates/packaged_res/debug/packageDebugResources/values-ca/values-ca.xml:1607:4: Multiple substitutions specified in non-positional format of string resource string/rcv_group_event_3_members_connected. Did you mean to add the formatted="false" attribute?
/Users/forkman03/project/nome/simplex-chat/apps/multiplatform/common/build/intermediates/packaged_res/debug/packageDebugResources/values-ca/values-ca.xml:1608:4: Multiple substitutions specified in non-positional format of string resource string/rcv_group_event_changed_member_role. Did you mean to add the formatted="false" attribute?
/Users/forkman03/project/nome/simplex-chat/apps/multiplatform/common/build/intermediates/packaged_res/debug/packageDebugResources/values-ja/values-ja.xml:1047:4: Multiple substitutions specified in non-positional format of string resource string/mtr_error_different. Did you mean to add the formatted="false" attribute?
/Users/forkman03/project/nome/simplex-chat/apps/multiplatform/common/build/intermediates/packaged_res/debug/packageDebugResources/values-ca/values-ca.xml:1620:4: Multiple substitutions specified in non-positional format of string resource string/rcv_group_event_n_members_connected. Did you mean to add the formatted="false" attribute?
/Users/forkman03/project/nome/simplex-chat/apps/multiplatform/common/build/intermediates/packaged_res/debug/packageDebugResources/values-lt/values-lt.xml:913:4: Multiple substitutions specified in non-positional format of string resource string/mtr_error_different. Did you mean to add the formatted="false" attribute?
/Users/forkman03/project/nome/simplex-chat/apps/multiplatform/common/build/intermediates/packaged_res/debug/packageDebugResources/values-iw/values-iw.xml:683:4: Multiple substitutions specified in non-positional format of string resource string/feature_offered_item_with_param. Did you mean to add the formatted="false" attribute?
/Users/forkman03/project/nome/simplex-chat/apps/multiplatform/common/build/intermediates/packaged_res/debug/packageDebugResources/values-ca/values-ca.xml:1655:4: Multiple substitutions specified in non-positional format of string resource string/recipient_colon_delivery_status. Did you mean to add the formatted="false" attribute?
/Users/forkman03/project/nome/simplex-chat/apps/multiplatform/common/build/intermediates/packaged_res/debug/packageDebugResources/values-iw/values-iw.xml:771:4: Multiple substitutions specified in non-positional format of string resource string/group_members_2. Did you mean to add the formatted="false" attribute?
/Users/forkman03/project/nome/simplex-chat/apps/multiplatform/common/build/intermediates/packaged_res/debug/packageDebugResources/values-iw/values-iw.xml:780:4: Multiple substitutions specified in non-positional format of string resource string/group_members_n. Did you mean to add the formatted="false" attribute?
/Users/forkman03/project/nome/simplex-chat/apps/multiplatform/common/build/intermediates/packaged_res/debug/packageDebugResources/values-ca/values-ca.xml:1677:4: Multiple substitutions specified in non-positional format of string resource string/remote_host_disconnected_from. Did you mean to add the formatted="false" attribute?
/Users/forkman03/project/nome/simplex-chat/apps/multiplatform/common/build/intermediates/packaged_res/debug/packageDebugResources/values-lt/values-lt.xml:1115:4: Multiple substitutions specified in non-positional format of string resource string/rcv_group_event_2_members_connected. Did you mean to add the formatted="false" attribute?
/Users/forkman03/project/nome/simplex-chat/apps/multiplatform/common/build/intermediates/packaged_res/debug/packageDebugResources/values-ca/values-ca.xml:1807:4: Multiple substitutions specified in non-positional format of string resource string/sender_at_ts. Did you mean to add the formatted="false" attribute?
/Users/forkman03/project/nome/simplex-chat/apps/multiplatform/common/build/intermediates/packaged_res/debug/packageDebugResources/values-lt/values-lt.xml:1116:4: Multiple substitutions specified in non-positional format of string resource string/rcv_group_event_3_members_connected. Did you mean to add the formatted="false" attribute?
/Users/forkman03/project/nome/simplex-chat/apps/multiplatform/common/build/intermediates/packaged_res/debug/packageDebugResources/values-lt/values-lt.xml:1117:4: Multiple substitutions specified in non-positional format of string resource string/rcv_group_event_changed_member_role. Did you mean to add the formatted="false" attribute?
/Users/forkman03/project/nome/simplex-chat/apps/multiplatform/common/build/intermediates/packaged_res/debug/packageDebugResources/values-lt/values-lt.xml:1128:4: Multiple substitutions specified in non-positional format of string resource string/rcv_group_event_n_members_connected. Did you mean to add the formatted="false" attribute?
/Users/forkman03/project/nome/simplex-chat/apps/multiplatform/common/build/intermediates/packaged_res/debug/packageDebugResources/values-ja/values-ja.xml:1303:4: Multiple substitutions specified in non-positional format of string resource string/rcv_group_event_2_members_connected. Did you mean to add the formatted="false" attribute?
/Users/forkman03/project/nome/simplex-chat/apps/multiplatform/common/build/intermediates/packaged_res/debug/packageDebugResources/values-ja/values-ja.xml:1304:4: Multiple substitutions specified in non-positional format of string resource string/rcv_group_event_3_members_connected. Did you mean to add the formatted="false" attribute?
/Users/forkman03/project/nome/simplex-chat/apps/multiplatform/common/build/intermediates/packaged_res/debug/packageDebugResources/values-lt/values-lt.xml:1161:4: Multiple substitutions specified in non-positional format of string resource string/recipient_colon_delivery_status. Did you mean to add the formatted="false" attribute?
/Users/forkman03/project/nome/simplex-chat/apps/multiplatform/common/build/intermediates/packaged_res/debug/packageDebugResources/values/values.xml:1410:4: Multiple substitutions specified in non-positional format of string resource string/mtr_error_different. Did you mean to add the formatted="false" attribute?
/Users/forkman03/project/nome/simplex-chat/apps/multiplatform/common/build/intermediates/packaged_res/debug/packageDebugResources/values-lt/values-lt.xml:1177:4: Multiple substitutions specified in non-positional format of string resource string/remote_host_disconnected_from. Did you mean to add the formatted="false" attribute?
/Users/forkman03/project/nome/simplex-chat/apps/multiplatform/common/build/intermediates/packaged_res/debug/packageDebugResources/values-ja/values-ja.xml:1305:4: Multiple substitutions specified in non-positional format of string resource string/rcv_group_event_changed_member_role. Did you mean to add the formatted="false" attribute?
/Users/forkman03/project/nome/simplex-chat/apps/multiplatform/common/build/intermediates/packaged_res/debug/packageDebugResources/values-lt/values-lt.xml:1266:4: Multiple substitutions specified in non-positional format of string resource string/sender_at_ts. Did you mean to add the formatted="false" attribute?
/Users/forkman03/project/nome/simplex-chat/apps/multiplatform/common/build/intermediates/packaged_res/debug/packageDebugResources/values-ja/values-ja.xml:1316:4: Multiple substitutions specified in non-positional format of string resource string/rcv_group_event_n_members_connected. Did you mean to add the formatted="false" attribute?
/Users/forkman03/project/nome/simplex-chat/apps/multiplatform/common/build/intermediates/packaged_res/debug/packageDebugResources/values-ja/values-ja.xml:1349:4: Multiple substitutions specified in non-positional format of string resource string/recipient_colon_delivery_status. Did you mean to add the formatted="false" attribute?
/Users/forkman03/project/nome/simplex-chat/apps/multiplatform/common/build/intermediates/packaged_res/debug/packageDebugResources/values-ja/values-ja.xml:1366:4: Multiple substitutions specified in non-positional format of string resource string/remote_host_disconnected_from. Did you mean to add the formatted="false" attribute?
/Users/forkman03/project/nome/simplex-chat/apps/multiplatform/common/build/intermediates/packaged_res/debug/packageDebugResources/values-hu/values-hu.xml:1798:4: Multiple substitutions specified in non-positional format of string resource string/rcv_group_event_2_members_connected. Did you mean to add the formatted="false" attribute?
/Users/forkman03/project/nome/simplex-chat/apps/multiplatform/common/build/intermediates/packaged_res/debug/packageDebugResources/values-hu/values-hu.xml:1799:4: Multiple substitutions specified in non-positional format of string resource string/rcv_group_event_3_members_connected. Did you mean to add the formatted="false" attribute?
/Users/forkman03/project/nome/simplex-chat/apps/multiplatform/common/build/intermediates/packaged_res/debug/packageDebugResources/values-iw/values-iw.xml:1093:4: Multiple substitutions specified in non-positional format of string resource string/mtr_error_different. Did you mean to add the formatted="false" attribute?
/Users/forkman03/project/nome/simplex-chat/apps/multiplatform/common/build/intermediates/packaged_res/debug/packageDebugResources/values-ca/values-ca.xml:2035:4: Multiple substitutions specified in non-positional format of string resource string/snd_group_event_changed_member_role. Did you mean to add the formatted="false" attribute?
/Users/forkman03/project/nome/simplex-chat/apps/multiplatform/common/build/intermediates/packaged_res/debug/packageDebugResources/values-ja/values-ja.xml:1470:4: Multiple substitutions specified in non-positional format of string resource string/sender_at_ts. Did you mean to add the formatted="false" attribute?
/Users/forkman03/project/nome/simplex-chat/apps/multiplatform/common/build/intermediates/packaged_res/debug/packageDebugResources/values-hu/values-hu.xml:1800:4: Multiple substitutions specified in non-positional format of string resource string/rcv_group_event_changed_member_role. Did you mean to add the formatted="false" attribute?
/Users/forkman03/project/nome/simplex-chat/apps/multiplatform/common/build/intermediates/packaged_res/debug/packageDebugResources/values-lt/values-lt.xml:1403:4: Multiple substitutions specified in non-positional format of string resource string/snd_group_event_changed_member_role. Did you mean to add the formatted="false" attribute?
/Users/forkman03/project/nome/simplex-chat/apps/multiplatform/common/build/intermediates/packaged_res/debug/packageDebugResources/values-hu/values-hu.xml:1812:4: Multiple substitutions specified in non-positional format of string resource string/rcv_group_event_n_members_connected. Did you mean to add the formatted="false" attribute?
/Users/forkman03/project/nome/simplex-chat/apps/multiplatform/common/build/intermediates/packaged_res/debug/packageDebugResources/values/values.xml:1855:4: Multiple substitutions specified in non-positional format of string resource string/rcv_group_event_2_members_connected. Did you mean to add the formatted="false" attribute?
/Users/forkman03/project/nome/simplex-chat/apps/multiplatform/common/build/intermediates/packaged_res/debug/packageDebugResources/values-hu/values-hu.xml:1851:4: Multiple substitutions specified in non-positional format of string resource string/recipient_colon_delivery_status. Did you mean to add the formatted="false" attribute?
/Users/forkman03/project/nome/simplex-chat/apps/multiplatform/common/build/intermediates/packaged_res/debug/packageDebugResources/values/values.xml:1856:4: Multiple substitutions specified in non-positional format of string resource string/rcv_group_event_3_members_connected. Did you mean to add the formatted="false" attribute?
/Users/forkman03/project/nome/simplex-chat/apps/multiplatform/common/build/intermediates/packaged_res/debug/packageDebugResources/values/values.xml:1857:4: Multiple substitutions specified in non-positional format of string resource string/rcv_group_event_changed_member_role. Did you mean to add the formatted="false" attribute?
/Users/forkman03/project/nome/simplex-chat/apps/multiplatform/common/build/intermediates/packaged_res/debug/packageDebugResources/values/values.xml:1869:4: Multiple substitutions specified in non-positional format of string resource string/rcv_group_event_n_members_connected. Did you mean to add the formatted="false" attribute?
/Users/forkman03/project/nome/simplex-chat/apps/multiplatform/common/build/intermediates/packaged_res/debug/packageDebugResources/values-hu/values-hu.xml:1917:4: Multiple substitutions specified in non-positional format of string resource string/remote_host_disconnected_from. Did you mean to add the formatted="false" attribute?
/Users/forkman03/project/nome/simplex-chat/apps/multiplatform/common/build/intermediates/packaged_res/debug/packageDebugResources/values-lt/values-lt.xml:1478:4: Multiple substitutions specified in non-positional format of string resource string/total_files_count_and_size. Did you mean to add the formatted="false" attribute?
/Users/forkman03/project/nome/simplex-chat/apps/multiplatform/common/build/intermediates/packaged_res/debug/packageDebugResources/values-ca/values-ca.xml:2134:4: Multiple substitutions specified in non-positional format of string resource string/total_files_count_and_size. Did you mean to add the formatted="false" attribute?
/Users/forkman03/project/nome/simplex-chat/apps/multiplatform/common/build/intermediates/packaged_res/debug/packageDebugResources/values-hu/values-hu.xml:2050:4: Multiple substitutions specified in non-positional format of string resource string/sender_at_ts. Did you mean to add the formatted="false" attribute?
/Users/forkman03/project/nome/simplex-chat/apps/multiplatform/common/build/intermediates/packaged_res/debug/packageDebugResources/values-iw/values-iw.xml:1364:4: Multiple substitutions specified in non-positional format of string resource string/rcv_group_event_2_members_connected. Did you mean to add the formatted="false" attribute?
/Users/forkman03/project/nome/simplex-chat/apps/multiplatform/common/build/intermediates/packaged_res/debug/packageDebugResources/values-iw/values-iw.xml:1365:4: Multiple substitutions specified in non-positional format of string resource string/rcv_group_event_3_members_connected. Did you mean to add the formatted="false" attribute?
/Users/forkman03/project/nome/simplex-chat/apps/multiplatform/common/build/intermediates/packaged_res/debug/packageDebugResources/values-iw/values-iw.xml:1366:4: Multiple substitutions specified in non-positional format of string resource string/rcv_group_event_changed_member_role. Did you mean to add the formatted="false" attribute?
/Users/forkman03/project/nome/simplex-chat/apps/multiplatform/common/build/intermediates/packaged_res/debug/packageDebugResources/values-iw/values-iw.xml:1378:4: Multiple substitutions specified in non-positional format of string resource string/rcv_group_event_n_members_connected. Did you mean to add the formatted="false" attribute?
/Users/forkman03/project/nome/simplex-chat/apps/multiplatform/common/build/intermediates/packaged_res/debug/packageDebugResources/values/values.xml:1908:4: Multiple substitutions specified in non-positional format of string resource string/recipient_colon_delivery_status. Did you mean to add the formatted="false" attribute?
/Users/forkman03/project/nome/simplex-chat/apps/multiplatform/common/build/intermediates/packaged_res/debug/packageDebugResources/values-ja/values-ja.xml:1647:4: Multiple substitutions specified in non-positional format of string resource string/snd_group_event_changed_member_role. Did you mean to add the formatted="false" attribute?
/Users/forkman03/project/nome/simplex-chat/apps/multiplatform/common/build/intermediates/packaged_res/debug/packageDebugResources/values-iw/values-iw.xml:1413:4: Multiple substitutions specified in non-positional format of string resource string/recipient_colon_delivery_status. Did you mean to add the formatted="false" attribute?
/Users/forkman03/project/nome/simplex-chat/apps/multiplatform/common/build/intermediates/packaged_res/debug/packageDebugResources/values-hu/values-hu.xml:2283:4: Multiple substitutions specified in non-positional format of string resource string/snd_group_event_changed_member_role. Did you mean to add the formatted="false" attribute?
/Users/forkman03/project/nome/simplex-chat/apps/multiplatform/common/build/intermediates/packaged_res/debug/packageDebugResources/values-iw/values-iw.xml:1434:4: Multiple substitutions specified in non-positional format of string resource string/remote_host_disconnected_from. Did you mean to add the formatted="false" attribute?
/Users/forkman03/project/nome/simplex-chat/apps/multiplatform/common/build/intermediates/packaged_res/debug/packageDebugResources/values-hu/values-hu.xml:2388:4: Multiple substitutions specified in non-positional format of string resource string/total_files_count_and_size. Did you mean to add the formatted="false" attribute?
/Users/forkman03/project/nome/simplex-chat/apps/multiplatform/common/build/intermediates/packaged_res/debug/packageDebugResources/values-ja/values-ja.xml:1727:4: Multiple substitutions specified in non-positional format of string resource string/total_files_count_and_size. Did you mean to add the formatted="false" attribute?
/Users/forkman03/project/nome/simplex-chat/apps/multiplatform/common/build/intermediates/packaged_res/debug/packageDebugResources/values/values.xml:1974:4: Multiple substitutions specified in non-positional format of string resource string/remote_host_disconnected_from. Did you mean to add the formatted="false" attribute?
/Users/forkman03/project/nome/simplex-chat/apps/multiplatform/common/build/intermediates/packaged_res/debug/packageDebugResources/values-ar/values-ar.xml:111:4: Multiple substitutions specified in non-positional format of string resource string/app_check_for_updates_button_download. Did you mean to add the formatted="false" attribute?
/Users/forkman03/project/nome/simplex-chat/apps/multiplatform/common/build/intermediates/packaged_res/debug/packageDebugResources/values-iw/values-iw.xml:1539:4: Multiple substitutions specified in non-positional format of string resource string/sender_at_ts. Did you mean to add the formatted="false" attribute?
/Users/forkman03/project/nome/simplex-chat/apps/multiplatform/common/build/intermediates/packaged_res/debug/packageDebugResources/values/values.xml:2107:4: Multiple substitutions specified in non-positional format of string resource string/sender_at_ts. Did you mean to add the formatted="false" attribute?
/Users/forkman03/project/nome/simplex-chat/apps/multiplatform/common/build/intermediates/packaged_res/debug/packageDebugResources/values-ar/values-ar.xml:562:4: Multiple substitutions specified in non-positional format of string resource string/core_simplexmq_version. Did you mean to add the formatted="false" attribute?
/Users/forkman03/project/nome/simplex-chat/apps/multiplatform/common/build/intermediates/packaged_res/debug/packageDebugResources/values-iw/values-iw.xml:1731:4: Multiple substitutions specified in non-positional format of string resource string/snd_group_event_changed_member_role. Did you mean to add the formatted="false" attribute?
/Users/forkman03/project/nome/simplex-chat/apps/multiplatform/common/build/intermediates/packaged_res/debug/packageDebugResources/values-ar/values-ar.xml:903:4: Multiple substitutions specified in non-positional format of string resource string/feature_offered_item_with_param. Did you mean to add the formatted="false" attribute?
/Users/forkman03/project/nome/simplex-chat/apps/multiplatform/common/build/intermediates/packaged_res/debug/packageDebugResources/values/values.xml:2342:4: Multiple substitutions specified in non-positional format of string resource string/snd_group_event_changed_member_role. Did you mean to add the formatted="false" attribute?
/Users/forkman03/project/nome/simplex-chat/apps/multiplatform/common/build/intermediates/packaged_res/debug/packageDebugResources/values-iw/values-iw.xml:1814:4: Multiple substitutions specified in non-positional format of string resource string/total_files_count_and_size. Did you mean to add the formatted="false" attribute?
/Users/forkman03/project/nome/simplex-chat/apps/multiplatform/common/build/intermediates/packaged_res/debug/packageDebugResources/values-de/values-de.xml:111:4: Multiple substitutions specified in non-positional format of string resource string/app_check_for_updates_button_download. Did you mean to add the formatted="false" attribute?
/Users/forkman03/project/nome/simplex-chat/apps/multiplatform/common/build/intermediates/packaged_res/debug/packageDebugResources/values-ro/values-ro.xml:99:4: Multiple substitutions specified in non-positional format of string resource string/app_check_for_updates_button_download. Did you mean to add the formatted="false" attribute?
/Users/forkman03/project/nome/simplex-chat/apps/multiplatform/common/build/intermediates/packaged_res/debug/packageDebugResources/values-de/values-de.xml:563:4: Multiple substitutions specified in non-positional format of string resource string/core_simplexmq_version. Did you mean to add the formatted="false" attribute?
/Users/forkman03/project/nome/simplex-chat/apps/multiplatform/common/build/intermediates/packaged_res/debug/packageDebugResources/values-ro/values-ro.xml:475:4: Multiple substitutions specified in non-positional format of string resource string/core_simplexmq_version. Did you mean to add the formatted="false" attribute?
/Users/forkman03/project/nome/simplex-chat/apps/multiplatform/common/build/intermediates/packaged_res/debug/packageDebugResources/values-fi/values-fi.xml:262:4: Multiple substitutions specified in non-positional format of string resource string/core_simplexmq_version. Did you mean to add the formatted="false" attribute?
/Users/forkman03/project/nome/simplex-chat/apps/multiplatform/common/build/intermediates/packaged_res/debug/packageDebugResources/values-tr/values-tr.xml:97:4: Multiple substitutions specified in non-positional format of string resource string/app_check_for_updates_button_download. Did you mean to add the formatted="false" attribute?
/Users/forkman03/project/nome/simplex-chat/apps/multiplatform/common/build/intermediates/packaged_res/debug/packageDebugResources/values/values.xml:2447:4: Multiple substitutions specified in non-positional format of string resource string/total_files_count_and_size. Did you mean to add the formatted="false" attribute?
/Users/forkman03/project/nome/simplex-chat/apps/multiplatform/common/build/intermediates/packaged_res/debug/packageDebugResources/values-fi/values-fi.xml:479:4: Multiple substitutions specified in non-positional format of string resource string/feature_offered_item_with_param. Did you mean to add the formatted="false" attribute?
/Users/forkman03/project/nome/simplex-chat/apps/multiplatform/common/build/intermediates/packaged_res/debug/packageDebugResources/values-fi/values-fi.xml:536:4: Multiple substitutions specified in non-positional format of string resource string/group_members_2. Did you mean to add the formatted="false" attribute?
/Users/forkman03/project/nome/simplex-chat/apps/multiplatform/common/build/intermediates/packaged_res/debug/packageDebugResources/values-fi/values-fi.xml:544:4: Multiple substitutions specified in non-positional format of string resource string/group_members_n. Did you mean to add the formatted="false" attribute?
/Users/forkman03/project/nome/simplex-chat/apps/multiplatform/common/build/intermediates/packaged_res/debug/packageDebugResources/values-ar/values-ar.xml:1003:4: Multiple substitutions specified in non-positional format of string resource string/group_members_2. Did you mean to add the formatted="false" attribute?
/Users/forkman03/project/nome/simplex-chat/apps/multiplatform/common/build/intermediates/packaged_res/debug/packageDebugResources/values-fi/values-fi.xml:779:4: Multiple substitutions specified in non-positional format of string resource string/mtr_error_different. Did you mean to add the formatted="false" attribute?
/Users/forkman03/project/nome/simplex-chat/apps/multiplatform/common/build/intermediates/packaged_res/debug/packageDebugResources/values-de/values-de.xml:904:4: Multiple substitutions specified in non-positional format of string resource string/feature_offered_item_with_param. Did you mean to add the formatted="false" attribute?
/Users/forkman03/project/nome/simplex-chat/apps/multiplatform/common/build/intermediates/packaged_res/debug/packageDebugResources/values-ro/values-ro.xml:786:4: Multiple substitutions specified in non-positional format of string resource string/feature_offered_item_with_param. Did you mean to add the formatted="false" attribute?
/Users/forkman03/project/nome/simplex-chat/apps/multiplatform/common/build/intermediates/packaged_res/debug/packageDebugResources/values-tr/values-tr.xml:473:4: Multiple substitutions specified in non-positional format of string resource string/core_simplexmq_version. Did you mean to add the formatted="false" attribute?
/Users/forkman03/project/nome/simplex-chat/apps/multiplatform/common/build/intermediates/packaged_res/debug/packageDebugResources/values-ar/values-ar.xml:1020:4: Multiple substitutions specified in non-positional format of string resource string/group_members_n. Did you mean to add the formatted="false" attribute?
/Users/forkman03/project/nome/simplex-chat/apps/multiplatform/common/build/intermediates/packaged_res/debug/packageDebugResources/values-ro/values-ro.xml:882:4: Multiple substitutions specified in non-positional format of string resource string/group_members_2. Did you mean to add the formatted="false" attribute?
/Users/forkman03/project/nome/simplex-chat/apps/multiplatform/common/build/intermediates/packaged_res/debug/packageDebugResources/values-ro/values-ro.xml:891:4: Multiple substitutions specified in non-positional format of string resource string/group_members_n. Did you mean to add the formatted="false" attribute?
/Users/forkman03/project/nome/simplex-chat/apps/multiplatform/common/build/intermediates/packaged_res/debug/packageDebugResources/values-fi/values-fi.xml:950:4: Multiple substitutions specified in non-positional format of string resource string/rcv_group_event_2_members_connected. Did you mean to add the formatted="false" attribute?
/Users/forkman03/project/nome/simplex-chat/apps/multiplatform/common/build/intermediates/packaged_res/debug/packageDebugResources/values-fi/values-fi.xml:951:4: Multiple substitutions specified in non-positional format of string resource string/rcv_group_event_3_members_connected. Did you mean to add the formatted="false" attribute?
/Users/forkman03/project/nome/simplex-chat/apps/multiplatform/common/build/intermediates/packaged_res/debug/packageDebugResources/values-fi/values-fi.xml:952:4: Multiple substitutions specified in non-positional format of string resource string/rcv_group_event_changed_member_role. Did you mean to add the formatted="false" attribute?
/Users/forkman03/project/nome/simplex-chat/apps/multiplatform/common/build/intermediates/packaged_res/debug/packageDebugResources/values-fi/values-fi.xml:959:4: Multiple substitutions specified in non-positional format of string resource string/rcv_group_event_n_members_connected. Did you mean to add the formatted="false" attribute?
/Users/forkman03/project/nome/simplex-chat/apps/multiplatform/common/build/intermediates/packaged_res/debug/packageDebugResources/values-fi/values-fi.xml:989:4: Multiple substitutions specified in non-positional format of string resource string/recipient_colon_delivery_status. Did you mean to add the formatted="false" attribute?
/Users/forkman03/project/nome/simplex-chat/apps/multiplatform/common/build/intermediates/packaged_res/debug/packageDebugResources/values-fi/values-fi.xml:1066:4: Multiple substitutions specified in non-positional format of string resource string/sender_at_ts. Did you mean to add the formatted="false" attribute?
/Users/forkman03/project/nome/simplex-chat/apps/multiplatform/common/build/intermediates/packaged_res/debug/packageDebugResources/values-de/values-de.xml:1004:4: Multiple substitutions specified in non-positional format of string resource string/group_members_2. Did you mean to add the formatted="false" attribute?
/Users/forkman03/project/nome/simplex-chat/apps/multiplatform/common/build/intermediates/packaged_res/debug/packageDebugResources/values-de/values-de.xml:1021:4: Multiple substitutions specified in non-positional format of string resource string/group_members_n. Did you mean to add the formatted="false" attribute?
/Users/forkman03/project/nome/simplex-chat/apps/multiplatform/common/build/intermediates/packaged_res/debug/packageDebugResources/values-fi/values-fi.xml:1200:4: Multiple substitutions specified in non-positional format of string resource string/snd_group_event_changed_member_role. Did you mean to add the formatted="false" attribute?
/Users/forkman03/project/nome/simplex-chat/apps/multiplatform/common/build/intermediates/packaged_res/debug/packageDebugResources/values-ar/values-ar.xml:1397:4: Multiple substitutions specified in non-positional format of string resource string/mtr_error_different. Did you mean to add the formatted="false" attribute?
/Users/forkman03/project/nome/simplex-chat/apps/multiplatform/common/build/intermediates/packaged_res/debug/packageDebugResources/values-fi/values-fi.xml:1268:4: Multiple substitutions specified in non-positional format of string resource string/total_files_count_and_size. Did you mean to add the formatted="false" attribute?
/Users/forkman03/project/nome/simplex-chat/apps/multiplatform/common/build/intermediates/packaged_res/debug/packageDebugResources/values-tr/values-tr.xml:782:4: Multiple substitutions specified in non-positional format of string resource string/feature_offered_item_with_param. Did you mean to add the formatted="false" attribute?
/Users/forkman03/project/nome/simplex-chat/apps/multiplatform/common/build/intermediates/packaged_res/debug/packageDebugResources/values-tr/values-tr.xml:877:4: Multiple substitutions specified in non-positional format of string resource string/group_members_2. Did you mean to add the formatted="false" attribute?
/Users/forkman03/project/nome/simplex-chat/apps/multiplatform/common/build/intermediates/packaged_res/debug/packageDebugResources/values-tr/values-tr.xml:886:4: Multiple substitutions specified in non-positional format of string resource string/group_members_n. Did you mean to add the formatted="false" attribute?
/Users/forkman03/project/nome/simplex-chat/apps/multiplatform/common/build/intermediates/packaged_res/debug/packageDebugResources/values-ru/values-ru.xml:109:4: Multiple substitutions specified in non-positional format of string resource string/app_check_for_updates_button_download. Did you mean to add the formatted="false" attribute?
/Users/forkman03/project/nome/simplex-chat/apps/multiplatform/common/build/intermediates/packaged_res/debug/packageDebugResources/values-de/values-de.xml:1398:4: Multiple substitutions specified in non-positional format of string resource string/mtr_error_different. Did you mean to add the formatted="false" attribute?
/Users/forkman03/project/nome/simplex-chat/apps/multiplatform/common/build/intermediates/packaged_res/debug/packageDebugResources/values-ar/values-ar.xml:1798:4: Multiple substitutions specified in non-positional format of string resource string/rcv_group_event_2_members_connected. Did you mean to add the formatted="false" attribute?
/Users/forkman03/project/nome/simplex-chat/apps/multiplatform/common/build/intermediates/packaged_res/debug/packageDebugResources/values-ro/values-ro.xml:1242:4: Multiple substitutions specified in non-positional format of string resource string/mtr_error_different. Did you mean to add the formatted="false" attribute?
/Users/forkman03/project/nome/simplex-chat/apps/multiplatform/common/build/intermediates/packaged_res/debug/packageDebugResources/values-ar/values-ar.xml:1799:4: Multiple substitutions specified in non-positional format of string resource string/rcv_group_event_3_members_connected. Did you mean to add the formatted="false" attribute?
/Users/forkman03/project/nome/simplex-chat/apps/multiplatform/common/build/intermediates/packaged_res/debug/packageDebugResources/values-ar/values-ar.xml:1800:4: Multiple substitutions specified in non-positional format of string resource string/rcv_group_event_changed_member_role. Did you mean to add the formatted="false" attribute?
/Users/forkman03/project/nome/simplex-chat/apps/multiplatform/common/build/intermediates/packaged_res/debug/packageDebugResources/values-ar/values-ar.xml:1812:4: Multiple substitutions specified in non-positional format of string resource string/rcv_group_event_n_members_connected. Did you mean to add the formatted="false" attribute?
/Users/forkman03/project/nome/simplex-chat/apps/multiplatform/common/build/intermediates/packaged_res/debug/packageDebugResources/values-ru/values-ru.xml:553:4: Multiple substitutions specified in non-positional format of string resource string/core_simplexmq_version. Did you mean to add the formatted="false" attribute?
/Users/forkman03/project/nome/simplex-chat/apps/multiplatform/common/build/intermediates/packaged_res/debug/packageDebugResources/values-ar/values-ar.xml:1851:4: Multiple substitutions specified in non-positional format of string resource string/recipient_colon_delivery_status. Did you mean to add the formatted="false" attribute?
/Users/forkman03/project/nome/simplex-chat/apps/multiplatform/common/build/intermediates/packaged_res/debug/packageDebugResources/values-de/values-de.xml:1799:4: Multiple substitutions specified in non-positional format of string resource string/rcv_group_event_2_members_connected. Did you mean to add the formatted="false" attribute?
/Users/forkman03/project/nome/simplex-chat/apps/multiplatform/common/build/intermediates/packaged_res/debug/packageDebugResources/values-de/values-de.xml:1800:4: Multiple substitutions specified in non-positional format of string resource string/rcv_group_event_3_members_connected. Did you mean to add the formatted="false" attribute?
/Users/forkman03/project/nome/simplex-chat/apps/multiplatform/common/build/intermediates/packaged_res/debug/packageDebugResources/values-ar/values-ar.xml:1917:4: Multiple substitutions specified in non-positional format of string resource string/remote_host_disconnected_from. Did you mean to add the formatted="false" attribute?
/Users/forkman03/project/nome/simplex-chat/apps/multiplatform/common/build/intermediates/packaged_res/debug/packageDebugResources/values-de/values-de.xml:1801:4: Multiple substitutions specified in non-positional format of string resource string/rcv_group_event_changed_member_role. Did you mean to add the formatted="false" attribute?
/Users/forkman03/project/nome/simplex-chat/apps/multiplatform/common/build/intermediates/packaged_res/debug/packageDebugResources/values-de/values-de.xml:1813:4: Multiple substitutions specified in non-positional format of string resource string/rcv_group_event_n_members_connected. Did you mean to add the formatted="false" attribute?
/Users/forkman03/project/nome/simplex-chat/apps/multiplatform/common/build/intermediates/packaged_res/debug/packageDebugResources/values-vi/values-vi.xml:95:4: Multiple substitutions specified in non-positional format of string resource string/app_check_for_updates_button_download. Did you mean to add the formatted="false" attribute?
/Users/forkman03/project/nome/simplex-chat/apps/multiplatform/common/build/intermediates/packaged_res/debug/packageDebugResources/values-de/values-de.xml:1852:4: Multiple substitutions specified in non-positional format of string resource string/recipient_colon_delivery_status. Did you mean to add the formatted="false" attribute?
/Users/forkman03/project/nome/simplex-chat/apps/multiplatform/common/build/intermediates/packaged_res/debug/packageDebugResources/values-ar/values-ar.xml:2050:4: Multiple substitutions specified in non-positional format of string resource string/sender_at_ts. Did you mean to add the formatted="false" attribute?
/Users/forkman03/project/nome/simplex-chat/apps/multiplatform/common/build/intermediates/packaged_res/debug/packageDebugResources/values-de/values-de.xml:1918:4: Multiple substitutions specified in non-positional format of string resource string/remote_host_disconnected_from. Did you mean to add the formatted="false" attribute?
/Users/forkman03/project/nome/simplex-chat/apps/multiplatform/common/build/intermediates/packaged_res/debug/packageDebugResources/values-de/values-de.xml:2051:4: Multiple substitutions specified in non-positional format of string resource string/sender_at_ts. Did you mean to add the formatted="false" attribute?
/Users/forkman03/project/nome/simplex-chat/apps/multiplatform/common/build/intermediates/packaged_res/debug/packageDebugResources/values-ro/values-ro.xml:1598:4: Multiple substitutions specified in non-positional format of string resource string/rcv_group_event_2_members_connected. Did you mean to add the formatted="false" attribute?
/Users/forkman03/project/nome/simplex-chat/apps/multiplatform/common/build/intermediates/packaged_res/debug/packageDebugResources/values-ro/values-ro.xml:1599:4: Multiple substitutions specified in non-positional format of string resource string/rcv_group_event_3_members_connected. Did you mean to add the formatted="false" attribute?
/Users/forkman03/project/nome/simplex-chat/apps/multiplatform/common/build/intermediates/packaged_res/debug/packageDebugResources/values-ru/values-ru.xml:892:4: Multiple substitutions specified in non-positional format of string resource string/feature_offered_item_with_param. Did you mean to add the formatted="false" attribute?
/Users/forkman03/project/nome/simplex-chat/apps/multiplatform/common/build/intermediates/packaged_res/debug/packageDebugResources/values-tr/values-tr.xml:1237:4: Multiple substitutions specified in non-positional format of string resource string/mtr_error_different. Did you mean to add the formatted="false" attribute?
/Users/forkman03/project/nome/simplex-chat/apps/multiplatform/common/build/intermediates/packaged_res/debug/packageDebugResources/values-ro/values-ro.xml:1600:4: Multiple substitutions specified in non-positional format of string resource string/rcv_group_event_changed_member_role. Did you mean to add the formatted="false" attribute?
/Users/forkman03/project/nome/simplex-chat/apps/multiplatform/common/build/intermediates/packaged_res/debug/packageDebugResources/values-de/values-de.xml:2284:4: Multiple substitutions specified in non-positional format of string resource string/snd_group_event_changed_member_role. Did you mean to add the formatted="false" attribute?
/Users/forkman03/project/nome/simplex-chat/apps/multiplatform/common/build/intermediates/packaged_res/debug/packageDebugResources/values-ru/values-ru.xml:991:4: Multiple substitutions specified in non-positional format of string resource string/group_members_2. Did you mean to add the formatted="false" attribute?
/Users/forkman03/project/nome/simplex-chat/apps/multiplatform/common/build/intermediates/packaged_res/debug/packageDebugResources/values-ro/values-ro.xml:1612:4: Multiple substitutions specified in non-positional format of string resource string/rcv_group_event_n_members_connected. Did you mean to add the formatted="false" attribute?
/Users/forkman03/project/nome/simplex-chat/apps/multiplatform/common/build/intermediates/packaged_res/debug/packageDebugResources/values-ru/values-ru.xml:1008:4: Multiple substitutions specified in non-positional format of string resource string/group_members_n. Did you mean to add the formatted="false" attribute?
/Users/forkman03/project/nome/simplex-chat/apps/multiplatform/common/build/intermediates/packaged_res/debug/packageDebugResources/values-ar/values-ar.xml:2283:4: Multiple substitutions specified in non-positional format of string resource string/snd_group_event_changed_member_role. Did you mean to add the formatted="false" attribute?
/Users/forkman03/project/nome/simplex-chat/apps/multiplatform/common/build/intermediates/packaged_res/debug/packageDebugResources/values-ro/values-ro.xml:1647:4: Multiple substitutions specified in non-positional format of string resource string/recipient_colon_delivery_status. Did you mean to add the formatted="false" attribute?
/Users/forkman03/project/nome/simplex-chat/apps/multiplatform/common/build/intermediates/packaged_res/debug/packageDebugResources/values-de/values-de.xml:2389:4: Multiple substitutions specified in non-positional format of string resource string/total_files_count_and_size. Did you mean to add the formatted="false" attribute?
/Users/forkman03/project/nome/simplex-chat/apps/multiplatform/common/build/intermediates/packaged_res/debug/packageDebugResources/values-ro/values-ro.xml:1669:4: Multiple substitutions specified in non-positional format of string resource string/remote_host_disconnected_from. Did you mean to add the formatted="false" attribute?
/Users/forkman03/project/nome/simplex-chat/apps/multiplatform/common/build/intermediates/packaged_res/debug/packageDebugResources/values-vi/values-vi.xml:442:4: Multiple substitutions specified in non-positional format of string resource string/core_simplexmq_version. Did you mean to add the formatted="false" attribute?
/Users/forkman03/project/nome/simplex-chat/apps/multiplatform/common/build/intermediates/packaged_res/debug/packageDebugResources/values-ar/values-ar.xml:2388:4: Multiple substitutions specified in non-positional format of string resource string/total_files_count_and_size. Did you mean to add the formatted="false" attribute?
/Users/forkman03/project/nome/simplex-chat/apps/multiplatform/common/build/intermediates/packaged_res/debug/packageDebugResources/values-ro/values-ro.xml:1798:4: Multiple substitutions specified in non-positional format of string resource string/sender_at_ts. Did you mean to add the formatted="false" attribute?
/Users/forkman03/project/nome/simplex-chat/apps/multiplatform/common/build/intermediates/packaged_res/debug/packageDebugResources/values-ro/values-ro.xml:2024:4: Multiple substitutions specified in non-positional format of string resource string/snd_group_event_changed_member_role. Did you mean to add the formatted="false" attribute?
/Users/forkman03/project/nome/simplex-chat/apps/multiplatform/common/build/intermediates/packaged_res/debug/packageDebugResources/values-ro/values-ro.xml:2123:4: Multiple substitutions specified in non-positional format of string resource string/total_files_count_and_size. Did you mean to add the formatted="false" attribute?
/Users/forkman03/project/nome/simplex-chat/apps/multiplatform/common/build/intermediates/packaged_res/debug/packageDebugResources/values-vi/values-vi.xml:746:4: Multiple substitutions specified in non-positional format of string resource string/feature_offered_item_with_param. Did you mean to add the formatted="false" attribute?
/Users/forkman03/project/nome/simplex-chat/apps/multiplatform/common/build/intermediates/packaged_res/debug/packageDebugResources/values-vi/values-vi.xml:840:4: Multiple substitutions specified in non-positional format of string resource string/group_members_2. Did you mean to add the formatted="false" attribute?
/Users/forkman03/project/nome/simplex-chat/apps/multiplatform/common/build/intermediates/packaged_res/debug/packageDebugResources/values-vi/values-vi.xml:849:4: Multiple substitutions specified in non-positional format of string resource string/group_members_n. Did you mean to add the formatted="false" attribute?
/Users/forkman03/project/nome/simplex-chat/apps/multiplatform/common/build/intermediates/packaged_res/debug/packageDebugResources/values-cs/values-cs.xml:109:4: Multiple substitutions specified in non-positional format of string resource string/app_check_for_updates_button_download. Did you mean to add the formatted="false" attribute?
/Users/forkman03/project/nome/simplex-chat/apps/multiplatform/common/build/intermediates/packaged_res/debug/packageDebugResources/values-ru/values-ru.xml:1382:4: Multiple substitutions specified in non-positional format of string resource string/mtr_error_different. Did you mean to add the formatted="false" attribute?
/Users/forkman03/project/nome/simplex-chat/apps/multiplatform/common/build/intermediates/packaged_res/debug/packageDebugResources/values-vi/values-vi.xml:1196:4: Multiple substitutions specified in non-positional format of string resource string/mtr_error_different. Did you mean to add the formatted="false" attribute?
/Users/forkman03/project/nome/simplex-chat/apps/multiplatform/common/build/intermediates/packaged_res/debug/packageDebugResources/values-tr/values-tr.xml:1588:4: Multiple substitutions specified in non-positional format of string resource string/rcv_group_event_2_members_connected. Did you mean to add the formatted="false" attribute?
/Users/forkman03/project/nome/simplex-chat/apps/multiplatform/common/build/intermediates/packaged_res/debug/packageDebugResources/values-cs/values-cs.xml:556:4: Multiple substitutions specified in non-positional format of string resource string/core_simplexmq_version. Did you mean to add the formatted="false" attribute?
/Users/forkman03/project/nome/simplex-chat/apps/multiplatform/common/build/intermediates/packaged_res/debug/packageDebugResources/values-tr/values-tr.xml:1589:4: Multiple substitutions specified in non-positional format of string resource string/rcv_group_event_3_members_connected. Did you mean to add the formatted="false" attribute?
/Users/forkman03/project/nome/simplex-chat/apps/multiplatform/common/build/intermediates/packaged_res/debug/packageDebugResources/values-tr/values-tr.xml:1590:4: Multiple substitutions specified in non-positional format of string resource string/rcv_group_event_changed_member_role. Did you mean to add the formatted="false" attribute?
/Users/forkman03/project/nome/simplex-chat/apps/multiplatform/common/build/intermediates/packaged_res/debug/packageDebugResources/values-tr/values-tr.xml:1602:4: Multiple substitutions specified in non-positional format of string resource string/rcv_group_event_n_members_connected. Did you mean to add the formatted="false" attribute?
/Users/forkman03/project/nome/simplex-chat/apps/multiplatform/common/build/intermediates/packaged_res/debug/packageDebugResources/values-tr/values-tr.xml:1637:4: Multiple substitutions specified in non-positional format of string resource string/recipient_colon_delivery_status. Did you mean to add the formatted="false" attribute?
/Users/forkman03/project/nome/simplex-chat/apps/multiplatform/common/build/intermediates/packaged_res/debug/packageDebugResources/values-tr/values-tr.xml:1659:4: Multiple substitutions specified in non-positional format of string resource string/remote_host_disconnected_from. Did you mean to add the formatted="false" attribute?
/Users/forkman03/project/nome/simplex-chat/apps/multiplatform/common/build/intermediates/packaged_res/debug/packageDebugResources/values-vi/values-vi.xml:1539:4: Multiple substitutions specified in non-positional format of string resource string/rcv_group_event_2_members_connected. Did you mean to add the formatted="false" attribute?
/Users/forkman03/project/nome/simplex-chat/apps/multiplatform/common/build/intermediates/packaged_res/debug/packageDebugResources/values-vi/values-vi.xml:1540:4: Multiple substitutions specified in non-positional format of string resource string/rcv_group_event_3_members_connected. Did you mean to add the formatted="false" attribute?
/Users/forkman03/project/nome/simplex-chat/apps/multiplatform/common/build/intermediates/packaged_res/debug/packageDebugResources/values-vi/values-vi.xml:1541:4: Multiple substitutions specified in non-positional format of string resource string/rcv_group_event_changed_member_role. Did you mean to add the formatted="false" attribute?
/Users/forkman03/project/nome/simplex-chat/apps/multiplatform/common/build/intermediates/packaged_res/debug/packageDebugResources/values-vi/values-vi.xml:1553:4: Multiple substitutions specified in non-positional format of string resource string/rcv_group_event_n_members_connected. Did you mean to add the formatted="false" attribute?
/Users/forkman03/project/nome/simplex-chat/apps/multiplatform/common/build/intermediates/packaged_res/debug/packageDebugResources/values-tr/values-tr.xml:1787:4: Multiple substitutions specified in non-positional format of string resource string/sender_at_ts. Did you mean to add the formatted="false" attribute?
/Users/forkman03/project/nome/simplex-chat/apps/multiplatform/common/build/intermediates/packaged_res/debug/packageDebugResources/values-vi/values-vi.xml:1588:4: Multiple substitutions specified in non-positional format of string resource string/recipient_colon_delivery_status. Did you mean to add the formatted="false" attribute?
/Users/forkman03/project/nome/simplex-chat/apps/multiplatform/common/build/intermediates/packaged_res/debug/packageDebugResources/values-vi/values-vi.xml:1609:4: Multiple substitutions specified in non-positional format of string resource string/remote_host_disconnected_from. Did you mean to add the formatted="false" attribute?
/Users/forkman03/project/nome/simplex-chat/apps/multiplatform/common/build/intermediates/packaged_res/debug/packageDebugResources/values-vi/values-vi.xml:1737:4: Multiple substitutions specified in non-positional format of string resource string/sender_at_ts. Did you mean to add the formatted="false" attribute?
/Users/forkman03/project/nome/simplex-chat/apps/multiplatform/common/build/intermediates/packaged_res/debug/packageDebugResources/values-tr/values-tr.xml:2010:4: Multiple substitutions specified in non-positional format of string resource string/snd_group_event_changed_member_role. Did you mean to add the formatted="false" attribute?
/Users/forkman03/project/nome/simplex-chat/apps/multiplatform/common/build/intermediates/packaged_res/debug/packageDebugResources/values-tr/values-tr.xml:2108:4: Multiple substitutions specified in non-positional format of string resource string/total_files_count_and_size. Did you mean to add the formatted="false" attribute?
/Users/forkman03/project/nome/simplex-chat/apps/multiplatform/common/build/intermediates/packaged_res/debug/packageDebugResources/values-vi/values-vi.xml:1951:4: Multiple substitutions specified in non-positional format of string resource string/snd_group_event_changed_member_role. Did you mean to add the formatted="false" attribute?
/Users/forkman03/project/nome/simplex-chat/apps/multiplatform/common/build/intermediates/packaged_res/debug/packageDebugResources/values-vi/values-vi.xml:2047:4: Multiple substitutions specified in non-positional format of string resource string/total_files_count_and_size. Did you mean to add the formatted="false" attribute?
/Users/forkman03/project/nome/simplex-chat/apps/multiplatform/common/build/intermediates/packaged_res/debug/packageDebugResources/values-cs/values-cs.xml:895:4: Multiple substitutions specified in non-positional format of string resource string/feature_offered_item_with_param. Did you mean to add the formatted="false" attribute?
/Users/forkman03/project/nome/simplex-chat/apps/multiplatform/common/build/intermediates/packaged_res/debug/packageDebugResources/values-cs/values-cs.xml:995:4: Multiple substitutions specified in non-positional format of string resource string/group_members_2. Did you mean to add the formatted="false" attribute?
/Users/forkman03/project/nome/simplex-chat/apps/multiplatform/common/build/intermediates/packaged_res/debug/packageDebugResources/values-cs/values-cs.xml:1012:4: Multiple substitutions specified in non-positional format of string resource string/group_members_n. Did you mean to add the formatted="false" attribute?
/Users/forkman03/project/nome/simplex-chat/apps/multiplatform/common/build/intermediates/packaged_res/debug/packageDebugResources/values-cs/values-cs.xml:1385:4: Multiple substitutions specified in non-positional format of string resource string/mtr_error_different. Did you mean to add the formatted="false" attribute?
/Users/forkman03/project/nome/simplex-chat/apps/multiplatform/common/build/intermediates/packaged_res/debug/packageDebugResources/values-ru/values-ru.xml:1780:4: Multiple substitutions specified in non-positional format of string resource string/rcv_group_event_2_members_connected. Did you mean to add the formatted="false" attribute?
/Users/forkman03/project/nome/simplex-chat/apps/multiplatform/common/build/intermediates/packaged_res/debug/packageDebugResources/values-ru/values-ru.xml:1781:4: Multiple substitutions specified in non-positional format of string resource string/rcv_group_event_3_members_connected. Did you mean to add the formatted="false" attribute?
/Users/forkman03/project/nome/simplex-chat/apps/multiplatform/common/build/intermediates/packaged_res/debug/packageDebugResources/values-ru/values-ru.xml:1782:4: Multiple substitutions specified in non-positional format of string resource string/rcv_group_event_changed_member_role. Did you mean to add the formatted="false" attribute?
/Users/forkman03/project/nome/simplex-chat/apps/multiplatform/common/build/intermediates/packaged_res/debug/packageDebugResources/values-ru/values-ru.xml:1794:4: Multiple substitutions specified in non-positional format of string resource string/rcv_group_event_n_members_connected. Did you mean to add the formatted="false" attribute?
/Users/forkman03/project/nome/simplex-chat/apps/multiplatform/common/build/intermediates/packaged_res/debug/packageDebugResources/values-ru/values-ru.xml:1833:4: Multiple substitutions specified in non-positional format of string resource string/recipient_colon_delivery_status. Did you mean to add the formatted="false" attribute?
/Users/forkman03/project/nome/simplex-chat/apps/multiplatform/common/build/intermediates/packaged_res/debug/packageDebugResources/values-ru/values-ru.xml:1894:4: Multiple substitutions specified in non-positional format of string resource string/remote_host_disconnected_from. Did you mean to add the formatted="false" attribute?
/Users/forkman03/project/nome/simplex-chat/apps/multiplatform/common/build/intermediates/packaged_res/debug/packageDebugResources/values-ru/values-ru.xml:2026:4: Multiple substitutions specified in non-positional format of string resource string/sender_at_ts. Did you mean to add the formatted="false" attribute?
/Users/forkman03/project/nome/simplex-chat/apps/multiplatform/common/build/intermediates/packaged_res/debug/packageDebugResources/values-cs/values-cs.xml:1775:4: Multiple substitutions specified in non-positional format of string resource string/rcv_group_event_2_members_connected. Did you mean to add the formatted="false" attribute?
/Users/forkman03/project/nome/simplex-chat/apps/multiplatform/common/build/intermediates/packaged_res/debug/packageDebugResources/values-cs/values-cs.xml:1776:4: Multiple substitutions specified in non-positional format of string resource string/rcv_group_event_3_members_connected. Did you mean to add the formatted="false" attribute?
/Users/forkman03/project/nome/simplex-chat/apps/multiplatform/common/build/intermediates/packaged_res/debug/packageDebugResources/values-cs/values-cs.xml:1777:4: Multiple substitutions specified in non-positional format of string resource string/rcv_group_event_changed_member_role. Did you mean to add the formatted="false" attribute?
/Users/forkman03/project/nome/simplex-chat/apps/multiplatform/common/build/intermediates/packaged_res/debug/packageDebugResources/values-cs/values-cs.xml:1789:4: Multiple substitutions specified in non-positional format of string resource string/rcv_group_event_n_members_connected. Did you mean to add the formatted="false" attribute?
/Users/forkman03/project/nome/simplex-chat/apps/multiplatform/common/build/intermediates/packaged_res/debug/packageDebugResources/values-cs/values-cs.xml:1827:4: Multiple substitutions specified in non-positional format of string resource string/recipient_colon_delivery_status. Did you mean to add the formatted="false" attribute?
/Users/forkman03/project/nome/simplex-chat/apps/multiplatform/common/build/intermediates/packaged_res/debug/packageDebugResources/values-ru/values-ru.xml:2259:4: Multiple substitutions specified in non-positional format of string resource string/snd_group_event_changed_member_role. Did you mean to add the formatted="false" attribute?
/Users/forkman03/project/nome/simplex-chat/apps/multiplatform/common/build/intermediates/packaged_res/debug/packageDebugResources/values-cs/values-cs.xml:1886:4: Multiple substitutions specified in non-positional format of string resource string/remote_host_disconnected_from. Did you mean to add the formatted="false" attribute?
/Users/forkman03/project/nome/simplex-chat/apps/multiplatform/common/build/intermediates/packaged_res/debug/packageDebugResources/values-ru/values-ru.xml:2364:4: Multiple substitutions specified in non-positional format of string resource string/total_files_count_and_size. Did you mean to add the formatted="false" attribute?
/Users/forkman03/project/nome/simplex-chat/apps/multiplatform/common/build/intermediates/packaged_res/debug/packageDebugResources/values-cs/values-cs.xml:2019:4: Multiple substitutions specified in non-positional format of string resource string/sender_at_ts. Did you mean to add the formatted="false" attribute?
/Users/forkman03/project/nome/simplex-chat/apps/multiplatform/common/build/intermediates/packaged_res/debug/packageDebugResources/values-ml/values-ml.xml:277:4: Multiple substitutions specified in non-positional format of string resource string/rcv_group_event_changed_member_role. Did you mean to add the formatted="false" attribute?
/Users/forkman03/project/nome/simplex-chat/apps/multiplatform/common/build/intermediates/packaged_res/debug/packageDebugResources/values-ml/values-ml.xml:352:4: Multiple substitutions specified in non-positional format of string resource string/snd_group_event_changed_member_role. Did you mean to add the formatted="false" attribute?
/Users/forkman03/project/nome/simplex-chat/apps/multiplatform/common/build/intermediates/packaged_res/debug/packageDebugResources/values-es/values-es.xml:109:4: Multiple substitutions specified in non-positional format of string resource string/app_check_for_updates_button_download. Did you mean to add the formatted="false" attribute?
/Users/forkman03/project/nome/simplex-chat/apps/multiplatform/common/build/intermediates/packaged_res/debug/packageDebugResources/values-th/values-th.xml:226:4: Multiple substitutions specified in non-positional format of string resource string/core_simplexmq_version. Did you mean to add the formatted="false" attribute?
/Users/forkman03/project/nome/simplex-chat/apps/multiplatform/common/build/intermediates/packaged_res/debug/packageDebugResources/values-cs/values-cs.xml:2252:4: Multiple substitutions specified in non-positional format of string resource string/snd_group_event_changed_member_role. Did you mean to add the formatted="false" attribute?
/Users/forkman03/project/nome/simplex-chat/apps/multiplatform/common/build/intermediates/packaged_res/debug/packageDebugResources/values-zh-rTW/values-zh-rTW.xml:92:4: Multiple substitutions specified in non-positional format of string resource string/app_check_for_updates_button_download. Did you mean to add the formatted="false" attribute?
/Users/forkman03/project/nome/simplex-chat/apps/multiplatform/common/build/intermediates/packaged_res/debug/packageDebugResources/values-cs/values-cs.xml:2357:4: Multiple substitutions specified in non-positional format of string resource string/total_files_count_and_size. Did you mean to add the formatted="false" attribute?
/Users/forkman03/project/nome/simplex-chat/apps/multiplatform/common/build/intermediates/packaged_res/debug/packageDebugResources/values-th/values-th.xml:420:4: Multiple substitutions specified in non-positional format of string resource string/feature_offered_item_with_param. Did you mean to add the formatted="false" attribute?
/Users/forkman03/project/nome/simplex-chat/apps/multiplatform/common/build/intermediates/packaged_res/debug/packageDebugResources/values-bg/values-bg.xml:99:4: Multiple substitutions specified in non-positional format of string resource string/app_check_for_updates_button_download. Did you mean to add the formatted="false" attribute?
/Users/forkman03/project/nome/simplex-chat/apps/multiplatform/common/build/intermediates/packaged_res/debug/packageDebugResources/values-es/values-es.xml:561:4: Multiple substitutions specified in non-positional format of string resource string/core_simplexmq_version. Did you mean to add the formatted="false" attribute?
/Users/forkman03/project/nome/simplex-chat/apps/multiplatform/common/build/intermediates/packaged_res/debug/packageDebugResources/values-th/values-th.xml:689:4: Multiple substitutions specified in non-positional format of string resource string/mtr_error_different. Did you mean to add the formatted="false" attribute?
/Users/forkman03/project/nome/simplex-chat/apps/multiplatform/common/build/intermediates/packaged_res/debug/packageDebugResources/values-es/values-es.xml:902:4: Multiple substitutions specified in non-positional format of string resource string/feature_offered_item_with_param. Did you mean to add the formatted="false" attribute?
/Users/forkman03/project/nome/simplex-chat/apps/multiplatform/common/build/intermediates/packaged_res/debug/packageDebugResources/values-es/values-es.xml:1002:4: Multiple substitutions specified in non-positional format of string resource string/group_members_2. Did you mean to add the formatted="false" attribute?
/Users/forkman03/project/nome/simplex-chat/apps/multiplatform/common/build/intermediates/packaged_res/debug/packageDebugResources/values-es/values-es.xml:1019:4: Multiple substitutions specified in non-positional format of string resource string/group_members_n. Did you mean to add the formatted="false" attribute?
/Users/forkman03/project/nome/simplex-chat/apps/multiplatform/common/build/intermediates/packaged_res/debug/packageDebugResources/values-th/values-th.xml:832:4: Multiple substitutions specified in non-positional format of string resource string/rcv_group_event_changed_member_role. Did you mean to add the formatted="false" attribute?
/Users/forkman03/project/nome/simplex-chat/apps/multiplatform/common/build/intermediates/packaged_res/debug/packageDebugResources/values-th/values-th.xml:867:4: Multiple substitutions specified in non-positional format of string resource string/recipient_colon_delivery_status. Did you mean to add the formatted="false" attribute?
/Users/forkman03/project/nome/simplex-chat/apps/multiplatform/common/build/intermediates/packaged_res/debug/packageDebugResources/values-bg/values-bg.xml:476:4: Multiple substitutions specified in non-positional format of string resource string/core_simplexmq_version. Did you mean to add the formatted="false" attribute?
/Users/forkman03/project/nome/simplex-chat/apps/multiplatform/common/build/intermediates/packaged_res/debug/packageDebugResources/values-zh-rTW/values-zh-rTW.xml:426:4: Multiple substitutions specified in non-positional format of string resource string/core_simplexmq_version. Did you mean to add the formatted="false" attribute?
/Users/forkman03/project/nome/simplex-chat/apps/multiplatform/common/build/intermediates/packaged_res/debug/packageDebugResources/values-th/values-th.xml:937:4: Multiple substitutions specified in non-positional format of string resource string/sender_at_ts. Did you mean to add the formatted="false" attribute?
/Users/forkman03/project/nome/simplex-chat/apps/multiplatform/common/build/intermediates/packaged_res/debug/packageDebugResources/values-th/values-th.xml:1056:4: Multiple substitutions specified in non-positional format of string resource string/snd_group_event_changed_member_role. Did you mean to add the formatted="false" attribute?
/Users/forkman03/project/nome/simplex-chat/apps/multiplatform/common/build/intermediates/packaged_res/debug/packageDebugResources/values-th/values-th.xml:1113:4: Multiple substitutions specified in non-positional format of string resource string/total_files_count_and_size. Did you mean to add the formatted="false" attribute?
/Users/forkman03/project/nome/simplex-chat/apps/multiplatform/common/build/intermediates/packaged_res/debug/packageDebugResources/values-es/values-es.xml:1394:4: Multiple substitutions specified in non-positional format of string resource string/mtr_error_different. Did you mean to add the formatted="false" attribute?
/Users/forkman03/project/nome/simplex-chat/apps/multiplatform/common/build/intermediates/packaged_res/debug/packageDebugResources/values-zh-rTW/values-zh-rTW.xml:708:4: Multiple substitutions specified in non-positional format of string resource string/feature_offered_item_with_param. Did you mean to add the formatted="false" attribute?
/Users/forkman03/project/nome/simplex-chat/apps/multiplatform/common/build/intermediates/packaged_res/debug/packageDebugResources/values-zh-rTW/values-zh-rTW.xml:796:4: Multiple substitutions specified in non-positional format of string resource string/group_members_2. Did you mean to add the formatted="false" attribute?
/Users/forkman03/project/nome/simplex-chat/apps/multiplatform/common/build/intermediates/packaged_res/debug/packageDebugResources/values-zh-rTW/values-zh-rTW.xml:804:4: Multiple substitutions specified in non-positional format of string resource string/group_members_n. Did you mean to add the formatted="false" attribute?
/Users/forkman03/project/nome/simplex-chat/apps/multiplatform/common/build/intermediates/packaged_res/debug/packageDebugResources/values-es/values-es.xml:1795:4: Multiple substitutions specified in non-positional format of string resource string/rcv_group_event_2_members_connected. Did you mean to add the formatted="false" attribute?
/Users/forkman03/project/nome/simplex-chat/apps/multiplatform/common/build/intermediates/packaged_res/debug/packageDebugResources/values-es/values-es.xml:1796:4: Multiple substitutions specified in non-positional format of string resource string/rcv_group_event_3_members_connected. Did you mean to add the formatted="false" attribute?
/Users/forkman03/project/nome/simplex-chat/apps/multiplatform/common/build/intermediates/packaged_res/debug/packageDebugResources/values-es/values-es.xml:1797:4: Multiple substitutions specified in non-positional format of string resource string/rcv_group_event_changed_member_role. Did you mean to add the formatted="false" attribute?
/Users/forkman03/project/nome/simplex-chat/apps/multiplatform/common/build/intermediates/packaged_res/debug/packageDebugResources/values-es/values-es.xml:1809:4: Multiple substitutions specified in non-positional format of string resource string/rcv_group_event_n_members_connected. Did you mean to add the formatted="false" attribute?
/Users/forkman03/project/nome/simplex-chat/apps/multiplatform/common/build/intermediates/packaged_res/debug/packageDebugResources/values-es/values-es.xml:1848:4: Multiple substitutions specified in non-positional format of string resource string/recipient_colon_delivery_status. Did you mean to add the formatted="false" attribute?
/Users/forkman03/project/nome/simplex-chat/apps/multiplatform/common/build/intermediates/packaged_res/debug/packageDebugResources/values-es/values-es.xml:1913:4: Multiple substitutions specified in non-positional format of string resource string/remote_host_disconnected_from. Did you mean to add the formatted="false" attribute?
/Users/forkman03/project/nome/simplex-chat/apps/multiplatform/common/build/intermediates/packaged_res/debug/packageDebugResources/values-bg/values-bg.xml:787:4: Multiple substitutions specified in non-positional format of string resource string/feature_offered_item_with_param. Did you mean to add the formatted="false" attribute?
/Users/forkman03/project/nome/simplex-chat/apps/multiplatform/common/build/intermediates/packaged_res/debug/packageDebugResources/values-zh-rTW/values-zh-rTW.xml:1134:4: Multiple substitutions specified in non-positional format of string resource string/mtr_error_different. Did you mean to add the formatted="false" attribute?
/Users/forkman03/project/nome/simplex-chat/apps/multiplatform/common/build/intermediates/packaged_res/debug/packageDebugResources/values-es/values-es.xml:2046:4: Multiple substitutions specified in non-positional format of string resource string/sender_at_ts. Did you mean to add the formatted="false" attribute?
/Users/forkman03/project/nome/simplex-chat/apps/multiplatform/common/build/intermediates/packaged_res/debug/packageDebugResources/values-zh-rTW/values-zh-rTW.xml:1429:4: Multiple substitutions specified in non-positional format of string resource string/rcv_group_event_changed_member_role. Did you mean to add the formatted="false" attribute?
/Users/forkman03/project/nome/simplex-chat/apps/multiplatform/common/build/intermediates/packaged_res/debug/packageDebugResources/values-zh-rTW/values-zh-rTW.xml:1466:4: Multiple substitutions specified in non-positional format of string resource string/recipient_colon_delivery_status. Did you mean to add the formatted="false" attribute?
/Users/forkman03/project/nome/simplex-chat/apps/multiplatform/common/build/intermediates/packaged_res/debug/packageDebugResources/values-bg/values-bg.xml:883:4: Multiple substitutions specified in non-positional format of string resource string/group_members_2. Did you mean to add the formatted="false" attribute?
/Users/forkman03/project/nome/simplex-chat/apps/multiplatform/common/build/intermediates/packaged_res/debug/packageDebugResources/values-zh-rTW/values-zh-rTW.xml:1485:4: Multiple substitutions specified in non-positional format of string resource string/remote_host_disconnected_from. Did you mean to add the formatted="false" attribute?
/Users/forkman03/project/nome/simplex-chat/apps/multiplatform/common/build/intermediates/packaged_res/debug/packageDebugResources/values-es/values-es.xml:2279:4: Multiple substitutions specified in non-positional format of string resource string/snd_group_event_changed_member_role. Did you mean to add the formatted="false" attribute?
/Users/forkman03/project/nome/simplex-chat/apps/multiplatform/common/build/intermediates/packaged_res/debug/packageDebugResources/values-bg/values-bg.xml:892:4: Multiple substitutions specified in non-positional format of string resource string/group_members_n. Did you mean to add the formatted="false" attribute?
/Users/forkman03/project/nome/simplex-chat/apps/multiplatform/common/build/intermediates/packaged_res/debug/packageDebugResources/values-ku/values-ku.xml:35:4: Multiple substitutions specified in non-positional format of string resource string/app_check_for_updates_button_download. Did you mean to add the formatted="false" attribute?
/Users/forkman03/project/nome/simplex-chat/apps/multiplatform/common/build/intermediates/packaged_res/debug/packageDebugResources/values-zh-rTW/values-zh-rTW.xml:1592:4: Multiple substitutions specified in non-positional format of string resource string/sender_at_ts. Did you mean to add the formatted="false" attribute?
/Users/forkman03/project/nome/simplex-chat/apps/multiplatform/common/build/intermediates/packaged_res/debug/packageDebugResources/values-ku/values-ku.xml:174:4: Multiple substitutions specified in non-positional format of string resource string/core_simplexmq_version. Did you mean to add the formatted="false" attribute?
/Users/forkman03/project/nome/simplex-chat/apps/multiplatform/common/build/intermediates/packaged_res/debug/packageDebugResources/values-es/values-es.xml:2384:4: Multiple substitutions specified in non-positional format of string resource string/total_files_count_and_size. Did you mean to add the formatted="false" attribute?
/Users/forkman03/project/nome/simplex-chat/apps/multiplatform/common/build/intermediates/packaged_res/debug/packageDebugResources/values-ku/values-ku.xml:320:4: Multiple substitutions specified in non-positional format of string resource string/group_members_2. Did you mean to add the formatted="false" attribute?
/Users/forkman03/project/nome/simplex-chat/apps/multiplatform/common/build/intermediates/packaged_res/debug/packageDebugResources/values-ku/values-ku.xml:323:4: Multiple substitutions specified in non-positional format of string resource string/group_members_n. Did you mean to add the formatted="false" attribute?
/Users/forkman03/project/nome/simplex-chat/apps/multiplatform/common/build/intermediates/packaged_res/debug/packageDebugResources/values-ku/values-ku.xml:542:4: Multiple substitutions specified in non-positional format of string resource string/rcv_group_event_changed_member_role. Did you mean to add the formatted="false" attribute?
/Users/forkman03/project/nome/simplex-chat/apps/multiplatform/common/build/intermediates/packaged_res/debug/packageDebugResources/values-ku/values-ku.xml:554:4: Multiple substitutions specified in non-positional format of string resource string/recipient_colon_delivery_status. Did you mean to add the formatted="false" attribute?
/Users/forkman03/project/nome/simplex-chat/apps/multiplatform/common/build/intermediates/packaged_res/debug/packageDebugResources/values-zh-rTW/values-zh-rTW.xml:1792:4: Multiple substitutions specified in non-positional format of string resource string/snd_group_event_changed_member_role. Did you mean to add the formatted="false" attribute?
/Users/forkman03/project/nome/simplex-chat/apps/multiplatform/common/build/intermediates/packaged_res/debug/packageDebugResources/values-ku/values-ku.xml:745:4: Multiple substitutions specified in non-positional format of string resource string/total_files_count_and_size. Did you mean to add the formatted="false" attribute?
/Users/forkman03/project/nome/simplex-chat/apps/multiplatform/common/build/intermediates/packaged_res/debug/packageDebugResources/values-bg/values-bg.xml:1243:4: Multiple substitutions specified in non-positional format of string resource string/mtr_error_different. Did you mean to add the formatted="false" attribute?
/Users/forkman03/project/nome/simplex-chat/apps/multiplatform/common/build/intermediates/packaged_res/debug/packageDebugResources/values-zh-rTW/values-zh-rTW.xml:1873:4: Multiple substitutions specified in non-positional format of string resource string/total_files_count_and_size. Did you mean to add the formatted="false" attribute?
/Users/forkman03/project/nome/simplex-chat/apps/multiplatform/common/build/intermediates/packaged_res/debug/packageDebugResources/values-bg/values-bg.xml:1599:4: Multiple substitutions specified in non-positional format of string resource string/rcv_group_event_2_members_connected. Did you mean to add the formatted="false" attribute?
/Users/forkman03/project/nome/simplex-chat/apps/multiplatform/common/build/intermediates/packaged_res/debug/packageDebugResources/values-bg/values-bg.xml:1600:4: Multiple substitutions specified in non-positional format of string resource string/rcv_group_event_3_members_connected. Did you mean to add the formatted="false" attribute?
/Users/forkman03/project/nome/simplex-chat/apps/multiplatform/common/build/intermediates/packaged_res/debug/packageDebugResources/values-bg/values-bg.xml:1601:4: Multiple substitutions specified in non-positional format of string resource string/rcv_group_event_changed_member_role. Did you mean to add the formatted="false" attribute?
/Users/forkman03/project/nome/simplex-chat/apps/multiplatform/common/build/intermediates/packaged_res/debug/packageDebugResources/values-bg/values-bg.xml:1613:4: Multiple substitutions specified in non-positional format of string resource string/rcv_group_event_n_members_connected. Did you mean to add the formatted="false" attribute?
/Users/forkman03/project/nome/simplex-chat/apps/multiplatform/common/build/intermediates/packaged_res/debug/packageDebugResources/values-bg/values-bg.xml:1648:4: Multiple substitutions specified in non-positional format of string resource string/recipient_colon_delivery_status. Did you mean to add the formatted="false" attribute?
/Users/forkman03/project/nome/simplex-chat/apps/multiplatform/common/build/intermediates/packaged_res/debug/packageDebugResources/values-bg/values-bg.xml:1670:4: Multiple substitutions specified in non-positional format of string resource string/remote_host_disconnected_from. Did you mean to add the formatted="false" attribute?
/Users/forkman03/project/nome/simplex-chat/apps/multiplatform/common/build/intermediates/packaged_res/debug/packageDebugResources/values-bg/values-bg.xml:1799:4: Multiple substitutions specified in non-positional format of string resource string/sender_at_ts. Did you mean to add the formatted="false" attribute?
/Users/forkman03/project/nome/simplex-chat/apps/multiplatform/common/build/intermediates/packaged_res/debug/packageDebugResources/values-zh-rCN/values-zh-rCN.xml:111:4: Multiple substitutions specified in non-positional format of string resource string/app_check_for_updates_button_download. Did you mean to add the formatted="false" attribute?
/Users/forkman03/project/nome/simplex-chat/apps/multiplatform/common/build/intermediates/packaged_res/debug/packageDebugResources/values-bg/values-bg.xml:2025:4: Multiple substitutions specified in non-positional format of string resource string/snd_group_event_changed_member_role. Did you mean to add the formatted="false" attribute?
/Users/forkman03/project/nome/simplex-chat/apps/multiplatform/common/build/intermediates/packaged_res/debug/packageDebugResources/values-bg/values-bg.xml:2124:4: Multiple substitutions specified in non-positional format of string resource string/total_files_count_and_size. Did you mean to add the formatted="false" attribute?
/Users/forkman03/project/nome/simplex-chat/apps/multiplatform/common/build/intermediates/packaged_res/debug/packageDebugResources/values-fr/values-fr.xml:92:4: Multiple substitutions specified in non-positional format of string resource string/app_check_for_updates_button_download. Did you mean to add the formatted="false" attribute?
/Users/forkman03/project/nome/simplex-chat/apps/multiplatform/common/build/intermediates/packaged_res/debug/packageDebugResources/values-fr/values-fr.xml:445:4: Multiple substitutions specified in non-positional format of string resource string/core_simplexmq_version. Did you mean to add the formatted="false" attribute?
/Users/forkman03/project/nome/simplex-chat/apps/multiplatform/common/build/intermediates/packaged_res/debug/packageDebugResources/values-zh-rCN/values-zh-rCN.xml:563:4: Multiple substitutions specified in non-positional format of string resource string/core_simplexmq_version. Did you mean to add the formatted="false" attribute?
/Users/forkman03/project/nome/simplex-chat/apps/multiplatform/common/build/intermediates/packaged_res/debug/packageDebugResources/values-fr/values-fr.xml:754:4: Multiple substitutions specified in non-positional format of string resource string/feature_offered_item_with_param. Did you mean to add the formatted="false" attribute?
/Users/forkman03/project/nome/simplex-chat/apps/multiplatform/common/build/intermediates/packaged_res/debug/packageDebugResources/values-uk/values-uk.xml:99:4: Multiple substitutions specified in non-positional format of string resource string/app_check_for_updates_button_download. Did you mean to add the formatted="false" attribute?
/Users/forkman03/project/nome/simplex-chat/apps/multiplatform/common/build/intermediates/packaged_res/debug/packageDebugResources/values-fr/values-fr.xml:846:4: Multiple substitutions specified in non-positional format of string resource string/group_members_2. Did you mean to add the formatted="false" attribute?
/Users/forkman03/project/nome/simplex-chat/apps/multiplatform/common/build/intermediates/packaged_res/debug/packageDebugResources/values-fr/values-fr.xml:855:4: Multiple substitutions specified in non-positional format of string resource string/group_members_n. Did you mean to add the formatted="false" attribute?
/Users/forkman03/project/nome/simplex-chat/apps/multiplatform/common/build/intermediates/packaged_res/debug/packageDebugResources/values-nl/values-nl.xml:95:4: Multiple substitutions specified in non-positional format of string resource string/app_check_for_updates_button_download. Did you mean to add the formatted="false" attribute?
/Users/forkman03/project/nome/simplex-chat/apps/multiplatform/common/build/intermediates/packaged_res/debug/packageDebugResources/values-zh-rCN/values-zh-rCN.xml:904:4: Multiple substitutions specified in non-positional format of string resource string/feature_offered_item_with_param. Did you mean to add the formatted="false" attribute?
/Users/forkman03/project/nome/simplex-chat/apps/multiplatform/common/build/intermediates/packaged_res/debug/packageDebugResources/values-uk/values-uk.xml:475:4: Multiple substitutions specified in non-positional format of string resource string/core_simplexmq_version. Did you mean to add the formatted="false" attribute?
/Users/forkman03/project/nome/simplex-chat/apps/multiplatform/common/build/intermediates/packaged_res/debug/packageDebugResources/values-fr/values-fr.xml:1201:4: Multiple substitutions specified in non-positional format of string resource string/mtr_error_different. Did you mean to add the formatted="false" attribute?
/Users/forkman03/project/nome/simplex-chat/apps/multiplatform/common/build/intermediates/packaged_res/debug/packageDebugResources/values-zh-rCN/values-zh-rCN.xml:1004:4: Multiple substitutions specified in non-positional format of string resource string/group_members_2. Did you mean to add the formatted="false" attribute?
/Users/forkman03/project/nome/simplex-chat/apps/multiplatform/common/build/intermediates/packaged_res/debug/packageDebugResources/values-zh-rCN/values-zh-rCN.xml:1021:4: Multiple substitutions specified in non-positional format of string resource string/group_members_n. Did you mean to add the formatted="false" attribute?
/Users/forkman03/project/nome/simplex-chat/apps/multiplatform/common/build/intermediates/packaged_res/debug/packageDebugResources/values-nl/values-nl.xml:447:4: Multiple substitutions specified in non-positional format of string resource string/core_simplexmq_version. Did you mean to add the formatted="false" attribute?
/Users/forkman03/project/nome/simplex-chat/apps/multiplatform/common/build/intermediates/packaged_res/debug/packageDebugResources/values-uk/values-uk.xml:786:4: Multiple substitutions specified in non-positional format of string resource string/feature_offered_item_with_param. Did you mean to add the formatted="false" attribute?
/Users/forkman03/project/nome/simplex-chat/apps/multiplatform/common/build/intermediates/packaged_res/debug/packageDebugResources/values-fr/values-fr.xml:1538:4: Multiple substitutions specified in non-positional format of string resource string/rcv_group_event_2_members_connected. Did you mean to add the formatted="false" attribute?
/Users/forkman03/project/nome/simplex-chat/apps/multiplatform/common/build/intermediates/packaged_res/debug/packageDebugResources/values-fr/values-fr.xml:1539:4: Multiple substitutions specified in non-positional format of string resource string/rcv_group_event_3_members_connected. Did you mean to add the formatted="false" attribute?
/Users/forkman03/project/nome/simplex-chat/apps/multiplatform/common/build/intermediates/packaged_res/debug/packageDebugResources/values-uk/values-uk.xml:882:4: Multiple substitutions specified in non-positional format of string resource string/group_members_2. Did you mean to add the formatted="false" attribute?
/Users/forkman03/project/nome/simplex-chat/apps/multiplatform/common/build/intermediates/packaged_res/debug/packageDebugResources/values-fr/values-fr.xml:1540:4: Multiple substitutions specified in non-positional format of string resource string/rcv_group_event_changed_member_role. Did you mean to add the formatted="false" attribute?
/Users/forkman03/project/nome/simplex-chat/apps/multiplatform/common/build/intermediates/packaged_res/debug/packageDebugResources/values-uk/values-uk.xml:891:4: Multiple substitutions specified in non-positional format of string resource string/group_members_n. Did you mean to add the formatted="false" attribute?
/Users/forkman03/project/nome/simplex-chat/apps/multiplatform/common/build/intermediates/packaged_res/debug/packageDebugResources/values-fr/values-fr.xml:1551:4: Multiple substitutions specified in non-positional format of string resource string/rcv_group_event_n_members_connected. Did you mean to add the formatted="false" attribute?
/Users/forkman03/project/nome/simplex-chat/apps/multiplatform/common/build/intermediates/packaged_res/debug/packageDebugResources/values-fr/values-fr.xml:1585:4: Multiple substitutions specified in non-positional format of string resource string/recipient_colon_delivery_status. Did you mean to add the formatted="false" attribute?
/Users/forkman03/project/nome/simplex-chat/apps/multiplatform/common/build/intermediates/packaged_res/debug/packageDebugResources/values-zh-rCN/values-zh-rCN.xml:1398:4: Multiple substitutions specified in non-positional format of string resource string/mtr_error_different. Did you mean to add the formatted="false" attribute?
/Users/forkman03/project/nome/simplex-chat/apps/multiplatform/common/build/intermediates/packaged_res/debug/packageDebugResources/values-fr/values-fr.xml:1615:4: Multiple substitutions specified in non-positional format of string resource string/remote_host_disconnected_from. Did you mean to add the formatted="false" attribute?
/Users/forkman03/project/nome/simplex-chat/apps/multiplatform/common/build/intermediates/packaged_res/debug/packageDebugResources/values-fr/values-fr.xml:1740:4: Multiple substitutions specified in non-positional format of string resource string/sender_at_ts. Did you mean to add the formatted="false" attribute?
/Users/forkman03/project/nome/simplex-chat/apps/multiplatform/common/build/intermediates/packaged_res/debug/packageDebugResources/values-fr/values-fr.xml:1961:4: Multiple substitutions specified in non-positional format of string resource string/snd_group_event_changed_member_role. Did you mean to add the formatted="false" attribute?
/Users/forkman03/project/nome/simplex-chat/apps/multiplatform/common/build/intermediates/packaged_res/debug/packageDebugResources/values-nl/values-nl.xml:752:4: Multiple substitutions specified in non-positional format of string resource string/feature_offered_item_with_param. Did you mean to add the formatted="false" attribute?
/Users/forkman03/project/nome/simplex-chat/apps/multiplatform/common/build/intermediates/packaged_res/debug/packageDebugResources/values-uk/values-uk.xml:1242:4: Multiple substitutions specified in non-positional format of string resource string/mtr_error_different. Did you mean to add the formatted="false" attribute?
/Users/forkman03/project/nome/simplex-chat/apps/multiplatform/common/build/intermediates/packaged_res/debug/packageDebugResources/values-fr/values-fr.xml:2057:4: Multiple substitutions specified in non-positional format of string resource string/total_files_count_and_size. Did you mean to add the formatted="false" attribute?
/Users/forkman03/project/nome/simplex-chat/apps/multiplatform/common/build/intermediates/packaged_res/debug/packageDebugResources/values-nl/values-nl.xml:846:4: Multiple substitutions specified in non-positional format of string resource string/group_members_2. Did you mean to add the formatted="false" attribute?
/Users/forkman03/project/nome/simplex-chat/apps/multiplatform/common/build/intermediates/packaged_res/debug/packageDebugResources/values-nl/values-nl.xml:855:4: Multiple substitutions specified in non-positional format of string resource string/group_members_n. Did you mean to add the formatted="false" attribute?
/Users/forkman03/project/nome/simplex-chat/apps/multiplatform/common/build/intermediates/packaged_res/debug/packageDebugResources/values-pt-rBR/values-pt-rBR.xml:92:4: Multiple substitutions specified in non-positional format of string resource string/app_check_for_updates_button_download. Did you mean to add the formatted="false" attribute?
/Users/forkman03/project/nome/simplex-chat/apps/multiplatform/common/build/intermediates/packaged_res/debug/packageDebugResources/values-nl/values-nl.xml:1202:4: Multiple substitutions specified in non-positional format of string resource string/mtr_error_different. Did you mean to add the formatted="false" attribute?
/Users/forkman03/project/nome/simplex-chat/apps/multiplatform/common/build/intermediates/packaged_res/debug/packageDebugResources/values-zh-rCN/values-zh-rCN.xml:1842:4: Multiple substitutions specified in non-positional format of string resource string/rcv_group_event_2_members_connected. Did you mean to add the formatted="false" attribute?
/Users/forkman03/project/nome/simplex-chat/apps/multiplatform/common/build/intermediates/packaged_res/debug/packageDebugResources/values-zh-rCN/values-zh-rCN.xml:1843:4: Multiple substitutions specified in non-positional format of string resource string/rcv_group_event_3_members_connected. Did you mean to add the formatted="false" attribute?
/Users/forkman03/project/nome/simplex-chat/apps/multiplatform/common/build/intermediates/packaged_res/debug/packageDebugResources/values-zh-rCN/values-zh-rCN.xml:1844:4: Multiple substitutions specified in non-positional format of string resource string/rcv_group_event_changed_member_role. Did you mean to add the formatted="false" attribute?
/Users/forkman03/project/nome/simplex-chat/apps/multiplatform/common/build/intermediates/packaged_res/debug/packageDebugResources/values-zh-rCN/values-zh-rCN.xml:1856:4: Multiple substitutions specified in non-positional format of string resource string/rcv_group_event_n_members_connected. Did you mean to add the formatted="false" attribute?
/Users/forkman03/project/nome/simplex-chat/apps/multiplatform/common/build/intermediates/packaged_res/debug/packageDebugResources/values-pt-rBR/values-pt-rBR.xml:428:4: Multiple substitutions specified in non-positional format of string resource string/core_simplexmq_version. Did you mean to add the formatted="false" attribute?
/Users/forkman03/project/nome/simplex-chat/apps/multiplatform/common/build/intermediates/packaged_res/debug/packageDebugResources/values-zh-rCN/values-zh-rCN.xml:1895:4: Multiple substitutions specified in non-positional format of string resource string/recipient_colon_delivery_status. Did you mean to add the formatted="false" attribute?
/Users/forkman03/project/nome/simplex-chat/apps/multiplatform/common/build/intermediates/packaged_res/debug/packageDebugResources/values-zh-rCN/values-zh-rCN.xml:1961:4: Multiple substitutions specified in non-positional format of string resource string/remote_host_disconnected_from. Did you mean to add the formatted="false" attribute?
/Users/forkman03/project/nome/simplex-chat/apps/multiplatform/common/build/intermediates/packaged_res/debug/packageDebugResources/values-zh-rCN/values-zh-rCN.xml:2094:4: Multiple substitutions specified in non-positional format of string resource string/sender_at_ts. Did you mean to add the formatted="false" attribute?
/Users/forkman03/project/nome/simplex-chat/apps/multiplatform/common/build/intermediates/packaged_res/debug/packageDebugResources/values-uk/values-uk.xml:1599:4: Multiple substitutions specified in non-positional format of string resource string/rcv_group_event_2_members_connected. Did you mean to add the formatted="false" attribute?
/Users/forkman03/project/nome/simplex-chat/apps/multiplatform/common/build/intermediates/packaged_res/debug/packageDebugResources/values-pt-rBR/values-pt-rBR.xml:728:4: Multiple substitutions specified in non-positional format of string resource string/feature_offered_item_with_param. Did you mean to add the formatted="false" attribute?
/Users/forkman03/project/nome/simplex-chat/apps/multiplatform/common/build/intermediates/packaged_res/debug/packageDebugResources/values-uk/values-uk.xml:1600:4: Multiple substitutions specified in non-positional format of string resource string/rcv_group_event_3_members_connected. Did you mean to add the formatted="false" attribute?
/Users/forkman03/project/nome/simplex-chat/apps/multiplatform/common/build/intermediates/packaged_res/debug/packageDebugResources/values-uk/values-uk.xml:1601:4: Multiple substitutions specified in non-positional format of string resource string/rcv_group_event_changed_member_role. Did you mean to add the formatted="false" attribute?
/Users/forkman03/project/nome/simplex-chat/apps/multiplatform/common/build/intermediates/packaged_res/debug/packageDebugResources/values-uk/values-uk.xml:1613:4: Multiple substitutions specified in non-positional format of string resource string/rcv_group_event_n_members_connected. Did you mean to add the formatted="false" attribute?
/Users/forkman03/project/nome/simplex-chat/apps/multiplatform/common/build/intermediates/packaged_res/debug/packageDebugResources/values-uk/values-uk.xml:1648:4: Multiple substitutions specified in non-positional format of string resource string/recipient_colon_delivery_status. Did you mean to add the formatted="false" attribute?
/Users/forkman03/project/nome/simplex-chat/apps/multiplatform/common/build/intermediates/packaged_res/debug/packageDebugResources/values-pt-rBR/values-pt-rBR.xml:819:4: Multiple substitutions specified in non-positional format of string resource string/group_members_2. Did you mean to add the formatted="false" attribute?
/Users/forkman03/project/nome/simplex-chat/apps/multiplatform/common/build/intermediates/packaged_res/debug/packageDebugResources/values-pt-rBR/values-pt-rBR.xml:828:4: Multiple substitutions specified in non-positional format of string resource string/group_members_n. Did you mean to add the formatted="false" attribute?
/Users/forkman03/project/nome/simplex-chat/apps/multiplatform/common/build/intermediates/packaged_res/debug/packageDebugResources/values-zh-rCN/values-zh-rCN.xml:2327:4: Multiple substitutions specified in non-positional format of string resource string/snd_group_event_changed_member_role. Did you mean to add the formatted="false" attribute?
/Users/forkman03/project/nome/simplex-chat/apps/multiplatform/common/build/intermediates/packaged_res/debug/packageDebugResources/values-uk/values-uk.xml:1670:4: Multiple substitutions specified in non-positional format of string resource string/remote_host_disconnected_from. Did you mean to add the formatted="false" attribute?
/Users/forkman03/project/nome/simplex-chat/apps/multiplatform/common/build/intermediates/packaged_res/debug/packageDebugResources/values-nl/values-nl.xml:1546:4: Multiple substitutions specified in non-positional format of string resource string/rcv_group_event_2_members_connected. Did you mean to add the formatted="false" attribute?
/Users/forkman03/project/nome/simplex-chat/apps/multiplatform/common/build/intermediates/packaged_res/debug/packageDebugResources/values-nl/values-nl.xml:1547:4: Multiple substitutions specified in non-positional format of string resource string/rcv_group_event_3_members_connected. Did you mean to add the formatted="false" attribute?
/Users/forkman03/project/nome/simplex-chat/apps/multiplatform/common/build/intermediates/packaged_res/debug/packageDebugResources/values-zh-rCN/values-zh-rCN.xml:2432:4: Multiple substitutions specified in non-positional format of string resource string/total_files_count_and_size. Did you mean to add the formatted="false" attribute?
/Users/forkman03/project/nome/simplex-chat/apps/multiplatform/common/build/intermediates/packaged_res/debug/packageDebugResources/values-nl/values-nl.xml:1548:4: Multiple substitutions specified in non-positional format of string resource string/rcv_group_event_changed_member_role. Did you mean to add the formatted="false" attribute?
/Users/forkman03/project/nome/simplex-chat/apps/multiplatform/common/build/intermediates/packaged_res/debug/packageDebugResources/values-uk/values-uk.xml:1799:4: Multiple substitutions specified in non-positional format of string resource string/sender_at_ts. Did you mean to add the formatted="false" attribute?
/Users/forkman03/project/nome/simplex-chat/apps/multiplatform/common/build/intermediates/packaged_res/debug/packageDebugResources/values-nl/values-nl.xml:1560:4: Multiple substitutions specified in non-positional format of string resource string/rcv_group_event_n_members_connected. Did you mean to add the formatted="false" attribute?
/Users/forkman03/project/nome/simplex-chat/apps/multiplatform/common/build/intermediates/packaged_res/debug/packageDebugResources/values-pt-rBR/values-pt-rBR.xml:1169:4: Multiple substitutions specified in non-positional format of string resource string/mtr_error_different. Did you mean to add the formatted="false" attribute?
/Users/forkman03/project/nome/simplex-chat/apps/multiplatform/common/build/intermediates/packaged_res/debug/packageDebugResources/values-nl/values-nl.xml:1595:4: Multiple substitutions specified in non-positional format of string resource string/recipient_colon_delivery_status. Did you mean to add the formatted="false" attribute?
/Users/forkman03/project/nome/simplex-chat/apps/multiplatform/common/build/intermediates/packaged_res/debug/packageDebugResources/values-nl/values-nl.xml:1616:4: Multiple substitutions specified in non-positional format of string resource string/remote_host_disconnected_from. Did you mean to add the formatted="false" attribute?
/Users/forkman03/project/nome/simplex-chat/apps/multiplatform/common/build/intermediates/packaged_res/debug/packageDebugResources/values-nl/values-nl.xml:1744:4: Multiple substitutions specified in non-positional format of string resource string/sender_at_ts. Did you mean to add the formatted="false" attribute?
/Users/forkman03/project/nome/simplex-chat/apps/multiplatform/common/build/intermediates/packaged_res/debug/packageDebugResources/values-uk/values-uk.xml:2025:4: Multiple substitutions specified in non-positional format of string resource string/snd_group_event_changed_member_role. Did you mean to add the formatted="false" attribute?
/Users/forkman03/project/nome/simplex-chat/apps/multiplatform/common/build/intermediates/packaged_res/debug/packageDebugResources/values-uk/values-uk.xml:2123:4: Multiple substitutions specified in non-positional format of string resource string/total_files_count_and_size. Did you mean to add the formatted="false" attribute?
/Users/forkman03/project/nome/simplex-chat/apps/multiplatform/common/build/intermediates/packaged_res/debug/packageDebugResources/values-nl/values-nl.xml:1959:4: Multiple substitutions specified in non-positional format of string resource string/snd_group_event_changed_member_role. Did you mean to add the formatted="false" attribute?
/Users/forkman03/project/nome/simplex-chat/apps/multiplatform/common/build/intermediates/packaged_res/debug/packageDebugResources/values-nl/values-nl.xml:2055:4: Multiple substitutions specified in non-positional format of string resource string/total_files_count_and_size. Did you mean to add the formatted="false" attribute?
/Users/forkman03/project/nome/simplex-chat/apps/multiplatform/common/build/intermediates/packaged_res/debug/packageDebugResources/values-pt-rBR/values-pt-rBR.xml:1508:4: Multiple substitutions specified in non-positional format of string resource string/rcv_group_event_2_members_connected. Did you mean to add the formatted="false" attribute?
/Users/forkman03/project/nome/simplex-chat/apps/multiplatform/common/build/intermediates/packaged_res/debug/packageDebugResources/values-pt-rBR/values-pt-rBR.xml:1509:4: Multiple substitutions specified in non-positional format of string resource string/rcv_group_event_3_members_connected. Did you mean to add the formatted="false" attribute?
/Users/forkman03/project/nome/simplex-chat/apps/multiplatform/common/build/intermediates/packaged_res/debug/packageDebugResources/values-pt-rBR/values-pt-rBR.xml:1510:4: Multiple substitutions specified in non-positional format of string resource string/rcv_group_event_changed_member_role. Did you mean to add the formatted="false" attribute?
/Users/forkman03/project/nome/simplex-chat/apps/multiplatform/common/build/intermediates/packaged_res/debug/packageDebugResources/values-pt-rBR/values-pt-rBR.xml:1522:4: Multiple substitutions specified in non-positional format of string resource string/rcv_group_event_n_members_connected. Did you mean to add the formatted="false" attribute?
/Users/forkman03/project/nome/simplex-chat/apps/multiplatform/common/build/intermediates/packaged_res/debug/packageDebugResources/values-pt-rBR/values-pt-rBR.xml:1556:4: Multiple substitutions specified in non-positional format of string resource string/recipient_colon_delivery_status. Did you mean to add the formatted="false" attribute?
/Users/forkman03/project/nome/simplex-chat/apps/multiplatform/common/build/intermediates/packaged_res/debug/packageDebugResources/values-pt-rBR/values-pt-rBR.xml:1575:4: Multiple substitutions specified in non-positional format of string resource string/remote_host_disconnected_from. Did you mean to add the formatted="false" attribute?
/Users/forkman03/project/nome/simplex-chat/apps/multiplatform/common/build/intermediates/packaged_res/debug/packageDebugResources/values-pt-rBR/values-pt-rBR.xml:1699:4: Multiple substitutions specified in non-positional format of string resource string/sender_at_ts. Did you mean to add the formatted="false" attribute?
/Users/forkman03/project/nome/simplex-chat/apps/multiplatform/common/build/intermediates/packaged_res/debug/packageDebugResources/values-pt-rBR/values-pt-rBR.xml:1910:4: Multiple substitutions specified in non-positional format of string resource string/snd_group_event_changed_member_role. Did you mean to add the formatted="false" attribute?
/Users/forkman03/project/nome/simplex-chat/apps/multiplatform/common/build/intermediates/packaged_res/debug/packageDebugResources/values-pt-rBR/values-pt-rBR.xml:2003:4: Multiple substitutions specified in non-positional format of string resource string/total_files_count_and_size. Did you mean to add the formatted="false" attribute?
/Users/forkman03/project/nome/simplex-chat/apps/multiplatform/common/build/intermediates/packaged_res/debug/packageDebugResources/values-it/values-it.xml:111:4: Multiple substitutions specified in non-positional format of string resource string/app_check_for_updates_button_download. Did you mean to add the formatted="false" attribute?
/Users/forkman03/project/nome/simplex-chat/apps/multiplatform/common/build/intermediates/packaged_res/debug/packageDebugResources/values-it/values-it.xml:563:4: Multiple substitutions specified in non-positional format of string resource string/core_simplexmq_version. Did you mean to add the formatted="false" attribute?
/Users/forkman03/project/nome/simplex-chat/apps/multiplatform/common/build/intermediates/packaged_res/debug/packageDebugResources/values-el/values-el.xml:99:4: Multiple substitutions specified in non-positional format of string resource string/app_check_for_updates_button_download. Did you mean to add the formatted="false" attribute?
/Users/forkman03/project/nome/simplex-chat/apps/multiplatform/common/build/intermediates/packaged_res/debug/packageDebugResources/values-it/values-it.xml:904:4: Multiple substitutions specified in non-positional format of string resource string/feature_offered_item_with_param. Did you mean to add the formatted="false" attribute?
/Users/forkman03/project/nome/simplex-chat/apps/multiplatform/common/build/intermediates/packaged_res/debug/packageDebugResources/values-it/values-it.xml:1004:4: Multiple substitutions specified in non-positional format of string resource string/group_members_2. Did you mean to add the formatted="false" attribute?
/Users/forkman03/project/nome/simplex-chat/apps/multiplatform/common/build/intermediates/packaged_res/debug/packageDebugResources/values-it/values-it.xml:1021:4: Multiple substitutions specified in non-positional format of string resource string/group_members_n. Did you mean to add the formatted="false" attribute?
/Users/forkman03/project/nome/simplex-chat/apps/multiplatform/common/build/intermediates/packaged_res/debug/packageDebugResources/values-el/values-el.xml:486:4: Multiple substitutions specified in non-positional format of string resource string/core_simplexmq_version. Did you mean to add the formatted="false" attribute?
/Users/forkman03/project/nome/simplex-chat/apps/multiplatform/common/build/intermediates/packaged_res/debug/packageDebugResources/values-it/values-it.xml:1398:4: Multiple substitutions specified in non-positional format of string resource string/mtr_error_different. Did you mean to add the formatted="false" attribute?
/Users/forkman03/project/nome/simplex-chat/apps/multiplatform/common/build/intermediates/packaged_res/debug/packageDebugResources/values-el/values-el.xml:799:4: Multiple substitutions specified in non-positional format of string resource string/feature_offered_item_with_param. Did you mean to add the formatted="false" attribute?
/Users/forkman03/project/nome/simplex-chat/apps/multiplatform/common/build/intermediates/packaged_res/debug/packageDebugResources/values-el/values-el.xml:895:4: Multiple substitutions specified in non-positional format of string resource string/group_members_2. Did you mean to add the formatted="false" attribute?
/Users/forkman03/project/nome/simplex-chat/apps/multiplatform/common/build/intermediates/packaged_res/debug/packageDebugResources/values-el/values-el.xml:904:4: Multiple substitutions specified in non-positional format of string resource string/group_members_n. Did you mean to add the formatted="false" attribute?
/Users/forkman03/project/nome/simplex-chat/apps/multiplatform/common/build/intermediates/packaged_res/debug/packageDebugResources/values-it/values-it.xml:1799:4: Multiple substitutions specified in non-positional format of string resource string/rcv_group_event_2_members_connected. Did you mean to add the formatted="false" attribute?
/Users/forkman03/project/nome/simplex-chat/apps/multiplatform/common/build/intermediates/packaged_res/debug/packageDebugResources/values-it/values-it.xml:1800:4: Multiple substitutions specified in non-positional format of string resource string/rcv_group_event_3_members_connected. Did you mean to add the formatted="false" attribute?
/Users/forkman03/project/nome/simplex-chat/apps/multiplatform/common/build/intermediates/packaged_res/debug/packageDebugResources/values-it/values-it.xml:1801:4: Multiple substitutions specified in non-positional format of string resource string/rcv_group_event_changed_member_role. Did you mean to add the formatted="false" attribute?
/Users/forkman03/project/nome/simplex-chat/apps/multiplatform/common/build/intermediates/packaged_res/debug/packageDebugResources/values-it/values-it.xml:1813:4: Multiple substitutions specified in non-positional format of string resource string/rcv_group_event_n_members_connected. Did you mean to add the formatted="false" attribute?
/Users/forkman03/project/nome/simplex-chat/apps/multiplatform/common/build/intermediates/packaged_res/debug/packageDebugResources/values-el/values-el.xml:1258:4: Multiple substitutions specified in non-positional format of string resource string/mtr_error_different. Did you mean to add the formatted="false" attribute?
/Users/forkman03/project/nome/simplex-chat/apps/multiplatform/common/build/intermediates/packaged_res/debug/packageDebugResources/values-it/values-it.xml:1852:4: Multiple substitutions specified in non-positional format of string resource string/recipient_colon_delivery_status. Did you mean to add the formatted="false" attribute?
/Users/forkman03/project/nome/simplex-chat/apps/multiplatform/common/build/intermediates/packaged_res/debug/packageDebugResources/values-it/values-it.xml:1918:4: Multiple substitutions specified in non-positional format of string resource string/remote_host_disconnected_from. Did you mean to add the formatted="false" attribute?
/Users/forkman03/project/nome/simplex-chat/apps/multiplatform/common/build/intermediates/packaged_res/debug/packageDebugResources/values-it/values-it.xml:2051:4: Multiple substitutions specified in non-positional format of string resource string/sender_at_ts. Did you mean to add the formatted="false" attribute?
/Users/forkman03/project/nome/simplex-chat/apps/multiplatform/common/build/intermediates/packaged_res/debug/packageDebugResources/values-el/values-el.xml:1622:4: Multiple substitutions specified in non-positional format of string resource string/rcv_group_event_2_members_connected. Did you mean to add the formatted="false" attribute?
/Users/forkman03/project/nome/simplex-chat/apps/multiplatform/common/build/intermediates/packaged_res/debug/packageDebugResources/values-el/values-el.xml:1623:4: Multiple substitutions specified in non-positional format of string resource string/rcv_group_event_3_members_connected. Did you mean to add the formatted="false" attribute?
/Users/forkman03/project/nome/simplex-chat/apps/multiplatform/common/build/intermediates/packaged_res/debug/packageDebugResources/values-el/values-el.xml:1624:4: Multiple substitutions specified in non-positional format of string resource string/rcv_group_event_changed_member_role. Did you mean to add the formatted="false" attribute?
/Users/forkman03/project/nome/simplex-chat/apps/multiplatform/common/build/intermediates/packaged_res/debug/packageDebugResources/values-el/values-el.xml:1636:4: Multiple substitutions specified in non-positional format of string resource string/rcv_group_event_n_members_connected. Did you mean to add the formatted="false" attribute?
/Users/forkman03/project/nome/simplex-chat/apps/multiplatform/common/build/intermediates/packaged_res/debug/packageDebugResources/values-it/values-it.xml:2284:4: Multiple substitutions specified in non-positional format of string resource string/snd_group_event_changed_member_role. Did you mean to add the formatted="false" attribute?
/Users/forkman03/project/nome/simplex-chat/apps/multiplatform/common/build/intermediates/packaged_res/debug/packageDebugResources/values-fa/values-fa.xml:99:4: Multiple substitutions specified in non-positional format of string resource string/app_check_for_updates_button_download. Did you mean to add the formatted="false" attribute?
/Users/forkman03/project/nome/simplex-chat/apps/multiplatform/common/build/intermediates/packaged_res/debug/packageDebugResources/values-el/values-el.xml:1671:4: Multiple substitutions specified in non-positional format of string resource string/recipient_colon_delivery_status. Did you mean to add the formatted="false" attribute?
/Users/forkman03/project/nome/simplex-chat/apps/multiplatform/common/build/intermediates/packaged_res/debug/packageDebugResources/values-el/values-el.xml:1693:4: Multiple substitutions specified in non-positional format of string resource string/remote_host_disconnected_from. Did you mean to add the formatted="false" attribute?
/Users/forkman03/project/nome/simplex-chat/apps/multiplatform/common/build/intermediates/packaged_res/debug/packageDebugResources/values-it/values-it.xml:2389:4: Multiple substitutions specified in non-positional format of string resource string/total_files_count_and_size. Did you mean to add the formatted="false" attribute?
/Users/forkman03/project/nome/simplex-chat/apps/multiplatform/common/build/intermediates/packaged_res/debug/packageDebugResources/values-el/values-el.xml:1823:4: Multiple substitutions specified in non-positional format of string resource string/sender_at_ts. Did you mean to add the formatted="false" attribute?
/Users/forkman03/project/nome/simplex-chat/apps/multiplatform/common/build/intermediates/packaged_res/debug/packageDebugResources/values-el/values-el.xml:2051:4: Multiple substitutions specified in non-positional format of string resource string/snd_group_event_changed_member_role. Did you mean to add the formatted="false" attribute?
/Users/forkman03/project/nome/simplex-chat/apps/multiplatform/common/build/intermediates/packaged_res/debug/packageDebugResources/values-fa/values-fa.xml:477:4: Multiple substitutions specified in non-positional format of string resource string/core_simplexmq_version. Did you mean to add the formatted="false" attribute?
/Users/forkman03/project/nome/simplex-chat/apps/multiplatform/common/build/intermediates/packaged_res/debug/packageDebugResources/values-el/values-el.xml:2150:4: Multiple substitutions specified in non-positional format of string resource string/total_files_count_and_size. Did you mean to add the formatted="false" attribute?
/Users/forkman03/project/nome/simplex-chat/apps/multiplatform/common/build/intermediates/packaged_res/debug/packageDebugResources/values-fa/values-fa.xml:788:4: Multiple substitutions specified in non-positional format of string resource string/feature_offered_item_with_param. Did you mean to add the formatted="false" attribute?
/Users/forkman03/project/nome/simplex-chat/apps/multiplatform/common/build/intermediates/packaged_res/debug/packageDebugResources/values-fa/values-fa.xml:884:4: Multiple substitutions specified in non-positional format of string resource string/group_members_2. Did you mean to add the formatted="false" attribute?
/Users/forkman03/project/nome/simplex-chat/apps/multiplatform/common/build/intermediates/packaged_res/debug/packageDebugResources/values-fa/values-fa.xml:893:4: Multiple substitutions specified in non-positional format of string resource string/group_members_n. Did you mean to add the formatted="false" attribute?
/Users/forkman03/project/nome/simplex-chat/apps/multiplatform/common/build/intermediates/packaged_res/debug/packageDebugResources/values-fa/values-fa.xml:1244:4: Multiple substitutions specified in non-positional format of string resource string/mtr_error_different. Did you mean to add the formatted="false" attribute?
/Users/forkman03/project/nome/simplex-chat/apps/multiplatform/common/build/intermediates/packaged_res/debug/packageDebugResources/values-fa/values-fa.xml:1602:4: Multiple substitutions specified in non-positional format of string resource string/rcv_group_event_2_members_connected. Did you mean to add the formatted="false" attribute?
/Users/forkman03/project/nome/simplex-chat/apps/multiplatform/common/build/intermediates/packaged_res/debug/packageDebugResources/values-fa/values-fa.xml:1603:4: Multiple substitutions specified in non-positional format of string resource string/rcv_group_event_3_members_connected. Did you mean to add the formatted="false" attribute?
/Users/forkman03/project/nome/simplex-chat/apps/multiplatform/common/build/intermediates/packaged_res/debug/packageDebugResources/values-fa/values-fa.xml:1604:4: Multiple substitutions specified in non-positional format of string resource string/rcv_group_event_changed_member_role. Did you mean to add the formatted="false" attribute?
/Users/forkman03/project/nome/simplex-chat/apps/multiplatform/common/build/intermediates/packaged_res/debug/packageDebugResources/values-fa/values-fa.xml:1616:4: Multiple substitutions specified in non-positional format of string resource string/rcv_group_event_n_members_connected. Did you mean to add the formatted="false" attribute?
/Users/forkman03/project/nome/simplex-chat/apps/multiplatform/common/build/intermediates/packaged_res/debug/packageDebugResources/values-fa/values-fa.xml:1651:4: Multiple substitutions specified in non-positional format of string resource string/recipient_colon_delivery_status. Did you mean to add the formatted="false" attribute?
/Users/forkman03/project/nome/simplex-chat/apps/multiplatform/common/build/intermediates/packaged_res/debug/packageDebugResources/values-fa/values-fa.xml:1673:4: Multiple substitutions specified in non-positional format of string resource string/remote_host_disconnected_from. Did you mean to add the formatted="false" attribute?
/Users/forkman03/project/nome/simplex-chat/apps/multiplatform/common/build/intermediates/packaged_res/debug/packageDebugResources/values-fa/values-fa.xml:1802:4: Multiple substitutions specified in non-positional format of string resource string/sender_at_ts. Did you mean to add the formatted="false" attribute?
/Users/forkman03/project/nome/simplex-chat/apps/multiplatform/common/build/intermediates/packaged_res/debug/packageDebugResources/values-fa/values-fa.xml:2029:4: Multiple substitutions specified in non-positional format of string resource string/snd_group_event_changed_member_role. Did you mean to add the formatted="false" attribute?
/Users/forkman03/project/nome/simplex-chat/apps/multiplatform/common/build/intermediates/packaged_res/debug/packageDebugResources/values-fa/values-fa.xml:2128:4: Multiple substitutions specified in non-positional format of string resource string/total_files_count_and_size. Did you mean to add the formatted="false" attribute?
/Users/forkman03/project/nome/simplex-chat/apps/multiplatform/common/build/intermediates/packaged_res/debug/packageDebugResources/values-ko/values-ko.xml:81:4: Multiple substitutions specified in non-positional format of string resource string/app_check_for_updates_button_download. Did you mean to add the formatted="false" attribute?
/Users/forkman03/project/nome/simplex-chat/apps/multiplatform/common/build/intermediates/packaged_res/debug/packageDebugResources/values-ko/values-ko.xml:339:4: Multiple substitutions specified in non-positional format of string resource string/core_simplexmq_version. Did you mean to add the formatted="false" attribute?
/Users/forkman03/project/nome/simplex-chat/apps/multiplatform/common/build/intermediates/packaged_res/debug/packageDebugResources/values-ko/values-ko.xml:602:4: Multiple substitutions specified in non-positional format of string resource string/feature_offered_item_with_param. Did you mean to add the formatted="false" attribute?
/Users/forkman03/project/nome/simplex-chat/apps/multiplatform/common/build/intermediates/packaged_res/debug/packageDebugResources/values-ko/values-ko.xml:935:4: Multiple substitutions specified in non-positional format of string resource string/mtr_error_different. Did you mean to add the formatted="false" attribute?
/Users/forkman03/project/nome/simplex-chat/apps/multiplatform/common/build/intermediates/packaged_res/debug/packageDebugResources/values-ko/values-ko.xml:1110:4: Multiple substitutions specified in non-positional format of string resource string/rcv_group_event_changed_member_role. Did you mean to add the formatted="false" attribute?
/Users/forkman03/project/nome/simplex-chat/apps/multiplatform/common/build/intermediates/packaged_res/debug/packageDebugResources/values-ko/values-ko.xml:1154:4: Multiple substitutions specified in non-positional format of string resource string/remote_host_disconnected_from. Did you mean to add the formatted="false" attribute?
/Users/forkman03/project/nome/simplex-chat/apps/multiplatform/common/build/intermediates/packaged_res/debug/packageDebugResources/values-ko/values-ko.xml:1357:4: Multiple substitutions specified in non-positional format of string resource string/snd_group_event_changed_member_role. Did you mean to add the formatted="false" attribute?
/Users/forkman03/project/nome/simplex-chat/apps/multiplatform/common/build/intermediates/packaged_res/debug/packageDebugResources/values-ko/values-ko.xml:1388:4: Multiple substitutions specified in non-positional format of string resource string/total_files_count_and_size. Did you mean to add the formatted="false" attribute?
/Users/forkman03/project/nome/simplex-chat/apps/multiplatform/common/build/intermediates/packaged_res/debug/packageDebugResources/values-pl/values-pl.xml:99:4: Multiple substitutions specified in non-positional format of string resource string/app_check_for_updates_button_download. Did you mean to add the formatted="false" attribute?
/Users/forkman03/project/nome/simplex-chat/apps/multiplatform/common/build/intermediates/packaged_res/debug/packageDebugResources/values-pl/values-pl.xml:486:4: Multiple substitutions specified in non-positional format of string resource string/core_simplexmq_version. Did you mean to add the formatted="false" attribute?
/Users/forkman03/project/nome/simplex-chat/apps/multiplatform/common/build/intermediates/packaged_res/debug/packageDebugResources/values-pl/values-pl.xml:799:4: Multiple substitutions specified in non-positional format of string resource string/feature_offered_item_with_param. Did you mean to add the formatted="false" attribute?
/Users/forkman03/project/nome/simplex-chat/apps/multiplatform/common/build/intermediates/packaged_res/debug/packageDebugResources/values-pl/values-pl.xml:895:4: Multiple substitutions specified in non-positional format of string resource string/group_members_2. Did you mean to add the formatted="false" attribute?
/Users/forkman03/project/nome/simplex-chat/apps/multiplatform/common/build/intermediates/packaged_res/debug/packageDebugResources/values-pl/values-pl.xml:904:4: Multiple substitutions specified in non-positional format of string resource string/group_members_n. Did you mean to add the formatted="false" attribute?
/Users/forkman03/project/nome/simplex-chat/apps/multiplatform/common/build/intermediates/packaged_res/debug/packageDebugResources/values-pl/values-pl.xml:1258:4: Multiple substitutions specified in non-positional format of string resource string/mtr_error_different. Did you mean to add the formatted="false" attribute?
/Users/forkman03/project/nome/simplex-chat/apps/multiplatform/common/build/intermediates/packaged_res/debug/packageDebugResources/values-pl/values-pl.xml:1622:4: Multiple substitutions specified in non-positional format of string resource string/rcv_group_event_2_members_connected. Did you mean to add the formatted="false" attribute?
/Users/forkman03/project/nome/simplex-chat/apps/multiplatform/common/build/intermediates/packaged_res/debug/packageDebugResources/values-pl/values-pl.xml:1623:4: Multiple substitutions specified in non-positional format of string resource string/rcv_group_event_3_members_connected. Did you mean to add the formatted="false" attribute?
/Users/forkman03/project/nome/simplex-chat/apps/multiplatform/common/build/intermediates/packaged_res/debug/packageDebugResources/values-pl/values-pl.xml:1624:4: Multiple substitutions specified in non-positional format of string resource string/rcv_group_event_changed_member_role. Did you mean to add the formatted="false" attribute?
/Users/forkman03/project/nome/simplex-chat/apps/multiplatform/common/build/intermediates/packaged_res/debug/packageDebugResources/values-pl/values-pl.xml:1636:4: Multiple substitutions specified in non-positional format of string resource string/rcv_group_event_n_members_connected. Did you mean to add the formatted="false" attribute?
/Users/forkman03/project/nome/simplex-chat/apps/multiplatform/common/build/intermediates/packaged_res/debug/packageDebugResources/values-pl/values-pl.xml:1671:4: Multiple substitutions specified in non-positional format of string resource string/recipient_colon_delivery_status. Did you mean to add the formatted="false" attribute?
/Users/forkman03/project/nome/simplex-chat/apps/multiplatform/common/build/intermediates/packaged_res/debug/packageDebugResources/values-pl/values-pl.xml:1693:4: Multiple substitutions specified in non-positional format of string resource string/remote_host_disconnected_from. Did you mean to add the formatted="false" attribute?
/Users/forkman03/project/nome/simplex-chat/apps/multiplatform/common/build/intermediates/packaged_res/debug/packageDebugResources/values-pl/values-pl.xml:1823:4: Multiple substitutions specified in non-positional format of string resource string/sender_at_ts. Did you mean to add the formatted="false" attribute?
/Users/forkman03/project/nome/simplex-chat/apps/multiplatform/common/build/intermediates/packaged_res/debug/packageDebugResources/values-pl/values-pl.xml:2051:4: Multiple substitutions specified in non-positional format of string resource string/snd_group_event_changed_member_role. Did you mean to add the formatted="false" attribute?
/Users/forkman03/project/nome/simplex-chat/apps/multiplatform/common/build/intermediates/packaged_res/debug/packageDebugResources/values-pl/values-pl.xml:2150:4: Multiple substitutions specified in non-positional format of string resource string/total_files_count_and_size. Did you mean to add the formatted="false" attribute?

> Task :common:prepareDebugArtProfile
> Task :android:preDebugAndroidTestBuild SKIPPED
> Task :common:prepareLintJarForPublish
> Task :android:generateDebugAndroidTestResValues
> Task :common:writeDebugLintModelMetadata
> Task :android:extractProguardFiles
> Task :common:extractProguardFiles
> Task :common:preDebugAndroidTestBuild UP-TO-DATE
> Task :common:generateDebugAndroidTestResValues
> Task :common:preDebugUnitTestBuild UP-TO-DATE
> Task :android:mergeDebugNativeDebugMetadata NO-SOURCE
> Task :android:mergeDebugShaders
> Task :android:compileDebugShaders NO-SOURCE
> Task :android:generateDebugAssets UP-TO-DATE
> Task :android:mergeDebugAssets
> Task :android:compressDebugAssets
> Task :android:desugarDebugFileDependencies
> Task :android:configureCMakeDebug[arm64-v8a]
> Task :android:buildCMakeDebug[arm64-v8a]
> Task :android:configureCMakeDebug[armeabi-v7a]
> Task :android:buildCMakeDebug[armeabi-v7a]
> Task :android:mergeDebugJniLibFolders
> Task :common:copyDebugJniLibsProjectOnly
> Task :android:validateSigningDebug
> Task :android:writeDebugAppMetadata
> Task :android:writeDebugSigningConfigVersions
> Task :android:checkDebugDuplicateClasses
> Task :android:processDebugAndroidTestManifest
> Task :android:generateDebugAndroidTestBuildConfig
> Task :android:mapDebugAndroidTestSourceSetPaths
> Task :android:checkDebugAndroidTestAarMetadata
> Task :android:generateDebugAndroidTestResources
> Task :android:javaPreCompileDebugAndroidTest
> Task :android:mergeDebugAndroidTestShaders
> Task :android:compileDebugAndroidTestShaders NO-SOURCE
> Task :android:generateDebugAndroidTestAssets UP-TO-DATE
> Task :android:mergeDebugAndroidTestAssets
> Task :android:compressDebugAndroidTestAssets
> Task :android:desugarDebugAndroidTestFileDependencies
> Task :android:mergeDebugAndroidTestJniLibFolders
> Task :android:validateSigningDebugAndroidTest
> Task :android:writeDebugAndroidTestSigningConfigVersions
> Task :android:mergeDebugAndroidTestResources
> Task :android:checkDebugAndroidTestDuplicateClasses
> Task :android:processDebugAndroidTestResources
> Task :android:mergeExtDexDebugAndroidTest
> Task :android:mergeDebugNativeLibs
> Task :android:mergeDebugAndroidTestNativeLibs NO-SOURCE
> Task :android:stripDebugAndroidTestDebugSymbols NO-SOURCE
> Task :android:stripDebugDebugSymbols
> Task :android:processDebugResources
> Task :android:mergeExtDexDebug

> Task :common:compileDebugKotlinAndroid
w: Opt-in requirement marker com.arkivanov.decompose.ExperimentalDecomposeApi is unresolved. Please make sure it's present in the module dependencies
w: file:///Users/forkman03/project/nome/simplex-chat/apps/multiplatform/common/build/generated/moko/androidMain/src/chat/simplex/res/MR.kt:14:8 'expect'/'actual' classes (including interfaces, objects, annotations, enums, and 'actual' typealiases) are in Beta. Consider using the '-Xexpect-actual-classes' flag to suppress this warning. Also see: https://youtrack.jetbrains.com/issue/KT-61573
w: file:///Users/forkman03/project/nome/simplex-chat/apps/multiplatform/common/build/generated/moko/androidMain/src/chat/simplex/res/MR.kt:15:10 'expect'/'actual' classes (including interfaces, objects, annotations, enums, and 'actual' typealiases) are in Beta. Consider using the '-Xexpect-actual-classes' flag to suppress this warning. Also see: https://youtrack.jetbrains.com/issue/KT-61573
w: file:///Users/forkman03/project/nome/simplex-chat/apps/multiplatform/common/build/generated/moko/androidMain/src/chat/simplex/res/MR.kt:7946:10 'expect'/'actual' classes (including interfaces, objects, annotations, enums, and 'actual' typealiases) are in Beta. Consider using the '-Xexpect-actual-classes' flag to suppress this warning. Also see: https://youtrack.jetbrains.com/issue/KT-61573
w: file:///Users/forkman03/project/nome/simplex-chat/apps/multiplatform/common/build/generated/moko/androidMain/src/chat/simplex/res/MR.kt:7948:10 'expect'/'actual' classes (including interfaces, objects, annotations, enums, and 'actual' typealiases) are in Beta. Consider using the '-Xexpect-actual-classes' flag to suppress this warning. Also see: https://youtrack.jetbrains.com/issue/KT-61573
w: file:///Users/forkman03/project/nome/simplex-chat/apps/multiplatform/common/build/generated/moko/androidMain/src/chat/simplex/res/MR.kt:8670:10 'expect'/'actual' classes (including interfaces, objects, annotations, enums, and 'actual' typealiases) are in Beta. Consider using the '-Xexpect-actual-classes' flag to suppress this warning. Also see: https://youtrack.jetbrains.com/issue/KT-61573
w: file:///Users/forkman03/project/nome/simplex-chat/apps/multiplatform/common/build/generated/moko/androidMain/src/chat/simplex/res/MR.kt:8671:12 'expect'/'actual' classes (including interfaces, objects, annotations, enums, and 'actual' typealiases) are in Beta. Consider using the '-Xexpect-actual-classes' flag to suppress this warning. Also see: https://youtrack.jetbrains.com/issue/KT-61573
w: file:///Users/forkman03/project/nome/simplex-chat/apps/multiplatform/common/build/generated/moko/androidMain/src/chat/simplex/res/MR.kt:8686:12 'expect'/'actual' classes (including interfaces, objects, annotations, enums, and 'actual' typealiases) are in Beta. Consider using the '-Xexpect-actual-classes' flag to suppress this warning. Also see: https://youtrack.jetbrains.com/issue/KT-61573
w: file:///Users/forkman03/project/nome/simplex-chat/apps/multiplatform/common/build/generated/moko/androidMain/src/chat/simplex/res/MR.kt:8692:10 'expect'/'actual' classes (including interfaces, objects, annotations, enums, and 'actual' typealiases) are in Beta. Consider using the '-Xexpect-actual-classes' flag to suppress this warning. Also see: https://youtrack.jetbrains.com/issue/KT-61573
w: file:///Users/forkman03/project/nome/simplex-chat/apps/multiplatform/common/build/generated/moko/androidMain/src/chat/simplex/res/MR.kt:8694:10 'expect'/'actual' classes (including interfaces, objects, annotations, enums, and 'actual' typealiases) are in Beta. Consider using the '-Xexpect-actual-classes' flag to suppress this warning. Also see: https://youtrack.jetbrains.com/issue/KT-61573
w: file:///Users/forkman03/project/nome/simplex-chat/apps/multiplatform/common/build/generated/moko/androidMain/src/chat/simplex/res/MR.kt:8696:10 'expect'/'actual' classes (including interfaces, objects, annotations, enums, and 'actual' typealiases) are in Beta. Consider using the '-Xexpect-actual-classes' flag to suppress this warning. Also see: https://youtrack.jetbrains.com/issue/KT-61573
w: file:///Users/forkman03/project/nome/simplex-chat/apps/multiplatform/common/build/generated/moko/commonMain/src/chat/simplex/res/MR.kt:12:8 'expect'/'actual' classes (including interfaces, objects, annotations, enums, and 'actual' typealiases) are in Beta. Consider using the '-Xexpect-actual-classes' flag to suppress this warning. Also see: https://youtrack.jetbrains.com/issue/KT-61573
w: file:///Users/forkman03/project/nome/simplex-chat/apps/multiplatform/common/build/generated/moko/commonMain/src/chat/simplex/res/MR.kt:13:17 'expect'/'actual' classes (including interfaces, objects, annotations, enums, and 'actual' typealiases) are in Beta. Consider using the '-Xexpect-actual-classes' flag to suppress this warning. Also see: https://youtrack.jetbrains.com/issue/KT-61573
w: file:///Users/forkman03/project/nome/simplex-chat/apps/multiplatform/common/build/generated/moko/commonMain/src/chat/simplex/res/MR.kt:5658:17 'expect'/'actual' classes (including interfaces, objects, annotations, enums, and 'actual' typealiases) are in Beta. Consider using the '-Xexpect-actual-classes' flag to suppress this warning. Also see: https://youtrack.jetbrains.com/issue/KT-61573
w: file:///Users/forkman03/project/nome/simplex-chat/apps/multiplatform/common/build/generated/moko/commonMain/src/chat/simplex/res/MR.kt:5660:17 'expect'/'actual' classes (including interfaces, objects, annotations, enums, and 'actual' typealiases) are in Beta. Consider using the '-Xexpect-actual-classes' flag to suppress this warning. Also see: https://youtrack.jetbrains.com/issue/KT-61573
w: file:///Users/forkman03/project/nome/simplex-chat/apps/multiplatform/common/build/generated/moko/commonMain/src/chat/simplex/res/MR.kt:6294:17 'expect'/'actual' classes (including interfaces, objects, annotations, enums, and 'actual' typealiases) are in Beta. Consider using the '-Xexpect-actual-classes' flag to suppress this warning. Also see: https://youtrack.jetbrains.com/issue/KT-61573
w: file:///Users/forkman03/project/nome/simplex-chat/apps/multiplatform/common/build/generated/moko/commonMain/src/chat/simplex/res/MR.kt:6295:19 'expect'/'actual' classes (including interfaces, objects, annotations, enums, and 'actual' typealiases) are in Beta. Consider using the '-Xexpect-actual-classes' flag to suppress this warning. Also see: https://youtrack.jetbrains.com/issue/KT-61573
w: file:///Users/forkman03/project/nome/simplex-chat/apps/multiplatform/common/build/generated/moko/commonMain/src/chat/simplex/res/MR.kt:6309:19 'expect'/'actual' classes (including interfaces, objects, annotations, enums, and 'actual' typealiases) are in Beta. Consider using the '-Xexpect-actual-classes' flag to suppress this warning. Also see: https://youtrack.jetbrains.com/issue/KT-61573
w: file:///Users/forkman03/project/nome/simplex-chat/apps/multiplatform/common/build/generated/moko/commonMain/src/chat/simplex/res/MR.kt:6314:17 'expect'/'actual' classes (including interfaces, objects, annotations, enums, and 'actual' typealiases) are in Beta. Consider using the '-Xexpect-actual-classes' flag to suppress this warning. Also see: https://youtrack.jetbrains.com/issue/KT-61573
w: file:///Users/forkman03/project/nome/simplex-chat/apps/multiplatform/common/build/generated/moko/commonMain/src/chat/simplex/res/MR.kt:6316:17 'expect'/'actual' classes (including interfaces, objects, annotations, enums, and 'actual' typealiases) are in Beta. Consider using the '-Xexpect-actual-classes' flag to suppress this warning. Also see: https://youtrack.jetbrains.com/issue/KT-61573
w: file:///Users/forkman03/project/nome/simplex-chat/apps/multiplatform/common/build/generated/moko/commonMain/src/chat/simplex/res/MR.kt:6318:17 'expect'/'actual' classes (including interfaces, objects, annotations, enums, and 'actual' typealiases) are in Beta. Consider using the '-Xexpect-actual-classes' flag to suppress this warning. Also see: https://youtrack.jetbrains.com/issue/KT-61573
w: file:///Users/forkman03/project/nome/simplex-chat/apps/multiplatform/common/src/androidMain/kotlin/chat/simplex/common/helpers/SoundPlayer.kt:113:5 'fun vibrate(p0: VibrationEffect!, p1: AudioAttributes!): Unit' is deprecated. Deprecated in Java.
w: file:///Users/forkman03/project/nome/simplex-chat/apps/multiplatform/common/src/androidMain/kotlin/chat/simplex/common/platform/Files.android.kt:39:98 'constructor(): ActivityResultContracts.CreateDocument' is deprecated. Using a wildcard mime type with CreateDocument is not recommended as it breaks the automatic handling of file extensions. Instead, specify the mime type by using the constructor that takes an concrete mime type (e.g.., CreateDocument("image/png")).
w: file:///Users/forkman03/project/nome/simplex-chat/apps/multiplatform/common/src/androidMain/kotlin/chat/simplex/common/platform/Files.android.kt:54:1 'expect'/'actual' classes (including interfaces, objects, annotations, enums, and 'actual' typealiases) are in Beta. Consider using the '-Xexpect-actual-classes' flag to suppress this warning. Also see: https://youtrack.jetbrains.com/issue/KT-61573
w: file:///Users/forkman03/project/nome/simplex-chat/apps/multiplatform/common/src/androidMain/kotlin/chat/simplex/common/platform/Files.android.kt:66:1 'expect'/'actual' classes (including interfaces, objects, annotations, enums, and 'actual' typealiases) are in Beta. Consider using the '-Xexpect-actual-classes' flag to suppress this warning. Also see: https://youtrack.jetbrains.com/issue/KT-61573
w: file:///Users/forkman03/project/nome/simplex-chat/apps/multiplatform/common/src/androidMain/kotlin/chat/simplex/common/platform/Log.android.kt:6:1 'expect'/'actual' classes (including interfaces, objects, annotations, enums, and 'actual' typealiases) are in Beta. Consider using the '-Xexpect-actual-classes' flag to suppress this warning. Also see: https://youtrack.jetbrains.com/issue/KT-61573
w: file:///Users/forkman03/project/nome/simplex-chat/apps/multiplatform/common/src/androidMain/kotlin/chat/simplex/common/platform/PlatformTextField.android.kt:120:38 'static fun createWrapper(p0: InputConnection, p1: EditorInfo, p2: InputConnectionCompat.OnCommitContentListener): InputConnection' is deprecated. Deprecated in Java.
w: file:///Users/forkman03/project/nome/simplex-chat/apps/multiplatform/common/src/androidMain/kotlin/chat/simplex/common/platform/RecAndPlay.android.kt:17:1 'expect'/'actual' classes (including interfaces, objects, annotations, enums, and 'actual' typealiases) are in Beta. Consider using the '-Xexpect-actual-classes' flag to suppress this warning. Also see: https://youtrack.jetbrains.com/issue/KT-61573
w: file:///Users/forkman03/project/nome/simplex-chat/apps/multiplatform/common/src/androidMain/kotlin/chat/simplex/common/platform/RecAndPlay.android.kt:26:7 'constructor(): MediaRecorder' is deprecated. Deprecated in Java.
w: file:///Users/forkman03/project/nome/simplex-chat/apps/multiplatform/common/src/androidMain/kotlin/chat/simplex/common/platform/RecAndPlay.android.kt:101:1 'expect'/'actual' classes (including interfaces, objects, annotations, enums, and 'actual' typealiases) are in Beta. Consider using the '-Xexpect-actual-classes' flag to suppress this warning. Also see: https://youtrack.jetbrains.com/issue/KT-61573
w: file:///Users/forkman03/project/nome/simplex-chat/apps/multiplatform/common/src/androidMain/kotlin/chat/simplex/common/platform/RecAndPlay.android.kt:298:1 'expect'/'actual' classes (including interfaces, objects, annotations, enums, and 'actual' typealiases) are in Beta. Consider using the '-Xexpect-actual-classes' flag to suppress this warning. Also see: https://youtrack.jetbrains.com/issue/KT-61573
w: file:///Users/forkman03/project/nome/simplex-chat/apps/multiplatform/common/src/androidMain/kotlin/chat/simplex/common/platform/RecAndPlay.android.kt:299:1 'expect'/'actual' classes (including interfaces, objects, annotations, enums, and 'actual' typealiases) are in Beta. Consider using the '-Xexpect-actual-classes' flag to suppress this warning. Also see: https://youtrack.jetbrains.com/issue/KT-61573
w: file:///Users/forkman03/project/nome/simplex-chat/apps/multiplatform/common/src/androidMain/kotlin/chat/simplex/common/platform/Share.android.kt:12:8 'interface ClipboardManager : Any' is deprecated. Use Clipboard instead, which supports suspend functions.
w: file:///Users/forkman03/project/nome/simplex-chat/apps/multiplatform/common/src/androidMain/kotlin/chat/simplex/common/platform/Share.android.kt:30:12 'interface ClipboardManager : Any' is deprecated. Use Clipboard instead, which supports suspend functions.
w: file:///Users/forkman03/project/nome/simplex-chat/apps/multiplatform/common/src/androidMain/kotlin/chat/simplex/common/platform/UI.android.kt:31:80 'val defaultDisplay: Display!' is deprecated. Deprecated in Java.
w: file:///Users/forkman03/project/nome/simplex-chat/apps/multiplatform/common/src/androidMain/kotlin/chat/simplex/common/platform/UI.android.kt:70:1 'expect'/'actual' classes (including interfaces, objects, annotations, enums, and 'actual' typealiases) are in Beta. Consider using the '-Xexpect-actual-classes' flag to suppress this warning. Also see: https://youtrack.jetbrains.com/issue/KT-61573
w: file:///Users/forkman03/project/nome/simplex-chat/apps/multiplatform/common/src/androidMain/kotlin/chat/simplex/common/platform/VideoPlayer.android.kt:11:8 'class C : Any' is deprecated. Deprecated in Java.
w: file:///Users/forkman03/project/nome/simplex-chat/apps/multiplatform/common/src/androidMain/kotlin/chat/simplex/common/platform/VideoPlayer.android.kt:12:8 'class AudioAttributes : Any, Bundleable' is deprecated. Deprecated in Java.
w: file:///Users/forkman03/project/nome/simplex-chat/apps/multiplatform/common/src/androidMain/kotlin/chat/simplex/common/platform/VideoPlayer.android.kt:13:8 'class ProgressiveMediaSource : BaseMediaSource, ProgressiveMediaPeriod.Listener' is deprecated. Deprecated in Java.
w: file:///Users/forkman03/project/nome/simplex-chat/apps/multiplatform/common/src/androidMain/kotlin/chat/simplex/common/platform/VideoPlayer.android.kt:14:8 'class DefaultDataSource : Any, DataSource' is deprecated. Deprecated in Java.
w: file:///Users/forkman03/project/nome/simplex-chat/apps/multiplatform/common/src/androidMain/kotlin/chat/simplex/common/platform/VideoPlayer.android.kt:15:8 'class DefaultHttpDataSource : BaseDataSource, HttpDataSource' is deprecated. Deprecated in Java.
w: file:///Users/forkman03/project/nome/simplex-chat/apps/multiplatform/common/src/androidMain/kotlin/chat/simplex/common/platform/VideoPlayer.android.kt:20:1 'expect'/'actual' classes (including interfaces, objects, annotations, enums, and 'actual' typealiases) are in Beta. Consider using the '-Xexpect-actual-classes' flag to suppress this warning. Also see: https://youtrack.jetbrains.com/issue/KT-61573
w: file:///Users/forkman03/project/nome/simplex-chat/apps/multiplatform/common/src/androidMain/kotlin/chat/simplex/common/platform/VideoPlayer.android.kt:40:16 'interface ExoPlayer : Any, Player' is deprecated. Deprecated in Java.
w: file:///Users/forkman03/project/nome/simplex-chat/apps/multiplatform/common/src/androidMain/kotlin/chat/simplex/common/platform/VideoPlayer.android.kt:41:5 'constructor(p0: Context): DefaultRenderersFactory' is deprecated. Deprecated in Java.
w: file:///Users/forkman03/project/nome/simplex-chat/apps/multiplatform/common/src/androidMain/kotlin/chat/simplex/common/platform/VideoPlayer.android.kt:50:20 'interface Player : Any' is deprecated. Deprecated in Java.
w: file:///Users/forkman03/project/nome/simplex-chat/apps/multiplatform/common/src/androidMain/kotlin/chat/simplex/common/platform/VideoPlayer.android.kt:56:9 'class AudioAttributes : Any, Bundleable' is deprecated. Deprecated in Java.
w: file:///Users/forkman03/project/nome/simplex-chat/apps/multiplatform/common/src/androidMain/kotlin/chat/simplex/common/platform/VideoPlayer.android.kt:57:27 'static field CONTENT_TYPE_MUSIC: Int' is deprecated. Deprecated in Java.
w: file:///Users/forkman03/project/nome/simplex-chat/apps/multiplatform/common/src/androidMain/kotlin/chat/simplex/common/platform/VideoPlayer.android.kt:86:33 'class DefaultDataSource : Any, DataSource' is deprecated. Deprecated in Java.
w: file:///Users/forkman03/project/nome/simplex-chat/apps/multiplatform/common/src/androidMain/kotlin/chat/simplex/common/platform/VideoPlayer.android.kt:86:78 'class DefaultHttpDataSource : BaseDataSource, HttpDataSource' is deprecated. Deprecated in Java.
w: file:///Users/forkman03/project/nome/simplex-chat/apps/multiplatform/common/src/androidMain/kotlin/chat/simplex/common/platform/VideoPlayer.android.kt:87:22 'class ProgressiveMediaSource : BaseMediaSource, ProgressiveMediaPeriod.Listener' is deprecated. Deprecated in Java.
w: file:///Users/forkman03/project/nome/simplex-chat/apps/multiplatform/common/src/androidMain/kotlin/chat/simplex/common/platform/VideoPlayer.android.kt:87:90 'class MediaItem : Any, Bundleable' is deprecated. Deprecated in Java.
w: file:///Users/forkman03/project/nome/simplex-chat/apps/multiplatform/common/src/androidMain/kotlin/chat/simplex/common/platform/VideoPlayer.android.kt:111:50 'interface Player : Any' is deprecated. Deprecated in Java.
w: file:///Users/forkman03/project/nome/simplex-chat/apps/multiplatform/common/src/androidMain/kotlin/chat/simplex/common/views/call/CallAudioDeviceManager.kt:141:8 'fun stopBluetoothSco(): Unit' is deprecated. Deprecated in Java.
w: file:///Users/forkman03/project/nome/simplex-chat/apps/multiplatform/common/src/androidMain/kotlin/chat/simplex/common/views/call/CallAudioDeviceManager.kt:151:10 'fun stopBluetoothSco(): Unit' is deprecated. Deprecated in Java.
w: file:///Users/forkman03/project/nome/simplex-chat/apps/multiplatform/common/src/androidMain/kotlin/chat/simplex/common/views/call/CallAudioDeviceManager.kt:152:10 'var isWiredHeadsetOn: Boolean' is deprecated. Deprecated in Java.
w: file:///Users/forkman03/project/nome/simplex-chat/apps/multiplatform/common/src/androidMain/kotlin/chat/simplex/common/views/call/CallAudioDeviceManager.kt:153:10 'var isSpeakerphoneOn: Boolean' is deprecated. Deprecated in Java.
w: file:///Users/forkman03/project/nome/simplex-chat/apps/multiplatform/common/src/androidMain/kotlin/chat/simplex/common/views/call/CallAudioDeviceManager.kt:164:10 'var isSpeakerphoneOn: Boolean' is deprecated. Deprecated in Java.
w: file:///Users/forkman03/project/nome/simplex-chat/apps/multiplatform/common/src/androidMain/kotlin/chat/simplex/common/views/call/CallAudioDeviceManager.kt:166:12 'var isWiredHeadsetOn: Boolean' is deprecated. Deprecated in Java.
w: file:///Users/forkman03/project/nome/simplex-chat/apps/multiplatform/common/src/androidMain/kotlin/chat/simplex/common/views/call/CallAudioDeviceManager.kt:167:12 'fun stopBluetoothSco(): Unit' is deprecated. Deprecated in Java.
w: file:///Users/forkman03/project/nome/simplex-chat/apps/multiplatform/common/src/androidMain/kotlin/chat/simplex/common/views/call/CallAudioDeviceManager.kt:170:12 'var isWiredHeadsetOn: Boolean' is deprecated. Deprecated in Java.
w: file:///Users/forkman03/project/nome/simplex-chat/apps/multiplatform/common/src/androidMain/kotlin/chat/simplex/common/views/call/CallAudioDeviceManager.kt:171:12 'fun startBluetoothSco(): Unit' is deprecated. Deprecated in Java.
w: file:///Users/forkman03/project/nome/simplex-chat/apps/multiplatform/common/src/androidMain/kotlin/chat/simplex/common/views/call/CallAudioDeviceManager.kt:176:10 'fun stopBluetoothSco(): Unit' is deprecated. Deprecated in Java.
w: file:///Users/forkman03/project/nome/simplex-chat/apps/multiplatform/common/src/androidMain/kotlin/chat/simplex/common/views/call/CallAudioDeviceManager.kt:177:10 'var isWiredHeadsetOn: Boolean' is deprecated. Deprecated in Java.
w: file:///Users/forkman03/project/nome/simplex-chat/apps/multiplatform/common/src/androidMain/kotlin/chat/simplex/common/views/call/CallAudioDeviceManager.kt:178:10 'var isSpeakerphoneOn: Boolean' is deprecated. Deprecated in Java.
w: file:///Users/forkman03/project/nome/simplex-chat/apps/multiplatform/common/src/androidMain/kotlin/chat/simplex/common/views/call/CallView.android.kt:323:8 'var isSpeakerphoneOn: Boolean' is deprecated. Deprecated in Java.
w: file:///Users/forkman03/project/nome/simplex-chat/apps/multiplatform/common/src/androidMain/kotlin/chat/simplex/common/views/call/CallView.android.kt:324:8 'fun stopBluetoothSco(): Unit' is deprecated. Deprecated in Java.
w: file:///Users/forkman03/project/nome/simplex-chat/apps/multiplatform/common/src/androidMain/kotlin/chat/simplex/common/views/chat/item/CIVideoView.android.kt:15:8 'class AspectRatioFrameLayout : FrameLayout' is deprecated. Deprecated in Java.
w: file:///Users/forkman03/project/nome/simplex-chat/apps/multiplatform/common/src/androidMain/kotlin/chat/simplex/common/views/chat/item/CIVideoView.android.kt:16:8 'class StyledPlayerView : FrameLayout, AdViewProvider' is deprecated. Deprecated in Java.
w: file:///Users/forkman03/project/nome/simplex-chat/apps/multiplatform/common/src/androidMain/kotlin/chat/simplex/common/views/chat/item/CIVideoView.android.kt:22:7 'constructor(p0: Context): StyledPlayerView' is deprecated. Deprecated in Java.
w: file:///Users/forkman03/project/nome/simplex-chat/apps/multiplatform/common/src/androidMain/kotlin/chat/simplex/common/views/chat/item/ChatItemView.android.kt:8:8 'interface ClipboardManager : Any' is deprecated. Use Clipboard instead, which supports suspend functions.
w: file:///Users/forkman03/project/nome/simplex-chat/apps/multiplatform/common/src/androidMain/kotlin/chat/simplex/common/views/chat/item/ChatItemView.android.kt:47:60 'interface ClipboardManager : Any' is deprecated. Use Clipboard instead, which supports suspend functions.
w: file:///Users/forkman03/project/nome/simplex-chat/apps/multiplatform/common/src/androidMain/kotlin/chat/simplex/common/views/chat/item/ImageFullScreenView.android.kt:23:8 'class AspectRatioFrameLayout : FrameLayout' is deprecated. Deprecated in Java.
w: file:///Users/forkman03/project/nome/simplex-chat/apps/multiplatform/common/src/androidMain/kotlin/chat/simplex/common/views/chat/item/ImageFullScreenView.android.kt:24:8 'class StyledPlayerView : FrameLayout, AdViewProvider' is deprecated. Deprecated in Java.
w: file:///Users/forkman03/project/nome/simplex-chat/apps/multiplatform/common/src/androidMain/kotlin/chat/simplex/common/views/chat/item/ImageFullScreenView.android.kt:47:7 'constructor(p0: Context): StyledPlayerView' is deprecated. Deprecated in Java.
w: file:///Users/forkman03/project/nome/simplex-chat/apps/multiplatform/common/src/androidMain/kotlin/chat/simplex/common/views/chat/item/ImageFullScreenView.android.kt:49:11 'class AspectRatioFrameLayout : FrameLayout' is deprecated. Deprecated in Java.
w: file:///Users/forkman03/project/nome/simplex-chat/apps/multiplatform/common/src/androidMain/kotlin/chat/simplex/common/views/chat/item/ImageFullScreenView.android.kt:51:11 'class AspectRatioFrameLayout : FrameLayout' is deprecated. Deprecated in Java.
w: file:///Users/forkman03/project/nome/simplex-chat/apps/multiplatform/common/src/androidMain/kotlin/chat/simplex/common/views/chatlist/UserPicker.android.kt:213:20 'fun <T> Modifier.swipeable(state: SwipeableState<T>, anchors: Map<Float, T>, orientation: Orientation, enabled: Boolean = ..., reverseDirection: Boolean = ..., interactionSource: MutableInteractionSource? = ..., thresholds: (@ParameterName(...) T, @ParameterName(...) T) -> ThresholdConfig = ..., resistance: ResistanceConfig? = ..., velocityThreshold: Dp = ...): Modifier' is deprecated. Material's Swipeable has been replaced by Foundation's AnchoredDraggable APIs. Please see developer.android.com for an overview of the changes and a migration guide.
w: file:///Users/forkman03/project/nome/simplex-chat/apps/multiplatform/common/src/androidMain/kotlin/chat/simplex/common/views/chatlist/UserPicker.android.kt:216:26 'constructor(fraction: Float): FractionalThreshold' is deprecated. Material's Swipeable has been replaced by Foundation's AnchoredDraggable APIs. Please see developer.android.com for an overview of the changes and a migration guide.
w: file:///Users/forkman03/project/nome/simplex-chat/apps/multiplatform/common/src/androidMain/kotlin/chat/simplex/common/views/helpers/GetImageView.android.kt:76:49 Java type mismatch: inferred type is 'String?', but 'String' was expected.
w: file:///Users/forkman03/project/nome/simplex-chat/apps/multiplatform/common/src/androidMain/kotlin/chat/simplex/common/views/newchat/QRCodeScanner.android.kt:48:24 'val LocalLifecycleOwner: ProvidableCompositionLocal<LifecycleOwner>' is deprecated. Moved to lifecycle-runtime-compose library in androidx.lifecycle.compose package.
w: file:///Users/forkman03/project/nome/simplex-chat/apps/multiplatform/common/src/commonMain/kotlin/chat/simplex/common/model/ChatModel.kt:4128:3 Class 'MsgReactionSerializer', which is serializer for type 'MsgReaction', is applied here to type 'MsgReaction.Emoji'. This may lead to errors or incorrect behavior.
w: file:///Users/forkman03/project/nome/simplex-chat/apps/multiplatform/common/src/commonMain/kotlin/chat/simplex/common/model/ChatModel.kt:4129:3 Class 'MsgReactionSerializer', which is serializer for type 'MsgReaction', is applied here to type 'MsgReaction.Unknown'. This may lead to errors or incorrect behavior.
w: file:///Users/forkman03/project/nome/simplex-chat/apps/multiplatform/common/src/commonMain/kotlin/chat/simplex/common/model/SimpleXAPI.kt:637:7 Only safe (?.) or non-null asserted (!!.) calls are allowed on a nullable receiver of type 'File?'.
w: file:///Users/forkman03/project/nome/simplex-chat/apps/multiplatform/common/src/commonMain/kotlin/chat/simplex/common/model/SimpleXAPI.kt:2135:25 'val LocalClipboardManager: ProvidableCompositionLocal<ClipboardManager>' is deprecated. Use LocalClipboard instead which supports suspend functions.
w: file:///Users/forkman03/project/nome/simplex-chat/apps/multiplatform/common/src/commonMain/kotlin/chat/simplex/common/model/SimpleXAPI.kt:3355:39 'val LocalClipboardManager: ProvidableCompositionLocal<ClipboardManager>' is deprecated. Use LocalClipboard instead which supports suspend functions.
w: file:///Users/forkman03/project/nome/simplex-chat/apps/multiplatform/common/src/commonMain/kotlin/chat/simplex/common/platform/Core.kt:126:7 Only safe (?.) or non-null asserted (!!.) calls are allowed on a nullable receiver of type 'File?'.
w: file:///Users/forkman03/project/nome/simplex-chat/apps/multiplatform/common/src/commonMain/kotlin/chat/simplex/common/platform/Files.kt:101:3 Only safe (?.) or non-null asserted (!!.) calls are allowed on a nullable receiver of type 'File?'.
w: file:///Users/forkman03/project/nome/simplex-chat/apps/multiplatform/common/src/commonMain/kotlin/chat/simplex/common/platform/Files.kt:160:9 Only safe (?.) or non-null asserted (!!.) calls are allowed on a nullable receiver of type 'File?'.
w: file:///Users/forkman03/project/nome/simplex-chat/apps/multiplatform/common/src/commonMain/kotlin/chat/simplex/common/platform/Files.kt:184:1 'expect'/'actual' classes (including interfaces, objects, annotations, enums, and 'actual' typealiases) are in Beta. Consider using the '-Xexpect-actual-classes' flag to suppress this warning. Also see: https://youtrack.jetbrains.com/issue/KT-61573
w: file:///Users/forkman03/project/nome/simplex-chat/apps/multiplatform/common/src/commonMain/kotlin/chat/simplex/common/platform/Files.kt:188:1 'expect'/'actual' classes (including interfaces, objects, annotations, enums, and 'actual' typealiases) are in Beta. Consider using the '-Xexpect-actual-classes' flag to suppress this warning. Also see: https://youtrack.jetbrains.com/issue/KT-61573
w: file:///Users/forkman03/project/nome/simplex-chat/apps/multiplatform/common/src/commonMain/kotlin/chat/simplex/common/platform/Log.kt:9:1 'expect'/'actual' classes (including interfaces, objects, annotations, enums, and 'actual' typealiases) are in Beta. Consider using the '-Xexpect-actual-classes' flag to suppress this warning. Also see: https://youtrack.jetbrains.com/issue/KT-61573
w: file:///Users/forkman03/project/nome/simplex-chat/apps/multiplatform/common/src/commonMain/kotlin/chat/simplex/common/platform/RecAndPlay.kt:17:1 'expect'/'actual' classes (including interfaces, objects, annotations, enums, and 'actual' typealiases) are in Beta. Consider using the '-Xexpect-actual-classes' flag to suppress this warning. Also see: https://youtrack.jetbrains.com/issue/KT-61573
w: file:///Users/forkman03/project/nome/simplex-chat/apps/multiplatform/common/src/commonMain/kotlin/chat/simplex/common/platform/RecAndPlay.kt:47:1 'expect'/'actual' classes (including interfaces, objects, annotations, enums, and 'actual' typealiases) are in Beta. Consider using the '-Xexpect-actual-classes' flag to suppress this warning. Also see: https://youtrack.jetbrains.com/issue/KT-61573
w: file:///Users/forkman03/project/nome/simplex-chat/apps/multiplatform/common/src/commonMain/kotlin/chat/simplex/common/platform/RecAndPlay.kt:61:1 'expect'/'actual' classes (including interfaces, objects, annotations, enums, and 'actual' typealiases) are in Beta. Consider using the '-Xexpect-actual-classes' flag to suppress this warning. Also see: https://youtrack.jetbrains.com/issue/KT-61573
w: file:///Users/forkman03/project/nome/simplex-chat/apps/multiplatform/common/src/commonMain/kotlin/chat/simplex/common/platform/RecAndPlay.kt:63:1 'expect'/'actual' classes (including interfaces, objects, annotations, enums, and 'actual' typealiases) are in Beta. Consider using the '-Xexpect-actual-classes' flag to suppress this warning. Also see: https://youtrack.jetbrains.com/issue/KT-61573
w: file:///Users/forkman03/project/nome/simplex-chat/apps/multiplatform/common/src/commonMain/kotlin/chat/simplex/common/platform/Share.kt:3:8 'interface ClipboardManager : Any' is deprecated. Use Clipboard instead, which supports suspend functions.
w: file:///Users/forkman03/project/nome/simplex-chat/apps/multiplatform/common/src/commonMain/kotlin/chat/simplex/common/platform/Share.kt:9:12 'interface ClipboardManager : Any' is deprecated. Use Clipboard instead, which supports suspend functions.
w: file:///Users/forkman03/project/nome/simplex-chat/apps/multiplatform/common/src/commonMain/kotlin/chat/simplex/common/platform/UI.kt:24:1 'expect'/'actual' classes (including interfaces, objects, annotations, enums, and 'actual' typealiases) are in Beta. Consider using the '-Xexpect-actual-classes' flag to suppress this warning. Also see: https://youtrack.jetbrains.com/issue/KT-61573
w: file:///Users/forkman03/project/nome/simplex-chat/apps/multiplatform/common/src/commonMain/kotlin/chat/simplex/common/platform/VideoPlayer.kt:25:1 'expect'/'actual' classes (including interfaces, objects, annotations, enums, and 'actual' typealiases) are in Beta. Consider using the '-Xexpect-actual-classes' flag to suppress this warning. Also see: https://youtrack.jetbrains.com/issue/KT-61573
w: file:///Users/forkman03/project/nome/simplex-chat/apps/multiplatform/common/src/commonMain/kotlin/chat/simplex/common/views/TerminalView.kt:169:23 'val LocalClipboardManager: ProvidableCompositionLocal<ClipboardManager>' is deprecated. Use LocalClipboard instead which supports suspend functions.
w: file:///Users/forkman03/project/nome/simplex-chat/apps/multiplatform/common/src/commonMain/kotlin/chat/simplex/common/views/chat/ChatInfoView.kt:632:25 'val LocalClipboardManager: ProvidableCompositionLocal<ClipboardManager>' is deprecated. Use LocalClipboard instead which supports suspend functions.
w: file:///Users/forkman03/project/nome/simplex-chat/apps/multiplatform/common/src/commonMain/kotlin/chat/simplex/common/views/chat/ChatInfoView.kt:739:21 'val LocalClipboardManager: ProvidableCompositionLocal<ClipboardManager>' is deprecated. Use LocalClipboard instead which supports suspend functions.
w: file:///Users/forkman03/project/nome/simplex-chat/apps/multiplatform/common/src/commonMain/kotlin/chat/simplex/common/views/chat/ChatInfoView.kt:1125:25 'interface ClipboardManager : Any' is deprecated. Use Clipboard instead, which supports suspend functions.
w: file:///Users/forkman03/project/nome/simplex-chat/apps/multiplatform/common/src/commonMain/kotlin/chat/simplex/common/views/chat/ChatInfoView.kt:1125:44 'val LocalClipboardManager: ProvidableCompositionLocal<ClipboardManager>' is deprecated. Use LocalClipboard instead which supports suspend functions.
w: file:///Users/forkman03/project/nome/simplex-chat/apps/multiplatform/common/src/commonMain/kotlin/chat/simplex/common/views/chat/ChatItemInfoView.kt:109:25 'val LocalClipboardManager: ProvidableCompositionLocal<ClipboardManager>' is deprecated. Use LocalClipboard instead which supports suspend functions.
w: file:///Users/forkman03/project/nome/simplex-chat/apps/multiplatform/common/src/commonMain/kotlin/chat/simplex/common/views/chat/ChatItemInfoView.kt:149:25 'val LocalClipboardManager: ProvidableCompositionLocal<ClipboardManager>' is deprecated. Use LocalClipboard instead which supports suspend functions.
w: file:///Users/forkman03/project/nome/simplex-chat/apps/multiplatform/common/src/commonMain/kotlin/chat/simplex/common/views/chat/ChatView.kt:248:21 'val LocalClipboardManager: ProvidableCompositionLocal<ClipboardManager>' is deprecated. Use LocalClipboard instead which supports suspend functions.
w: file:///Users/forkman03/project/nome/simplex-chat/apps/multiplatform/common/src/commonMain/kotlin/chat/simplex/common/views/chat/ChatView.kt:3095:10 Unchecked cast of 'Any?' to 'Pair<Long, Long>'.
w: file:///Users/forkman03/project/nome/simplex-chat/apps/multiplatform/common/src/commonMain/kotlin/chat/simplex/common/views/chat/ChatView.kt:3103:10 Unchecked cast of 'Any?' to 'Pair<Long, Long>'.
w: file:///Users/forkman03/project/nome/simplex-chat/apps/multiplatform/common/src/commonMain/kotlin/chat/simplex/common/views/chat/ComposeView.kt:96:1 @Serializer annotation has no effect on class 'object ComposeMessageSerializer : KSerializer<TextRange>', because all members of KSerializer are already overridden
w: file:///Users/forkman03/project/nome/simplex-chat/apps/multiplatform/common/src/commonMain/kotlin/chat/simplex/common/views/chat/TextSelection.kt:324:21 'val LocalClipboardManager: ProvidableCompositionLocal<ClipboardManager>' is deprecated. Use LocalClipboard instead which supports suspend functions.
w: file:///Users/forkman03/project/nome/simplex-chat/apps/multiplatform/common/src/commonMain/kotlin/chat/simplex/common/views/chat/VerifyCodeView.kt:84:25 'val LocalClipboardManager: ProvidableCompositionLocal<ClipboardManager>' is deprecated. Use LocalClipboard instead which supports suspend functions.
w: file:///Users/forkman03/project/nome/simplex-chat/apps/multiplatform/common/src/commonMain/kotlin/chat/simplex/common/views/chat/group/GroupChatInfoView.kt:910:21 'val LocalClipboardManager: ProvidableCompositionLocal<ClipboardManager>' is deprecated. Use LocalClipboard instead which supports suspend functions.
w: file:///Users/forkman03/project/nome/simplex-chat/apps/multiplatform/common/src/commonMain/kotlin/chat/simplex/common/views/chat/group/GroupChatInfoView.kt:1204:19 'val LocalClipboardManager: ProvidableCompositionLocal<ClipboardManager>' is deprecated. Use LocalClipboard instead which supports suspend functions.
w: file:///Users/forkman03/project/nome/simplex-chat/apps/multiplatform/common/src/commonMain/kotlin/chat/simplex/common/views/chat/group/GroupLinkView.kt:42:19 'val LocalClipboardManager: ProvidableCompositionLocal<ClipboardManager>' is deprecated. Use LocalClipboard instead which supports suspend functions.
w: file:///Users/forkman03/project/nome/simplex-chat/apps/multiplatform/common/src/commonMain/kotlin/chat/simplex/common/views/chat/group/GroupLinkView.kt:245:25 'val LocalClipboardManager: ProvidableCompositionLocal<ClipboardManager>' is deprecated. Use LocalClipboard instead which supports suspend functions.
w: file:///Users/forkman03/project/nome/simplex-chat/apps/multiplatform/common/src/commonMain/kotlin/chat/simplex/common/views/chat/group/GroupMemberInfoView.kt:572:25 'val LocalClipboardManager: ProvidableCompositionLocal<ClipboardManager>' is deprecated. Use LocalClipboard instead which supports suspend functions.
w: file:///Users/forkman03/project/nome/simplex-chat/apps/multiplatform/common/src/commonMain/kotlin/chat/simplex/common/views/chat/group/GroupMemberInfoView.kt:617:25 'val LocalClipboardManager: ProvidableCompositionLocal<ClipboardManager>' is deprecated. Use LocalClipboard instead which supports suspend functions.
w: file:///Users/forkman03/project/nome/simplex-chat/apps/multiplatform/common/src/commonMain/kotlin/chat/simplex/common/views/chat/group/GroupMemberInfoView.kt:765:21 'val LocalClipboardManager: ProvidableCompositionLocal<ClipboardManager>' is deprecated. Use LocalClipboard instead which supports suspend functions.
w: file:///Users/forkman03/project/nome/simplex-chat/apps/multiplatform/common/src/commonMain/kotlin/chat/simplex/common/views/chat/group/WelcomeMessageView.kt:126:23 'val LocalClipboardManager: ProvidableCompositionLocal<ClipboardManager>' is deprecated. Use LocalClipboard instead which supports suspend functions.
w: file:///Users/forkman03/project/nome/simplex-chat/apps/multiplatform/common/src/commonMain/kotlin/chat/simplex/common/views/chat/group/WelcomeMessageView.kt:136:23 'val LocalClipboardManager: ProvidableCompositionLocal<ClipboardManager>' is deprecated. Use LocalClipboard instead which supports suspend functions.
w: file:///Users/forkman03/project/nome/simplex-chat/apps/multiplatform/common/src/commonMain/kotlin/chat/simplex/common/views/chat/item/CIInvalidJSONView.kt:21:19 'val LocalClipboardManager: ProvidableCompositionLocal<ClipboardManager>' is deprecated. Use LocalClipboard instead which supports suspend functions.
w: file:///Users/forkman03/project/nome/simplex-chat/apps/multiplatform/common/src/commonMain/kotlin/chat/simplex/common/views/chat/item/ChatItemView.kt:415:37 'val LocalClipboardManager: ProvidableCompositionLocal<ClipboardManager>' is deprecated. Use LocalClipboard instead which supports suspend functions.
w: file:///Users/forkman03/project/nome/simplex-chat/apps/multiplatform/common/src/commonMain/kotlin/chat/simplex/common/views/chat/item/ChatItemView.kt:1252:5 'fun quadraticBezierTo(x1: Float, y1: Float, x2: Float, y2: Float): Unit' is deprecated. Use quadraticTo() for consistency with cubicTo().
w: file:///Users/forkman03/project/nome/simplex-chat/apps/multiplatform/common/src/commonMain/kotlin/chat/simplex/common/views/chat/item/ChatItemView.kt:1258:5 'fun quadraticBezierTo(x1: Float, y1: Float, x2: Float, y2: Float): Unit' is deprecated. Use quadraticTo() for consistency with cubicTo().
w: file:///Users/forkman03/project/nome/simplex-chat/apps/multiplatform/common/src/commonMain/kotlin/chat/simplex/common/views/chat/item/ChatItemView.kt:1265:7 'fun quadraticBezierTo(x1: Float, y1: Float, x2: Float, y2: Float): Unit' is deprecated. Use quadraticTo() for consistency with cubicTo().
w: file:///Users/forkman03/project/nome/simplex-chat/apps/multiplatform/common/src/commonMain/kotlin/chat/simplex/common/views/chat/item/ChatItemView.kt:1276:7 'fun quadraticBezierTo(x1: Float, y1: Float, x2: Float, y2: Float): Unit' is deprecated. Use quadraticTo() for consistency with cubicTo().
w: file:///Users/forkman03/project/nome/simplex-chat/apps/multiplatform/common/src/commonMain/kotlin/chat/simplex/common/views/chat/item/ChatItemView.kt:1284:5 'fun quadraticBezierTo(x1: Float, y1: Float, x2: Float, y2: Float): Unit' is deprecated. Use quadraticTo() for consistency with cubicTo().
w: file:///Users/forkman03/project/nome/simplex-chat/apps/multiplatform/common/src/commonMain/kotlin/chat/simplex/common/views/chat/item/ChatItemView.kt:1468:60 'interface ClipboardManager : Any' is deprecated. Use Clipboard instead, which supports suspend functions.
w: file:///Users/forkman03/project/nome/simplex-chat/apps/multiplatform/common/src/commonMain/kotlin/chat/simplex/common/views/chatlist/ChatListView.kt:572:19 'val LocalClipboardManager: ProvidableCompositionLocal<ClipboardManager>' is deprecated. Use LocalClipboard instead which supports suspend functions.
w: file:///Users/forkman03/project/nome/simplex-chat/apps/multiplatform/common/src/commonMain/kotlin/chat/simplex/common/views/database/DatabaseEncryptionView.kt:332:25 'constructor(capitalization: KeyboardCapitalization = ..., autoCorrect: Boolean, keyboardType: KeyboardType = ..., imeAction: ImeAction = ..., platformImeOptions: PlatformImeOptions? = ..., showKeyboardOnFocus: Boolean? = ..., hintLocales: LocaleList? = ...): KeyboardOptions' is deprecated. Please use the new constructor that takes optional autoCorrectEnabled parameter.
w: file:///Users/forkman03/project/nome/simplex-chat/apps/multiplatform/common/src/commonMain/kotlin/chat/simplex/common/views/helpers/AlertManager.kt:222:31 'val LocalClipboardManager: ProvidableCompositionLocal<ClipboardManager>' is deprecated. Use LocalClipboard instead which supports suspend functions.
w: file:///Users/forkman03/project/nome/simplex-chat/apps/multiplatform/common/src/commonMain/kotlin/chat/simplex/common/views/helpers/AlertManager.kt:223:38 Condition is always 'true'.
w: file:///Users/forkman03/project/nome/simplex-chat/apps/multiplatform/common/src/commonMain/kotlin/chat/simplex/common/views/helpers/DefaultBasicTextField.kt:135:25 'constructor(capitalization: KeyboardCapitalization = ..., autoCorrect: Boolean, keyboardType: KeyboardType = ..., imeAction: ImeAction = ..., platformImeOptions: PlatformImeOptions? = ..., showKeyboardOnFocus: Boolean? = ..., hintLocales: LocaleList? = ...): KeyboardOptions' is deprecated. Please use the new constructor that takes optional autoCorrectEnabled parameter.
w: file:///Users/forkman03/project/nome/simplex-chat/apps/multiplatform/common/src/commonMain/kotlin/chat/simplex/common/views/helpers/Enums.kt:43:1 @Serializer annotation has no effect on class 'object UriSerializer : KSerializer<URI>', because all members of KSerializer are already overridden
w: file:///Users/forkman03/project/nome/simplex-chat/apps/multiplatform/common/src/commonMain/kotlin/chat/simplex/common/views/helpers/GestureDetector.kt:53:3 'suspend fun PointerInputScope.forEachGesture(block: suspend PointerInputScope.() -> Unit): Unit' is deprecated. Use awaitEachGesture instead. forEachGesture() can drop events between gestures.
w: file:///Users/forkman03/project/nome/simplex-chat/apps/multiplatform/common/src/commonMain/kotlin/chat/simplex/common/views/helpers/GestureDetector.kt:59:14 'fun PointerInputChange.consumeDownChange(): Unit' is deprecated. Partial consumption has been deprecated. Use consume() instead.
w: file:///Users/forkman03/project/nome/simplex-chat/apps/multiplatform/common/src/commonMain/kotlin/chat/simplex/common/views/helpers/GestureDetector.kt:76:24 'fun PointerInputChange.consumeDownChange(): Unit' is deprecated. Partial consumption has been deprecated. Use consume() instead.
w: file:///Users/forkman03/project/nome/simplex-chat/apps/multiplatform/common/src/commonMain/kotlin/chat/simplex/common/views/helpers/GestureDetector.kt:96:3 'suspend fun PointerInputScope.forEachGesture(block: suspend PointerInputScope.() -> Unit): Unit' is deprecated. Use awaitEachGesture instead. forEachGesture() can drop events between gestures.
w: file:///Users/forkman03/project/nome/simplex-chat/apps/multiplatform/common/src/commonMain/kotlin/chat/simplex/common/views/helpers/GestureDetector.kt:109:32 'fun PointerInputChange.consumeAllChanges(): Unit' is deprecated. Use consume() instead.
w: file:///Users/forkman03/project/nome/simplex-chat/apps/multiplatform/common/src/commonMain/kotlin/chat/simplex/common/views/helpers/GestureDetector.kt:141:12 'val consumed: ConsumedData' is deprecated. use isConsumed and consume() pair of methods instead.
w: file:///Users/forkman03/project/nome/simplex-chat/apps/multiplatform/common/src/commonMain/kotlin/chat/simplex/common/views/helpers/GestureDetector.kt:141:21 'var downChange: Boolean' is deprecated. Partial consumption was deprecated. Use PointerEvent.isConsumed and PointerEvent.consume() instead.
w: file:///Users/forkman03/project/nome/simplex-chat/apps/multiplatform/common/src/commonMain/kotlin/chat/simplex/common/views/helpers/GestureDetector.kt:147:39 'fun PointerInputChange.positionChangeConsumed(): Boolean' is deprecated. Partial consumption has been deprecated. Use isConsumed instead.
w: file:///Users/forkman03/project/nome/simplex-chat/apps/multiplatform/common/src/commonMain/kotlin/chat/simplex/common/views/helpers/GestureDetector.kt:254:3 'suspend fun PointerInputScope.forEachGesture(block: suspend PointerInputScope.() -> Unit): Unit' is deprecated. Use awaitEachGesture instead. forEachGesture() can drop events between gestures.
w: file:///Users/forkman03/project/nome/simplex-chat/apps/multiplatform/common/src/commonMain/kotlin/chat/simplex/common/views/helpers/LinkPreviews.kt:131:19 Condition is always 'true'.
w: file:///Users/forkman03/project/nome/simplex-chat/apps/multiplatform/common/src/commonMain/kotlin/chat/simplex/common/views/helpers/ModalView.kt:79:62 Unchecked cast of 'MutableState<Any?>' to 'MutableState<T (of fun <T> stateGetOrPut)>'.
w: file:///Users/forkman03/project/nome/simplex-chat/apps/multiplatform/common/src/commonMain/kotlin/chat/simplex/common/views/helpers/ModalView.kt:82:63 Unchecked cast of 'MutableState<Any?>' to 'MutableState<T? (of fun <T> stateGetOrPutNullable)>'.
w: file:///Users/forkman03/project/nome/simplex-chat/apps/multiplatform/common/src/commonMain/kotlin/chat/simplex/common/views/helpers/ModalView.kt:268:9 'fun EnterTransition.with(exit: ExitTransition): ContentTransform' is deprecated. Infix fun EnterTransition.with(ExitTransition) has been renamed to togetherWith.
w: file:///Users/forkman03/project/nome/simplex-chat/apps/multiplatform/common/src/commonMain/kotlin/chat/simplex/common/views/helpers/ModalView.kt:278:9 'fun EnterTransition.with(exit: ExitTransition): ContentTransform' is deprecated. Infix fun EnterTransition.with(ExitTransition) has been renamed to togetherWith.
w: file:///Users/forkman03/project/nome/simplex-chat/apps/multiplatform/common/src/commonMain/kotlin/chat/simplex/common/views/helpers/Modifiers.kt:37:19 'fun <T> Modifier.swipeable(state: SwipeableState<T>, anchors: Map<Float, T>, orientation: Orientation, enabled: Boolean = ..., reverseDirection: Boolean = ..., interactionSource: MutableInteractionSource? = ..., thresholds: (@ParameterName(...) T, @ParameterName(...) T) -> ThresholdConfig = ..., resistance: ResistanceConfig? = ..., velocityThreshold: Dp = ...): Modifier' is deprecated. Material's Swipeable has been replaced by Foundation's AnchoredDraggable APIs. Please see developer.android.com for an overview of the changes and a migration guide.
w: file:///Users/forkman03/project/nome/simplex-chat/apps/multiplatform/common/src/commonMain/kotlin/chat/simplex/common/views/helpers/Modifiers.kt:40:28 'constructor(fraction: Float): FractionalThreshold' is deprecated. Material's Swipeable has been replaced by Foundation's AnchoredDraggable APIs. Please see developer.android.com for an overview of the changes and a migration guide.
w: file:///Users/forkman03/project/nome/simplex-chat/apps/multiplatform/common/src/commonMain/kotlin/chat/simplex/common/views/helpers/TextEditor.kt:70:25 'constructor(capitalization: KeyboardCapitalization = ..., autoCorrect: Boolean, keyboardType: KeyboardType = ..., imeAction: ImeAction = ..., platformImeOptions: PlatformImeOptions? = ..., showKeyboardOnFocus: Boolean? = ..., hintLocales: LocaleList? = ...): KeyboardOptions' is deprecated. Please use the new constructor that takes optional autoCorrectEnabled parameter.
w: file:///Users/forkman03/project/nome/simplex-chat/apps/multiplatform/common/src/commonMain/kotlin/chat/simplex/common/views/helpers/Utils.kt:334:3 Only safe (?.) or non-null asserted (!!.) calls are allowed on a nullable receiver of type 'File?'.
w: file:///Users/forkman03/project/nome/simplex-chat/apps/multiplatform/common/src/commonMain/kotlin/chat/simplex/common/views/helpers/Utils.kt:366:3 Only safe (?.) or non-null asserted (!!.) calls are allowed on a nullable receiver of type 'File?'.
w: file:///Users/forkman03/project/nome/simplex-chat/apps/multiplatform/common/src/commonMain/kotlin/chat/simplex/common/views/migration/MigrateToDevice.kt:228:19 'val LocalClipboardManager: ProvidableCompositionLocal<ClipboardManager>' is deprecated. Use LocalClipboard instead which supports suspend functions.
w: file:///Users/forkman03/project/nome/simplex-chat/apps/multiplatform/common/src/commonMain/kotlin/chat/simplex/common/views/newchat/ContactConnectionInfoView.kt:159:19 'val LocalClipboardManager: ProvidableCompositionLocal<ClipboardManager>' is deprecated. Use LocalClipboard instead which supports suspend functions.
w: file:///Users/forkman03/project/nome/simplex-chat/apps/multiplatform/common/src/commonMain/kotlin/chat/simplex/common/views/newchat/NewChatView.kt:673:21 'val LocalClipboardManager: ProvidableCompositionLocal<ClipboardManager>' is deprecated. Use LocalClipboard instead which supports suspend functions.
w: file:///Users/forkman03/project/nome/simplex-chat/apps/multiplatform/common/src/commonMain/kotlin/chat/simplex/common/views/newchat/NewChatView.kt:713:19 'val LocalClipboardManager: ProvidableCompositionLocal<ClipboardManager>' is deprecated. Use LocalClipboard instead which supports suspend functions.
w: file:///Users/forkman03/project/nome/simplex-chat/apps/multiplatform/common/src/commonMain/kotlin/chat/simplex/common/views/onboarding/WhatsNewView.kt:933:19 'val LocalClipboardManager: ProvidableCompositionLocal<ClipboardManager>' is deprecated. Use LocalClipboard instead which supports suspend functions.
w: file:///Users/forkman03/project/nome/simplex-chat/apps/multiplatform/common/src/commonMain/kotlin/chat/simplex/common/views/remote/ConnectDesktopView.kt:368:19 'val LocalClipboardManager: ProvidableCompositionLocal<ClipboardManager>' is deprecated. Use LocalClipboard instead which supports suspend functions.
w: file:///Users/forkman03/project/nome/simplex-chat/apps/multiplatform/common/src/commonMain/kotlin/chat/simplex/common/views/remote/ConnectMobileView.kt:208:27 'val LocalClipboardManager: ProvidableCompositionLocal<ClipboardManager>' is deprecated. Use LocalClipboard instead which supports suspend functions.
w: file:///Users/forkman03/project/nome/simplex-chat/apps/multiplatform/common/src/commonMain/kotlin/chat/simplex/common/views/usersettings/Appearance.kt:1039:23 'val LocalClipboardManager: ProvidableCompositionLocal<ClipboardManager>' is deprecated. Use LocalClipboard instead which supports suspend functions.
w: file:///Users/forkman03/project/nome/simplex-chat/apps/multiplatform/common/src/commonMain/kotlin/chat/simplex/common/views/usersettings/UserAddressView.kt:48:19 'val LocalClipboardManager: ProvidableCompositionLocal<ClipboardManager>' is deprecated. Use LocalClipboard instead which supports suspend functions.

> Task :common:compileDebugJavaWithJavac NO-SOURCE
> Task :common:processDebugJavaRes
> Task :common:extractDebugAnnotations
> Task :common:mergeDebugGeneratedProguardFiles
> Task :common:mergeDebugConsumerProguardFiles
> Task :common:mergeDebugJavaResource
> Task :common:generateDebugLintModel
> Task :common:bundleLibRuntimeToJarDebug
> Task :common:bundleLibCompileToJarDebug
> Task :common:syncDebugLibJars
> Task :common:bundleDebugLocalLintAar
> Task :common:createFullJarDebug
> Task :common:generateDebugAndroidTestLintModel
> Task :common:generateDebugUnitTestLintModel

> Task :android:compileDebugKotlin
w: Opt-in requirement marker com.google.accompanist.insets.ExperimentalAnimatedInsets is unresolved. Please make sure it's present in the module dependencies
w: file:///Users/forkman03/project/nome/simplex-chat/apps/multiplatform/android/src/main/java/chat/simplex/app/MainActivity.kt:11:8 'interface ClipboardManager : Any' is deprecated. Use Clipboard instead, which supports suspend functions.
w: file:///Users/forkman03/project/nome/simplex-chat/apps/multiplatform/android/src/main/java/chat/simplex/app/MainActivity.kt:30:43 'static field SYSTEM_UI_FLAG_LAYOUT_FULLSCREEN: Int' is deprecated. Deprecated in Java.
w: file:///Users/forkman03/project/nome/simplex-chat/apps/multiplatform/android/src/main/java/chat/simplex/app/MainActivity.kt:108:16 This declaration overrides a deprecated member but is not marked as deprecated itself. Add the '@Deprecated' annotation or suppress the diagnostic.
w: file:///Users/forkman03/project/nome/simplex-chat/apps/multiplatform/android/src/main/java/chat/simplex/app/MainActivity.kt:116:13 'fun onBackPressed(): Unit' is deprecated. This method has been deprecated in favor of using the
      {@link OnBackPressedDispatcher} via {@link #getOnBackPressedDispatcher()}.
      The OnBackPressedDispatcher controls how back button events are dispatched
      to one or more {@link OnBackPressedCallback} objects.
w: file:///Users/forkman03/project/nome/simplex-chat/apps/multiplatform/android/src/main/java/chat/simplex/app/MainActivity.kt:183:28 'fun <T : Parcelable!> getParcelableExtra(p0: String!): T?' is deprecated. Deprecated in Java.
w: file:///Users/forkman03/project/nome/simplex-chat/apps/multiplatform/android/src/main/java/chat/simplex/app/MainActivity.kt:194:28 'fun <T : Parcelable!> getParcelableExtra(p0: String!): T?' is deprecated. Deprecated in Java.
w: file:///Users/forkman03/project/nome/simplex-chat/apps/multiplatform/android/src/main/java/chat/simplex/app/MainActivity.kt:201:28 'fun <T : Parcelable!> getParcelableExtra(p0: String!): T?' is deprecated. Deprecated in Java.
w: file:///Users/forkman03/project/nome/simplex-chat/apps/multiplatform/android/src/main/java/chat/simplex/app/MainActivity.kt:216:29 'fun <T : Parcelable!> getParcelableArrayListExtra(p0: String!): ArrayList<T!>?' is deprecated. Deprecated in Java.
w: file:///Users/forkman03/project/nome/simplex-chat/apps/multiplatform/android/src/main/java/chat/simplex/app/MainActivity.kt:216:90 Unchecked cast of 'ArrayList<Parcelable!>?' to 'List<Uri>'.
w: file:///Users/forkman03/project/nome/simplex-chat/apps/multiplatform/android/src/main/java/chat/simplex/app/SimplexApp.kt:303:48 'static fun getWindowInsetsController(p0: View): WindowInsetsControllerCompat?' is deprecated. Deprecated in Java.
w: file:///Users/forkman03/project/nome/simplex-chat/apps/multiplatform/android/src/main/java/chat/simplex/app/SimplexApp.kt:307:16 'var navigationBarColor: Int' is deprecated. Deprecated in Java.
w: file:///Users/forkman03/project/nome/simplex-chat/apps/multiplatform/android/src/main/java/chat/simplex/app/SimplexApp.kt:312:28 'var systemUiVisibility: Int' is deprecated. Deprecated in Java.
w: file:///Users/forkman03/project/nome/simplex-chat/apps/multiplatform/android/src/main/java/chat/simplex/app/SimplexApp.kt:313:18 'static field SYSTEM_UI_FLAG_LIGHT_STATUS_BAR: Int' is deprecated. Deprecated in Java.
w: file:///Users/forkman03/project/nome/simplex-chat/apps/multiplatform/android/src/main/java/chat/simplex/app/SimplexApp.kt:313:58 'static field SYSTEM_UI_FLAG_LIGHT_NAVIGATION_BAR: Int' is deprecated. Deprecated in Java.
w: file:///Users/forkman03/project/nome/simplex-chat/apps/multiplatform/android/src/main/java/chat/simplex/app/SimplexApp.kt:315:18 'static field SYSTEM_UI_FLAG_LIGHT_STATUS_BAR: Int' is deprecated. Deprecated in Java.
w: file:///Users/forkman03/project/nome/simplex-chat/apps/multiplatform/android/src/main/java/chat/simplex/app/SimplexApp.kt:317:18 'static field SYSTEM_UI_FLAG_LIGHT_NAVIGATION_BAR: Int' is deprecated. Deprecated in Java.
w: file:///Users/forkman03/project/nome/simplex-chat/apps/multiplatform/android/src/main/java/chat/simplex/app/SimplexApp.kt:321:18 'var navigationBarColor: Int' is deprecated. Deprecated in Java.
w: file:///Users/forkman03/project/nome/simplex-chat/apps/multiplatform/android/src/main/java/chat/simplex/app/SimplexApp.kt:323:18 'var navigationBarColor: Int' is deprecated. Deprecated in Java.
w: file:///Users/forkman03/project/nome/simplex-chat/apps/multiplatform/android/src/main/java/chat/simplex/app/SimplexApp.kt:342:23 'fun checkOpNoThrow(p0: String, p1: Int, p2: String): Int' is deprecated. Deprecated in Java.
w: file:///Users/forkman03/project/nome/simplex-chat/apps/multiplatform/android/src/main/java/chat/simplex/app/SimplexService.kt:75:7 'fun stopForeground(p0: Boolean): Unit' is deprecated. Deprecated in Java.
w: file:///Users/forkman03/project/nome/simplex-chat/apps/multiplatform/android/src/main/java/chat/simplex/app/views/call/CallActivity.kt:131:13 'fun onBackPressed(): Unit' is deprecated. This method has been deprecated in favor of using the
      {@link OnBackPressedDispatcher} via {@link #getOnBackPressedDispatcher()}.
      The OnBackPressedDispatcher controls how back button events are dispatched
      to one or more {@link OnBackPressedCallback} objects.
w: file:///Users/forkman03/project/nome/simplex-chat/apps/multiplatform/android/src/main/java/chat/simplex/app/views/call/CallActivity.kt:151:7 'fun enterPictureInPictureMode(): Unit' is deprecated. Deprecated in Java.
w: file:///Users/forkman03/project/nome/simplex-chat/apps/multiplatform/android/src/main/java/chat/simplex/app/views/call/CallActivity.kt:226:24 'fun enterPictureInPictureMode(): Unit' is deprecated. Deprecated in Java.

> Task :android:compileDebugJavaWithJavac
> Task :android:processDebugJavaRes
> Task :android:bundleDebugClassesToRuntimeJar
> Task :android:bundleDebugClassesToCompileJar
> Task :android:generateDebugLintReportModel
> Task :android:generateDebugAndroidTestLintModel
> Task :android:generateDebugUnitTestLintModel

> Task :android:compileDebugUnitTestKotlin
w: Opt-in requirement marker com.google.accompanist.insets.ExperimentalAnimatedInsets is unresolved. Please make sure it's present in the module dependencies

> Task :android:dexBuilderDebug
> Task :android:compileDebugUnitTestJavaWithJavac NO-SOURCE
> Task :android:processDebugUnitTestJavaRes
> Task :android:mergeDebugJavaResource
> Task :android:testDebugUnitTest
> Task :android:mergeProjectDexDebug
> Task :common:bundleLibRuntimeToDirDebug
> Task :android:mergeLibDexDebugAndroidTest

> Task :android:compileDebugAndroidTestKotlin
w: Opt-in requirement marker com.google.accompanist.insets.ExperimentalAnimatedInsets is unresolved. Please make sure it's present in the module dependencies

> Task :android:compileDebugAndroidTestJavaWithJavac
> Task :android:processDebugAndroidTestJavaRes
> Task :android:mergeDebugAndroidTestJavaResource
> Task :android:dexBuilderDebugAndroidTest
> Task :android:mergeProjectDexDebugAndroidTest
> Task :android:packageDebugAndroidTest
> Task :android:createDebugAndroidTestApkListingFileRedirect
> Task :android:assembleDebugAndroidTest
> Task :android:mergeLibDexDebug
> Task :android:packageDebug
> Task :android:createDebugApkListingFileRedirect
> Task :android:assembleDebug
> Task :common:lintAnalyzeDebugUnitTest
> Task :common:lintAnalyzeDebugAndroidTest
> Task :android:lintAnalyzeDebugUnitTest
> Task :common:lintAnalyzeDebug
> Task :android:lintAnalyzeDebugAndroidTest
> Task :android:lintAnalyzeDebug

> Task :android:lintReportDebug
Wrote HTML report to file:///Users/forkman03/project/nome/simplex-chat/apps/multiplatform/android/build/reports/lint-results-debug.html

> Task :android:lintDebug

BUILD SUCCESSFUL in 1m 5s
128 actionable tasks: 127 executed, 1 up-to-date
