Starting a Gradle Daemon, 1 busy Daemon could not be reused, use --status for details
> Task :android:checkKotlinGradlePluginConfigurationErrors SKIPPED
> Task :android:preBuild UP-TO-DATE
> Task :android:preDebugBuild UP-TO-DATE
> Task :android:generateDebugBuildConfig
> Task :common:preBuild UP-TO-DATE
> Task :common:preDebugBuild UP-TO-DATE
> Task :android:generateDebugResValues
> Task :common:writeDebugAarMetadata
> Task :common:adjustFormatting
> Task :common:cleanSimplexAssets UP-TO-DATE
> Task :android:checkDebugAarMetadata
> Task :common:generateMRcommonMain
> Task :common:generateMRandroidMain
> Task :common:generateDebugResValues
> Task :common:generateDebugResources
> Task :common:packageDebugResources
> Task :android:mapDebugSourceSetPaths
> Task :android:generateDebugResources

> Task :android:mergeDebugResources
/Users/forkman03/project/nome/simplex-chat/apps/multiplatform/common/build/intermediates/packaged_res/debug/packageDebugResources/values-hi/values-hi.xml:206:4: Multiple substitutions specified in non-positional format of string resource string/rcv_group_event_changed_member_role. Did you mean to add the formatted="false" attribute?
/Users/forkman03/project/nome/simplex-chat/apps/multiplatform/common/build/intermediates/packaged_res/debug/packageDebugResources/values/values.xml:111:4: Multiple substitutions specified in non-positional format of string resource string/app_check_for_updates_button_download. Did you mean to add the formatted="false" attribute?
/Users/forkman03/project/nome/simplex-chat/apps/multiplatform/common/build/intermediates/packaged_res/debug/packageDebugResources/values-pt/values-pt.xml:63:4: Multiple substitutions specified in non-positional format of string resource string/app_check_for_updates_button_download. Did you mean to add the formatted="false" attribute?
/Users/forkman03/project/nome/simplex-chat/apps/multiplatform/common/build/intermediates/packaged_res/debug/packageDebugResources/values-pt/values-pt.xml:406:4: Multiple substitutions specified in non-positional format of string resource string/feature_offered_item_with_param. Did you mean to add the formatted="false" attribute?
/Users/forkman03/project/nome/simplex-chat/apps/multiplatform/common/build/intermediates/packaged_res/debug/packageDebugResources/values-pt/values-pt.xml:444:4: Multiple substitutions specified in non-positional format of string resource string/group_members_n. Did you mean to add the formatted="false" attribute?
/Users/forkman03/project/nome/simplex-chat/apps/multiplatform/common/build/intermediates/packaged_res/debug/packageDebugResources/values-pt/values-pt.xml:573:4: Multiple substitutions specified in non-positional format of string resource string/mtr_error_different. Did you mean to add the formatted="false" attribute?
/Users/forkman03/project/nome/simplex-chat/apps/multiplatform/common/build/intermediates/packaged_res/debug/packageDebugResources/values-pt/values-pt.xml:659:4: Multiple substitutions specified in non-positional format of string resource string/rcv_group_event_3_members_connected. Did you mean to add the formatted="false" attribute?
/Users/forkman03/project/nome/simplex-chat/apps/multiplatform/common/build/intermediates/packaged_res/debug/packageDebugResources/values-pt/values-pt.xml:660:4: Multiple substitutions specified in non-positional format of string resource string/rcv_group_event_changed_member_role. Did you mean to add the formatted="false" attribute?
/Users/forkman03/project/nome/simplex-chat/apps/multiplatform/common/build/intermediates/packaged_res/debug/packageDebugResources/values-pt/values-pt.xml:666:4: Multiple substitutions specified in non-positional format of string resource string/rcv_group_event_n_members_connected. Did you mean to add the formatted="false" attribute?
/Users/forkman03/project/nome/simplex-chat/apps/multiplatform/common/build/intermediates/packaged_res/debug/packageDebugResources/values-pt/values-pt.xml:689:4: Multiple substitutions specified in non-positional format of string resource string/remote_host_disconnected_from. Did you mean to add the formatted="false" attribute?
/Users/forkman03/project/nome/simplex-chat/apps/multiplatform/common/build/intermediates/packaged_res/debug/packageDebugResources/values-pt/values-pt.xml:801:4: Multiple substitutions specified in non-positional format of string resource string/snd_group_event_changed_member_role. Did you mean to add the formatted="false" attribute?
/Users/forkman03/project/nome/simplex-chat/apps/multiplatform/common/build/intermediates/packaged_res/debug/packageDebugResources/values-pt/values-pt.xml:835:4: Multiple substitutions specified in non-positional format of string resource string/total_files_count_and_size. Did you mean to add the formatted="false" attribute?
/Users/forkman03/project/nome/simplex-chat/apps/multiplatform/common/build/intermediates/packaged_res/debug/packageDebugResources/values/values.xml:574:4: Multiple substitutions specified in non-positional format of string resource string/core_simplexmq_version. Did you mean to add the formatted="false" attribute?
/Users/forkman03/project/nome/simplex-chat/apps/multiplatform/common/build/intermediates/packaged_res/debug/packageDebugResources/values/values.xml:915:4: Multiple substitutions specified in non-positional format of string resource string/feature_offered_item_with_param. Did you mean to add the formatted="false" attribute?
/Users/forkman03/project/nome/simplex-chat/apps/multiplatform/common/build/intermediates/packaged_res/debug/packageDebugResources/values/values.xml:1016:4: Multiple substitutions specified in non-positional format of string resource string/group_members_2. Did you mean to add the formatted="false" attribute?
/Users/forkman03/project/nome/simplex-chat/apps/multiplatform/common/build/intermediates/packaged_res/debug/packageDebugResources/values/values.xml:1033:4: Multiple substitutions specified in non-positional format of string resource string/group_members_n. Did you mean to add the formatted="false" attribute?
/Users/forkman03/project/nome/simplex-chat/apps/multiplatform/common/build/intermediates/packaged_res/debug/packageDebugResources/values/values.xml:1410:4: Multiple substitutions specified in non-positional format of string resource string/mtr_error_different. Did you mean to add the formatted="false" attribute?
/Users/forkman03/project/nome/simplex-chat/apps/multiplatform/common/build/intermediates/packaged_res/debug/packageDebugResources/values/values.xml:1855:4: Multiple substitutions specified in non-positional format of string resource string/rcv_group_event_2_members_connected. Did you mean to add the formatted="false" attribute?
/Users/forkman03/project/nome/simplex-chat/apps/multiplatform/common/build/intermediates/packaged_res/debug/packageDebugResources/values/values.xml:1856:4: Multiple substitutions specified in non-positional format of string resource string/rcv_group_event_3_members_connected. Did you mean to add the formatted="false" attribute?
/Users/forkman03/project/nome/simplex-chat/apps/multiplatform/common/build/intermediates/packaged_res/debug/packageDebugResources/values/values.xml:1857:4: Multiple substitutions specified in non-positional format of string resource string/rcv_group_event_changed_member_role. Did you mean to add the formatted="false" attribute?
/Users/forkman03/project/nome/simplex-chat/apps/multiplatform/common/build/intermediates/packaged_res/debug/packageDebugResources/values/values.xml:1869:4: Multiple substitutions specified in non-positional format of string resource string/rcv_group_event_n_members_connected. Did you mean to add the formatted="false" attribute?
/Users/forkman03/project/nome/simplex-chat/apps/multiplatform/common/build/intermediates/packaged_res/debug/packageDebugResources/values-iw/values-iw.xml:93:4: Multiple substitutions specified in non-positional format of string resource string/app_check_for_updates_button_download. Did you mean to add the formatted="false" attribute?
/Users/forkman03/project/nome/simplex-chat/apps/multiplatform/common/build/intermediates/packaged_res/debug/packageDebugResources/values-iw/values-iw.xml:400:4: Multiple substitutions specified in non-positional format of string resource string/core_simplexmq_version. Did you mean to add the formatted="false" attribute?
/Users/forkman03/project/nome/simplex-chat/apps/multiplatform/common/build/intermediates/packaged_res/debug/packageDebugResources/values/values.xml:1908:4: Multiple substitutions specified in non-positional format of string resource string/recipient_colon_delivery_status. Did you mean to add the formatted="false" attribute?
/Users/forkman03/project/nome/simplex-chat/apps/multiplatform/common/build/intermediates/packaged_res/debug/packageDebugResources/values/values.xml:1974:4: Multiple substitutions specified in non-positional format of string resource string/remote_host_disconnected_from. Did you mean to add the formatted="false" attribute?
/Users/forkman03/project/nome/simplex-chat/apps/multiplatform/common/build/intermediates/packaged_res/debug/packageDebugResources/values/values.xml:2107:4: Multiple substitutions specified in non-positional format of string resource string/sender_at_ts. Did you mean to add the formatted="false" attribute?
/Users/forkman03/project/nome/simplex-chat/apps/multiplatform/common/build/intermediates/packaged_res/debug/packageDebugResources/values-iw/values-iw.xml:683:4: Multiple substitutions specified in non-positional format of string resource string/feature_offered_item_with_param. Did you mean to add the formatted="false" attribute?
/Users/forkman03/project/nome/simplex-chat/apps/multiplatform/common/build/intermediates/packaged_res/debug/packageDebugResources/values-iw/values-iw.xml:771:4: Multiple substitutions specified in non-positional format of string resource string/group_members_2. Did you mean to add the formatted="false" attribute?
/Users/forkman03/project/nome/simplex-chat/apps/multiplatform/common/build/intermediates/packaged_res/debug/packageDebugResources/values-iw/values-iw.xml:780:4: Multiple substitutions specified in non-positional format of string resource string/group_members_n. Did you mean to add the formatted="false" attribute?
/Users/forkman03/project/nome/simplex-chat/apps/multiplatform/common/build/intermediates/packaged_res/debug/packageDebugResources/values/values.xml:2342:4: Multiple substitutions specified in non-positional format of string resource string/snd_group_event_changed_member_role. Did you mean to add the formatted="false" attribute?
/Users/forkman03/project/nome/simplex-chat/apps/multiplatform/common/build/intermediates/packaged_res/debug/packageDebugResources/values-iw/values-iw.xml:1093:4: Multiple substitutions specified in non-positional format of string resource string/mtr_error_different. Did you mean to add the formatted="false" attribute?
/Users/forkman03/project/nome/simplex-chat/apps/multiplatform/common/build/intermediates/packaged_res/debug/packageDebugResources/values-iw/values-iw.xml:1364:4: Multiple substitutions specified in non-positional format of string resource string/rcv_group_event_2_members_connected. Did you mean to add the formatted="false" attribute?
/Users/forkman03/project/nome/simplex-chat/apps/multiplatform/common/build/intermediates/packaged_res/debug/packageDebugResources/values-iw/values-iw.xml:1365:4: Multiple substitutions specified in non-positional format of string resource string/rcv_group_event_3_members_connected. Did you mean to add the formatted="false" attribute?
/Users/forkman03/project/nome/simplex-chat/apps/multiplatform/common/build/intermediates/packaged_res/debug/packageDebugResources/values-iw/values-iw.xml:1366:4: Multiple substitutions specified in non-positional format of string resource string/rcv_group_event_changed_member_role. Did you mean to add the formatted="false" attribute?
/Users/forkman03/project/nome/simplex-chat/apps/multiplatform/common/build/intermediates/packaged_res/debug/packageDebugResources/values-iw/values-iw.xml:1378:4: Multiple substitutions specified in non-positional format of string resource string/rcv_group_event_n_members_connected. Did you mean to add the formatted="false" attribute?
/Users/forkman03/project/nome/simplex-chat/apps/multiplatform/common/build/intermediates/packaged_res/debug/packageDebugResources/values/values.xml:2447:4: Multiple substitutions specified in non-positional format of string resource string/total_files_count_and_size. Did you mean to add the formatted="false" attribute?
/Users/forkman03/project/nome/simplex-chat/apps/multiplatform/common/build/intermediates/packaged_res/debug/packageDebugResources/values-iw/values-iw.xml:1413:4: Multiple substitutions specified in non-positional format of string resource string/recipient_colon_delivery_status. Did you mean to add the formatted="false" attribute?
/Users/forkman03/project/nome/simplex-chat/apps/multiplatform/common/build/intermediates/packaged_res/debug/packageDebugResources/values-iw/values-iw.xml:1434:4: Multiple substitutions specified in non-positional format of string resource string/remote_host_disconnected_from. Did you mean to add the formatted="false" attribute?
/Users/forkman03/project/nome/simplex-chat/apps/multiplatform/common/build/intermediates/packaged_res/debug/packageDebugResources/values-iw/values-iw.xml:1539:4: Multiple substitutions specified in non-positional format of string resource string/sender_at_ts. Did you mean to add the formatted="false" attribute?
/Users/forkman03/project/nome/simplex-chat/apps/multiplatform/common/build/intermediates/packaged_res/debug/packageDebugResources/values-iw/values-iw.xml:1731:4: Multiple substitutions specified in non-positional format of string resource string/snd_group_event_changed_member_role. Did you mean to add the formatted="false" attribute?
/Users/forkman03/project/nome/simplex-chat/apps/multiplatform/common/build/intermediates/packaged_res/debug/packageDebugResources/values-iw/values-iw.xml:1814:4: Multiple substitutions specified in non-positional format of string resource string/total_files_count_and_size. Did you mean to add the formatted="false" attribute?
/Users/forkman03/project/nome/simplex-chat/apps/multiplatform/common/build/intermediates/packaged_res/debug/packageDebugResources/values-ca/values-ca.xml:99:4: Multiple substitutions specified in non-positional format of string resource string/app_check_for_updates_button_download. Did you mean to add the formatted="false" attribute?
/Users/forkman03/project/nome/simplex-chat/apps/multiplatform/common/build/intermediates/packaged_res/debug/packageDebugResources/values-ca/values-ca.xml:478:4: Multiple substitutions specified in non-positional format of string resource string/core_simplexmq_version. Did you mean to add the formatted="false" attribute?
/Users/forkman03/project/nome/simplex-chat/apps/multiplatform/common/build/intermediates/packaged_res/debug/packageDebugResources/values-ca/values-ca.xml:790:4: Multiple substitutions specified in non-positional format of string resource string/feature_offered_item_with_param. Did you mean to add the formatted="false" attribute?
/Users/forkman03/project/nome/simplex-chat/apps/multiplatform/common/build/intermediates/packaged_res/debug/packageDebugResources/values-ca/values-ca.xml:886:4: Multiple substitutions specified in non-positional format of string resource string/group_members_2. Did you mean to add the formatted="false" attribute?
/Users/forkman03/project/nome/simplex-chat/apps/multiplatform/common/build/intermediates/packaged_res/debug/packageDebugResources/values-ca/values-ca.xml:895:4: Multiple substitutions specified in non-positional format of string resource string/group_members_n. Did you mean to add the formatted="false" attribute?
/Users/forkman03/project/nome/simplex-chat/apps/multiplatform/common/build/intermediates/packaged_res/debug/packageDebugResources/values-ca/values-ca.xml:1247:4: Multiple substitutions specified in non-positional format of string resource string/mtr_error_different. Did you mean to add the formatted="false" attribute?
/Users/forkman03/project/nome/simplex-chat/apps/multiplatform/common/build/intermediates/packaged_res/debug/packageDebugResources/values-ru/values-ru.xml:109:4: Multiple substitutions specified in non-positional format of string resource string/app_check_for_updates_button_download. Did you mean to add the formatted="false" attribute?
/Users/forkman03/project/nome/simplex-chat/apps/multiplatform/common/build/intermediates/packaged_res/debug/packageDebugResources/values-ca/values-ca.xml:1606:4: Multiple substitutions specified in non-positional format of string resource string/rcv_group_event_2_members_connected. Did you mean to add the formatted="false" attribute?
/Users/forkman03/project/nome/simplex-chat/apps/multiplatform/common/build/intermediates/packaged_res/debug/packageDebugResources/values-ca/values-ca.xml:1607:4: Multiple substitutions specified in non-positional format of string resource string/rcv_group_event_3_members_connected. Did you mean to add the formatted="false" attribute?
/Users/forkman03/project/nome/simplex-chat/apps/multiplatform/common/build/intermediates/packaged_res/debug/packageDebugResources/values-ca/values-ca.xml:1608:4: Multiple substitutions specified in non-positional format of string resource string/rcv_group_event_changed_member_role. Did you mean to add the formatted="false" attribute?
/Users/forkman03/project/nome/simplex-chat/apps/multiplatform/common/build/intermediates/packaged_res/debug/packageDebugResources/values-ca/values-ca.xml:1620:4: Multiple substitutions specified in non-positional format of string resource string/rcv_group_event_n_members_connected. Did you mean to add the formatted="false" attribute?
/Users/forkman03/project/nome/simplex-chat/apps/multiplatform/common/build/intermediates/packaged_res/debug/packageDebugResources/values-ca/values-ca.xml:1655:4: Multiple substitutions specified in non-positional format of string resource string/recipient_colon_delivery_status. Did you mean to add the formatted="false" attribute?
/Users/forkman03/project/nome/simplex-chat/apps/multiplatform/common/build/intermediates/packaged_res/debug/packageDebugResources/values-ca/values-ca.xml:1677:4: Multiple substitutions specified in non-positional format of string resource string/remote_host_disconnected_from. Did you mean to add the formatted="false" attribute?
/Users/forkman03/project/nome/simplex-chat/apps/multiplatform/common/build/intermediates/packaged_res/debug/packageDebugResources/values-ru/values-ru.xml:553:4: Multiple substitutions specified in non-positional format of string resource string/core_simplexmq_version. Did you mean to add the formatted="false" attribute?
/Users/forkman03/project/nome/simplex-chat/apps/multiplatform/common/build/intermediates/packaged_res/debug/packageDebugResources/values-ca/values-ca.xml:1807:4: Multiple substitutions specified in non-positional format of string resource string/sender_at_ts. Did you mean to add the formatted="false" attribute?
/Users/forkman03/project/nome/simplex-chat/apps/multiplatform/common/build/intermediates/packaged_res/debug/packageDebugResources/values-ca/values-ca.xml:2035:4: Multiple substitutions specified in non-positional format of string resource string/snd_group_event_changed_member_role. Did you mean to add the formatted="false" attribute?
/Users/forkman03/project/nome/simplex-chat/apps/multiplatform/common/build/intermediates/packaged_res/debug/packageDebugResources/values-ca/values-ca.xml:2134:4: Multiple substitutions specified in non-positional format of string resource string/total_files_count_and_size. Did you mean to add the formatted="false" attribute?
/Users/forkman03/project/nome/simplex-chat/apps/multiplatform/common/build/intermediates/packaged_res/debug/packageDebugResources/values-ru/values-ru.xml:892:4: Multiple substitutions specified in non-positional format of string resource string/feature_offered_item_with_param. Did you mean to add the formatted="false" attribute?
/Users/forkman03/project/nome/simplex-chat/apps/multiplatform/common/build/intermediates/packaged_res/debug/packageDebugResources/values-ru/values-ru.xml:991:4: Multiple substitutions specified in non-positional format of string resource string/group_members_2. Did you mean to add the formatted="false" attribute?
/Users/forkman03/project/nome/simplex-chat/apps/multiplatform/common/build/intermediates/packaged_res/debug/packageDebugResources/values-ru/values-ru.xml:1008:4: Multiple substitutions specified in non-positional format of string resource string/group_members_n. Did you mean to add the formatted="false" attribute?
/Users/forkman03/project/nome/simplex-chat/apps/multiplatform/common/build/intermediates/packaged_res/debug/packageDebugResources/values-ru/values-ru.xml:1382:4: Multiple substitutions specified in non-positional format of string resource string/mtr_error_different. Did you mean to add the formatted="false" attribute?
/Users/forkman03/project/nome/simplex-chat/apps/multiplatform/common/build/intermediates/packaged_res/debug/packageDebugResources/values-ru/values-ru.xml:1780:4: Multiple substitutions specified in non-positional format of string resource string/rcv_group_event_2_members_connected. Did you mean to add the formatted="false" attribute?
/Users/forkman03/project/nome/simplex-chat/apps/multiplatform/common/build/intermediates/packaged_res/debug/packageDebugResources/values-ru/values-ru.xml:1781:4: Multiple substitutions specified in non-positional format of string resource string/rcv_group_event_3_members_connected. Did you mean to add the formatted="false" attribute?
/Users/forkman03/project/nome/simplex-chat/apps/multiplatform/common/build/intermediates/packaged_res/debug/packageDebugResources/values-ru/values-ru.xml:1782:4: Multiple substitutions specified in non-positional format of string resource string/rcv_group_event_changed_member_role. Did you mean to add the formatted="false" attribute?
/Users/forkman03/project/nome/simplex-chat/apps/multiplatform/common/build/intermediates/packaged_res/debug/packageDebugResources/values-ru/values-ru.xml:1794:4: Multiple substitutions specified in non-positional format of string resource string/rcv_group_event_n_members_connected. Did you mean to add the formatted="false" attribute?
/Users/forkman03/project/nome/simplex-chat/apps/multiplatform/common/build/intermediates/packaged_res/debug/packageDebugResources/values-ru/values-ru.xml:1833:4: Multiple substitutions specified in non-positional format of string resource string/recipient_colon_delivery_status. Did you mean to add the formatted="false" attribute?
/Users/forkman03/project/nome/simplex-chat/apps/multiplatform/common/build/intermediates/packaged_res/debug/packageDebugResources/values-ru/values-ru.xml:1894:4: Multiple substitutions specified in non-positional format of string resource string/remote_host_disconnected_from. Did you mean to add the formatted="false" attribute?
/Users/forkman03/project/nome/simplex-chat/apps/multiplatform/common/build/intermediates/packaged_res/debug/packageDebugResources/values-ru/values-ru.xml:2026:4: Multiple substitutions specified in non-positional format of string resource string/sender_at_ts. Did you mean to add the formatted="false" attribute?
/Users/forkman03/project/nome/simplex-chat/apps/multiplatform/common/build/intermediates/packaged_res/debug/packageDebugResources/values-ru/values-ru.xml:2259:4: Multiple substitutions specified in non-positional format of string resource string/snd_group_event_changed_member_role. Did you mean to add the formatted="false" attribute?
/Users/forkman03/project/nome/simplex-chat/apps/multiplatform/common/build/intermediates/packaged_res/debug/packageDebugResources/values-in/values-in.xml:99:4: Multiple substitutions specified in non-positional format of string resource string/app_check_for_updates_button_download. Did you mean to add the formatted="false" attribute?
/Users/forkman03/project/nome/simplex-chat/apps/multiplatform/common/build/intermediates/packaged_res/debug/packageDebugResources/values-ru/values-ru.xml:2364:4: Multiple substitutions specified in non-positional format of string resource string/total_files_count_and_size. Did you mean to add the formatted="false" attribute?
/Users/forkman03/project/nome/simplex-chat/apps/multiplatform/common/build/intermediates/packaged_res/debug/packageDebugResources/values-tr/values-tr.xml:97:4: Multiple substitutions specified in non-positional format of string resource string/app_check_for_updates_button_download. Did you mean to add the formatted="false" attribute?
/Users/forkman03/project/nome/simplex-chat/apps/multiplatform/common/build/intermediates/packaged_res/debug/packageDebugResources/values-in/values-in.xml:478:4: Multiple substitutions specified in non-positional format of string resource string/core_simplexmq_version. Did you mean to add the formatted="false" attribute?
/Users/forkman03/project/nome/simplex-chat/apps/multiplatform/common/build/intermediates/packaged_res/debug/packageDebugResources/values-tr/values-tr.xml:473:4: Multiple substitutions specified in non-positional format of string resource string/core_simplexmq_version. Did you mean to add the formatted="false" attribute?
/Users/forkman03/project/nome/simplex-chat/apps/multiplatform/common/build/intermediates/packaged_res/debug/packageDebugResources/values-in/values-in.xml:790:4: Multiple substitutions specified in non-positional format of string resource string/feature_offered_item_with_param. Did you mean to add the formatted="false" attribute?
/Users/forkman03/project/nome/simplex-chat/apps/multiplatform/common/build/intermediates/packaged_res/debug/packageDebugResources/values-in/values-in.xml:886:4: Multiple substitutions specified in non-positional format of string resource string/group_members_2. Did you mean to add the formatted="false" attribute?
/Users/forkman03/project/nome/simplex-chat/apps/multiplatform/common/build/intermediates/packaged_res/debug/packageDebugResources/values-in/values-in.xml:895:4: Multiple substitutions specified in non-positional format of string resource string/group_members_n. Did you mean to add the formatted="false" attribute?
/Users/forkman03/project/nome/simplex-chat/apps/multiplatform/common/build/intermediates/packaged_res/debug/packageDebugResources/values-tr/values-tr.xml:782:4: Multiple substitutions specified in non-positional format of string resource string/feature_offered_item_with_param. Did you mean to add the formatted="false" attribute?
/Users/forkman03/project/nome/simplex-chat/apps/multiplatform/common/build/intermediates/packaged_res/debug/packageDebugResources/values-tr/values-tr.xml:877:4: Multiple substitutions specified in non-positional format of string resource string/group_members_2. Did you mean to add the formatted="false" attribute?
/Users/forkman03/project/nome/simplex-chat/apps/multiplatform/common/build/intermediates/packaged_res/debug/packageDebugResources/values-tr/values-tr.xml:886:4: Multiple substitutions specified in non-positional format of string resource string/group_members_n. Did you mean to add the formatted="false" attribute?
/Users/forkman03/project/nome/simplex-chat/apps/multiplatform/common/build/intermediates/packaged_res/debug/packageDebugResources/values-in/values-in.xml:1247:4: Multiple substitutions specified in non-positional format of string resource string/mtr_error_different. Did you mean to add the formatted="false" attribute?
/Users/forkman03/project/nome/simplex-chat/apps/multiplatform/common/build/intermediates/packaged_res/debug/packageDebugResources/values-tr/values-tr.xml:1237:4: Multiple substitutions specified in non-positional format of string resource string/mtr_error_different. Did you mean to add the formatted="false" attribute?
/Users/forkman03/project/nome/simplex-chat/apps/multiplatform/common/build/intermediates/packaged_res/debug/packageDebugResources/values-in/values-in.xml:1606:4: Multiple substitutions specified in non-positional format of string resource string/rcv_group_event_2_members_connected. Did you mean to add the formatted="false" attribute?
/Users/forkman03/project/nome/simplex-chat/apps/multiplatform/common/build/intermediates/packaged_res/debug/packageDebugResources/values-in/values-in.xml:1607:4: Multiple substitutions specified in non-positional format of string resource string/rcv_group_event_3_members_connected. Did you mean to add the formatted="false" attribute?
/Users/forkman03/project/nome/simplex-chat/apps/multiplatform/common/build/intermediates/packaged_res/debug/packageDebugResources/values-in/values-in.xml:1608:4: Multiple substitutions specified in non-positional format of string resource string/rcv_group_event_changed_member_role. Did you mean to add the formatted="false" attribute?
/Users/forkman03/project/nome/simplex-chat/apps/multiplatform/common/build/intermediates/packaged_res/debug/packageDebugResources/values-in/values-in.xml:1620:4: Multiple substitutions specified in non-positional format of string resource string/rcv_group_event_n_members_connected. Did you mean to add the formatted="false" attribute?
/Users/forkman03/project/nome/simplex-chat/apps/multiplatform/common/build/intermediates/packaged_res/debug/packageDebugResources/values-in/values-in.xml:1655:4: Multiple substitutions specified in non-positional format of string resource string/recipient_colon_delivery_status. Did you mean to add the formatted="false" attribute?
/Users/forkman03/project/nome/simplex-chat/apps/multiplatform/common/build/intermediates/packaged_res/debug/packageDebugResources/values-in/values-in.xml:1677:4: Multiple substitutions specified in non-positional format of string resource string/remote_host_disconnected_from. Did you mean to add the formatted="false" attribute?
/Users/forkman03/project/nome/simplex-chat/apps/multiplatform/common/build/intermediates/packaged_res/debug/packageDebugResources/values-tr/values-tr.xml:1588:4: Multiple substitutions specified in non-positional format of string resource string/rcv_group_event_2_members_connected. Did you mean to add the formatted="false" attribute?
/Users/forkman03/project/nome/simplex-chat/apps/multiplatform/common/build/intermediates/packaged_res/debug/packageDebugResources/values-in/values-in.xml:1807:4: Multiple substitutions specified in non-positional format of string resource string/sender_at_ts. Did you mean to add the formatted="false" attribute?
/Users/forkman03/project/nome/simplex-chat/apps/multiplatform/common/build/intermediates/packaged_res/debug/packageDebugResources/values-tr/values-tr.xml:1589:4: Multiple substitutions specified in non-positional format of string resource string/rcv_group_event_3_members_connected. Did you mean to add the formatted="false" attribute?
/Users/forkman03/project/nome/simplex-chat/apps/multiplatform/common/build/intermediates/packaged_res/debug/packageDebugResources/values-tr/values-tr.xml:1590:4: Multiple substitutions specified in non-positional format of string resource string/rcv_group_event_changed_member_role. Did you mean to add the formatted="false" attribute?
/Users/forkman03/project/nome/simplex-chat/apps/multiplatform/common/build/intermediates/packaged_res/debug/packageDebugResources/values-tr/values-tr.xml:1602:4: Multiple substitutions specified in non-positional format of string resource string/rcv_group_event_n_members_connected. Did you mean to add the formatted="false" attribute?
/Users/forkman03/project/nome/simplex-chat/apps/multiplatform/common/build/intermediates/packaged_res/debug/packageDebugResources/values-tr/values-tr.xml:1637:4: Multiple substitutions specified in non-positional format of string resource string/recipient_colon_delivery_status. Did you mean to add the formatted="false" attribute?
/Users/forkman03/project/nome/simplex-chat/apps/multiplatform/common/build/intermediates/packaged_res/debug/packageDebugResources/values-in/values-in.xml:2035:4: Multiple substitutions specified in non-positional format of string resource string/snd_group_event_changed_member_role. Did you mean to add the formatted="false" attribute?
/Users/forkman03/project/nome/simplex-chat/apps/multiplatform/common/build/intermediates/packaged_res/debug/packageDebugResources/values-tr/values-tr.xml:1659:4: Multiple substitutions specified in non-positional format of string resource string/remote_host_disconnected_from. Did you mean to add the formatted="false" attribute?
/Users/forkman03/project/nome/simplex-chat/apps/multiplatform/common/build/intermediates/packaged_res/debug/packageDebugResources/values-in/values-in.xml:2134:4: Multiple substitutions specified in non-positional format of string resource string/total_files_count_and_size. Did you mean to add the formatted="false" attribute?
/Users/forkman03/project/nome/simplex-chat/apps/multiplatform/common/build/intermediates/packaged_res/debug/packageDebugResources/values-tr/values-tr.xml:1787:4: Multiple substitutions specified in non-positional format of string resource string/sender_at_ts. Did you mean to add the formatted="false" attribute?
/Users/forkman03/project/nome/simplex-chat/apps/multiplatform/common/build/intermediates/packaged_res/debug/packageDebugResources/values-hr/values-hr.xml:59:4: Multiple substitutions specified in non-positional format of string resource string/app_check_for_updates_button_download. Did you mean to add the formatted="false" attribute?
/Users/forkman03/project/nome/simplex-chat/apps/multiplatform/common/build/intermediates/packaged_res/debug/packageDebugResources/values-tr/values-tr.xml:2010:4: Multiple substitutions specified in non-positional format of string resource string/snd_group_event_changed_member_role. Did you mean to add the formatted="false" attribute?
/Users/forkman03/project/nome/simplex-chat/apps/multiplatform/common/build/intermediates/packaged_res/debug/packageDebugResources/values-tr/values-tr.xml:2108:4: Multiple substitutions specified in non-positional format of string resource string/total_files_count_and_size. Did you mean to add the formatted="false" attribute?
/Users/forkman03/project/nome/simplex-chat/apps/multiplatform/common/build/intermediates/packaged_res/debug/packageDebugResources/values-hr/values-hr.xml:302:4: Multiple substitutions specified in non-positional format of string resource string/core_simplexmq_version. Did you mean to add the formatted="false" attribute?
/Users/forkman03/project/nome/simplex-chat/apps/multiplatform/common/build/intermediates/packaged_res/debug/packageDebugResources/values-hr/values-hr.xml:554:4: Multiple substitutions specified in non-positional format of string resource string/group_members_2. Did you mean to add the formatted="false" attribute?
/Users/forkman03/project/nome/simplex-chat/apps/multiplatform/common/build/intermediates/packaged_res/debug/packageDebugResources/values-hr/values-hr.xml:556:4: Multiple substitutions specified in non-positional format of string resource string/group_members_n. Did you mean to add the formatted="false" attribute?
/Users/forkman03/project/nome/simplex-chat/apps/multiplatform/common/build/intermediates/packaged_res/debug/packageDebugResources/values-hr/values-hr.xml:986:4: Multiple substitutions specified in non-positional format of string resource string/rcv_group_event_2_members_connected. Did you mean to add the formatted="false" attribute?
/Users/forkman03/project/nome/simplex-chat/apps/multiplatform/common/build/intermediates/packaged_res/debug/packageDebugResources/values-hr/values-hr.xml:987:4: Multiple substitutions specified in non-positional format of string resource string/rcv_group_event_3_members_connected. Did you mean to add the formatted="false" attribute?
/Users/forkman03/project/nome/simplex-chat/apps/multiplatform/common/build/intermediates/packaged_res/debug/packageDebugResources/values-hr/values-hr.xml:988:4: Multiple substitutions specified in non-positional format of string resource string/rcv_group_event_changed_member_role. Did you mean to add the formatted="false" attribute?
/Users/forkman03/project/nome/simplex-chat/apps/multiplatform/common/build/intermediates/packaged_res/debug/packageDebugResources/values-hr/values-hr.xml:998:4: Multiple substitutions specified in non-positional format of string resource string/rcv_group_event_n_members_connected. Did you mean to add the formatted="false" attribute?
/Users/forkman03/project/nome/simplex-chat/apps/multiplatform/common/build/intermediates/packaged_res/debug/packageDebugResources/values-hr/values-hr.xml:1013:4: Multiple substitutions specified in non-positional format of string resource string/recipient_colon_delivery_status. Did you mean to add the formatted="false" attribute?
/Users/forkman03/project/nome/simplex-chat/apps/multiplatform/common/build/intermediates/packaged_res/debug/packageDebugResources/values-ku/values-ku.xml:35:4: Multiple substitutions specified in non-positional format of string resource string/app_check_for_updates_button_download. Did you mean to add the formatted="false" attribute?
/Users/forkman03/project/nome/simplex-chat/apps/multiplatform/common/build/intermediates/packaged_res/debug/packageDebugResources/values-hr/values-hr.xml:1098:4: Multiple substitutions specified in non-positional format of string resource string/sender_at_ts. Did you mean to add the formatted="false" attribute?
/Users/forkman03/project/nome/simplex-chat/apps/multiplatform/common/build/intermediates/packaged_res/debug/packageDebugResources/values-ku/values-ku.xml:174:4: Multiple substitutions specified in non-positional format of string resource string/core_simplexmq_version. Did you mean to add the formatted="false" attribute?
/Users/forkman03/project/nome/simplex-chat/apps/multiplatform/common/build/intermediates/packaged_res/debug/packageDebugResources/values-hr/values-hr.xml:1254:4: Multiple substitutions specified in non-positional format of string resource string/snd_group_event_changed_member_role. Did you mean to add the formatted="false" attribute?
/Users/forkman03/project/nome/simplex-chat/apps/multiplatform/common/build/intermediates/packaged_res/debug/packageDebugResources/values-ku/values-ku.xml:320:4: Multiple substitutions specified in non-positional format of string resource string/group_members_2. Did you mean to add the formatted="false" attribute?
/Users/forkman03/project/nome/simplex-chat/apps/multiplatform/common/build/intermediates/packaged_res/debug/packageDebugResources/values-ku/values-ku.xml:323:4: Multiple substitutions specified in non-positional format of string resource string/group_members_n. Did you mean to add the formatted="false" attribute?
/Users/forkman03/project/nome/simplex-chat/apps/multiplatform/common/build/intermediates/packaged_res/debug/packageDebugResources/values-ku/values-ku.xml:542:4: Multiple substitutions specified in non-positional format of string resource string/rcv_group_event_changed_member_role. Did you mean to add the formatted="false" attribute?
/Users/forkman03/project/nome/simplex-chat/apps/multiplatform/common/build/intermediates/packaged_res/debug/packageDebugResources/values-ku/values-ku.xml:554:4: Multiple substitutions specified in non-positional format of string resource string/recipient_colon_delivery_status. Did you mean to add the formatted="false" attribute?
/Users/forkman03/project/nome/simplex-chat/apps/multiplatform/common/build/intermediates/packaged_res/debug/packageDebugResources/values-ku/values-ku.xml:745:4: Multiple substitutions specified in non-positional format of string resource string/total_files_count_and_size. Did you mean to add the formatted="false" attribute?
/Users/forkman03/project/nome/simplex-chat/apps/multiplatform/common/build/intermediates/packaged_res/debug/packageDebugResources/values-hu/values-hu.xml:111:4: Multiple substitutions specified in non-positional format of string resource string/app_check_for_updates_button_download. Did you mean to add the formatted="false" attribute?
/Users/forkman03/project/nome/simplex-chat/apps/multiplatform/common/build/intermediates/packaged_res/debug/packageDebugResources/values-ar/values-ar.xml:111:4: Multiple substitutions specified in non-positional format of string resource string/app_check_for_updates_button_download. Did you mean to add the formatted="false" attribute?
/Users/forkman03/project/nome/simplex-chat/apps/multiplatform/common/build/intermediates/packaged_res/debug/packageDebugResources/values-hu/values-hu.xml:562:4: Multiple substitutions specified in non-positional format of string resource string/core_simplexmq_version. Did you mean to add the formatted="false" attribute?
/Users/forkman03/project/nome/simplex-chat/apps/multiplatform/common/build/intermediates/packaged_res/debug/packageDebugResources/values-ar/values-ar.xml:562:4: Multiple substitutions specified in non-positional format of string resource string/core_simplexmq_version. Did you mean to add the formatted="false" attribute?
/Users/forkman03/project/nome/simplex-chat/apps/multiplatform/common/build/intermediates/packaged_res/debug/packageDebugResources/values-hu/values-hu.xml:903:4: Multiple substitutions specified in non-positional format of string resource string/feature_offered_item_with_param. Did you mean to add the formatted="false" attribute?
/Users/forkman03/project/nome/simplex-chat/apps/multiplatform/common/build/intermediates/packaged_res/debug/packageDebugResources/values-zh-rTW/values-zh-rTW.xml:92:4: Multiple substitutions specified in non-positional format of string resource string/app_check_for_updates_button_download. Did you mean to add the formatted="false" attribute?
/Users/forkman03/project/nome/simplex-chat/apps/multiplatform/common/build/intermediates/packaged_res/debug/packageDebugResources/values-hu/values-hu.xml:1003:4: Multiple substitutions specified in non-positional format of string resource string/group_members_2. Did you mean to add the formatted="false" attribute?
/Users/forkman03/project/nome/simplex-chat/apps/multiplatform/common/build/intermediates/packaged_res/debug/packageDebugResources/values-hu/values-hu.xml:1020:4: Multiple substitutions specified in non-positional format of string resource string/group_members_n. Did you mean to add the formatted="false" attribute?
/Users/forkman03/project/nome/simplex-chat/apps/multiplatform/common/build/intermediates/packaged_res/debug/packageDebugResources/values-hu/values-hu.xml:1397:4: Multiple substitutions specified in non-positional format of string resource string/mtr_error_different. Did you mean to add the formatted="false" attribute?
/Users/forkman03/project/nome/simplex-chat/apps/multiplatform/common/build/intermediates/packaged_res/debug/packageDebugResources/values-uk/values-uk.xml:99:4: Multiple substitutions specified in non-positional format of string resource string/app_check_for_updates_button_download. Did you mean to add the formatted="false" attribute?
/Users/forkman03/project/nome/simplex-chat/apps/multiplatform/common/build/intermediates/packaged_res/debug/packageDebugResources/values-ar/values-ar.xml:903:4: Multiple substitutions specified in non-positional format of string resource string/feature_offered_item_with_param. Did you mean to add the formatted="false" attribute?
/Users/forkman03/project/nome/simplex-chat/apps/multiplatform/common/build/intermediates/packaged_res/debug/packageDebugResources/values-hu/values-hu.xml:1798:4: Multiple substitutions specified in non-positional format of string resource string/rcv_group_event_2_members_connected. Did you mean to add the formatted="false" attribute?
/Users/forkman03/project/nome/simplex-chat/apps/multiplatform/common/build/intermediates/packaged_res/debug/packageDebugResources/values-ar/values-ar.xml:1003:4: Multiple substitutions specified in non-positional format of string resource string/group_members_2. Did you mean to add the formatted="false" attribute?
/Users/forkman03/project/nome/simplex-chat/apps/multiplatform/common/build/intermediates/packaged_res/debug/packageDebugResources/values-hu/values-hu.xml:1799:4: Multiple substitutions specified in non-positional format of string resource string/rcv_group_event_3_members_connected. Did you mean to add the formatted="false" attribute?
/Users/forkman03/project/nome/simplex-chat/apps/multiplatform/common/build/intermediates/packaged_res/debug/packageDebugResources/values-uk/values-uk.xml:475:4: Multiple substitutions specified in non-positional format of string resource string/core_simplexmq_version. Did you mean to add the formatted="false" attribute?
/Users/forkman03/project/nome/simplex-chat/apps/multiplatform/common/build/intermediates/packaged_res/debug/packageDebugResources/values-hu/values-hu.xml:1800:4: Multiple substitutions specified in non-positional format of string resource string/rcv_group_event_changed_member_role. Did you mean to add the formatted="false" attribute?
/Users/forkman03/project/nome/simplex-chat/apps/multiplatform/common/build/intermediates/packaged_res/debug/packageDebugResources/values-hu/values-hu.xml:1812:4: Multiple substitutions specified in non-positional format of string resource string/rcv_group_event_n_members_connected. Did you mean to add the formatted="false" attribute?
/Users/forkman03/project/nome/simplex-chat/apps/multiplatform/common/build/intermediates/packaged_res/debug/packageDebugResources/values-ar/values-ar.xml:1020:4: Multiple substitutions specified in non-positional format of string resource string/group_members_n. Did you mean to add the formatted="false" attribute?
/Users/forkman03/project/nome/simplex-chat/apps/multiplatform/common/build/intermediates/packaged_res/debug/packageDebugResources/values-hu/values-hu.xml:1851:4: Multiple substitutions specified in non-positional format of string resource string/recipient_colon_delivery_status. Did you mean to add the formatted="false" attribute?
/Users/forkman03/project/nome/simplex-chat/apps/multiplatform/common/build/intermediates/packaged_res/debug/packageDebugResources/values-hu/values-hu.xml:1917:4: Multiple substitutions specified in non-positional format of string resource string/remote_host_disconnected_from. Did you mean to add the formatted="false" attribute?
/Users/forkman03/project/nome/simplex-chat/apps/multiplatform/common/build/intermediates/packaged_res/debug/packageDebugResources/values-uk/values-uk.xml:786:4: Multiple substitutions specified in non-positional format of string resource string/feature_offered_item_with_param. Did you mean to add the formatted="false" attribute?
/Users/forkman03/project/nome/simplex-chat/apps/multiplatform/common/build/intermediates/packaged_res/debug/packageDebugResources/values-hu/values-hu.xml:2050:4: Multiple substitutions specified in non-positional format of string resource string/sender_at_ts. Did you mean to add the formatted="false" attribute?
/Users/forkman03/project/nome/simplex-chat/apps/multiplatform/common/build/intermediates/packaged_res/debug/packageDebugResources/values-lt/values-lt.xml:305:4: Multiple substitutions specified in non-positional format of string resource string/core_simplexmq_version. Did you mean to add the formatted="false" attribute?
/Users/forkman03/project/nome/simplex-chat/apps/multiplatform/common/build/intermediates/packaged_res/debug/packageDebugResources/values-uk/values-uk.xml:882:4: Multiple substitutions specified in non-positional format of string resource string/group_members_2. Did you mean to add the formatted="false" attribute?
/Users/forkman03/project/nome/simplex-chat/apps/multiplatform/common/build/intermediates/packaged_res/debug/packageDebugResources/values-uk/values-uk.xml:891:4: Multiple substitutions specified in non-positional format of string resource string/group_members_n. Did you mean to add the formatted="false" attribute?
/Users/forkman03/project/nome/simplex-chat/apps/multiplatform/common/build/intermediates/packaged_res/debug/packageDebugResources/values-ar/values-ar.xml:1397:4: Multiple substitutions specified in non-positional format of string resource string/mtr_error_different. Did you mean to add the formatted="false" attribute?
/Users/forkman03/project/nome/simplex-chat/apps/multiplatform/common/build/intermediates/packaged_res/debug/packageDebugResources/values-hu/values-hu.xml:2283:4: Multiple substitutions specified in non-positional format of string resource string/snd_group_event_changed_member_role. Did you mean to add the formatted="false" attribute?
/Users/forkman03/project/nome/simplex-chat/apps/multiplatform/common/build/intermediates/packaged_res/debug/packageDebugResources/values-lt/values-lt.xml:549:4: Multiple substitutions specified in non-positional format of string resource string/feature_offered_item_with_param. Did you mean to add the formatted="false" attribute?
/Users/forkman03/project/nome/simplex-chat/apps/multiplatform/common/build/intermediates/packaged_res/debug/packageDebugResources/values-hu/values-hu.xml:2388:4: Multiple substitutions specified in non-positional format of string resource string/total_files_count_and_size. Did you mean to add the formatted="false" attribute?
/Users/forkman03/project/nome/simplex-chat/apps/multiplatform/common/build/intermediates/packaged_res/debug/packageDebugResources/values-lt/values-lt.xml:617:4: Multiple substitutions specified in non-positional format of string resource string/group_members_2. Did you mean to add the formatted="false" attribute?
/Users/forkman03/project/nome/simplex-chat/apps/multiplatform/common/build/intermediates/packaged_res/debug/packageDebugResources/values-lt/values-lt.xml:625:4: Multiple substitutions specified in non-positional format of string resource string/group_members_n. Did you mean to add the formatted="false" attribute?
/Users/forkman03/project/nome/simplex-chat/apps/multiplatform/common/build/intermediates/packaged_res/debug/packageDebugResources/values-ar/values-ar.xml:1798:4: Multiple substitutions specified in non-positional format of string resource string/rcv_group_event_2_members_connected. Did you mean to add the formatted="false" attribute?
/Users/forkman03/project/nome/simplex-chat/apps/multiplatform/common/build/intermediates/packaged_res/debug/packageDebugResources/values-ar/values-ar.xml:1799:4: Multiple substitutions specified in non-positional format of string resource string/rcv_group_event_3_members_connected. Did you mean to add the formatted="false" attribute?
/Users/forkman03/project/nome/simplex-chat/apps/multiplatform/common/build/intermediates/packaged_res/debug/packageDebugResources/values-ar/values-ar.xml:1800:4: Multiple substitutions specified in non-positional format of string resource string/rcv_group_event_changed_member_role. Did you mean to add the formatted="false" attribute?
/Users/forkman03/project/nome/simplex-chat/apps/multiplatform/common/build/intermediates/packaged_res/debug/packageDebugResources/values-ar/values-ar.xml:1812:4: Multiple substitutions specified in non-positional format of string resource string/rcv_group_event_n_members_connected. Did you mean to add the formatted="false" attribute?
/Users/forkman03/project/nome/simplex-chat/apps/multiplatform/common/build/intermediates/packaged_res/debug/packageDebugResources/values-ar/values-ar.xml:1851:4: Multiple substitutions specified in non-positional format of string resource string/recipient_colon_delivery_status. Did you mean to add the formatted="false" attribute?
/Users/forkman03/project/nome/simplex-chat/apps/multiplatform/common/build/intermediates/packaged_res/debug/packageDebugResources/values-ar/values-ar.xml:1917:4: Multiple substitutions specified in non-positional format of string resource string/remote_host_disconnected_from. Did you mean to add the formatted="false" attribute?
/Users/forkman03/project/nome/simplex-chat/apps/multiplatform/common/build/intermediates/packaged_res/debug/packageDebugResources/values-lt/values-lt.xml:913:4: Multiple substitutions specified in non-positional format of string resource string/mtr_error_different. Did you mean to add the formatted="false" attribute?
/Users/forkman03/project/nome/simplex-chat/apps/multiplatform/common/build/intermediates/packaged_res/debug/packageDebugResources/values-lt/values-lt.xml:1115:4: Multiple substitutions specified in non-positional format of string resource string/rcv_group_event_2_members_connected. Did you mean to add the formatted="false" attribute?
/Users/forkman03/project/nome/simplex-chat/apps/multiplatform/common/build/intermediates/packaged_res/debug/packageDebugResources/values-ar/values-ar.xml:2050:4: Multiple substitutions specified in non-positional format of string resource string/sender_at_ts. Did you mean to add the formatted="false" attribute?
/Users/forkman03/project/nome/simplex-chat/apps/multiplatform/common/build/intermediates/packaged_res/debug/packageDebugResources/values-lt/values-lt.xml:1116:4: Multiple substitutions specified in non-positional format of string resource string/rcv_group_event_3_members_connected. Did you mean to add the formatted="false" attribute?
/Users/forkman03/project/nome/simplex-chat/apps/multiplatform/common/build/intermediates/packaged_res/debug/packageDebugResources/values-lt/values-lt.xml:1117:4: Multiple substitutions specified in non-positional format of string resource string/rcv_group_event_changed_member_role. Did you mean to add the formatted="false" attribute?
/Users/forkman03/project/nome/simplex-chat/apps/multiplatform/common/build/intermediates/packaged_res/debug/packageDebugResources/values-zh-rTW/values-zh-rTW.xml:426:4: Multiple substitutions specified in non-positional format of string resource string/core_simplexmq_version. Did you mean to add the formatted="false" attribute?
/Users/forkman03/project/nome/simplex-chat/apps/multiplatform/common/build/intermediates/packaged_res/debug/packageDebugResources/values-lt/values-lt.xml:1128:4: Multiple substitutions specified in non-positional format of string resource string/rcv_group_event_n_members_connected. Did you mean to add the formatted="false" attribute?
/Users/forkman03/project/nome/simplex-chat/apps/multiplatform/common/build/intermediates/packaged_res/debug/packageDebugResources/values-lt/values-lt.xml:1161:4: Multiple substitutions specified in non-positional format of string resource string/recipient_colon_delivery_status. Did you mean to add the formatted="false" attribute?
/Users/forkman03/project/nome/simplex-chat/apps/multiplatform/common/build/intermediates/packaged_res/debug/packageDebugResources/values-lt/values-lt.xml:1177:4: Multiple substitutions specified in non-positional format of string resource string/remote_host_disconnected_from. Did you mean to add the formatted="false" attribute?
/Users/forkman03/project/nome/simplex-chat/apps/multiplatform/common/build/intermediates/packaged_res/debug/packageDebugResources/values-de/values-de.xml:111:4: Multiple substitutions specified in non-positional format of string resource string/app_check_for_updates_button_download. Did you mean to add the formatted="false" attribute?
/Users/forkman03/project/nome/simplex-chat/apps/multiplatform/common/build/intermediates/packaged_res/debug/packageDebugResources/values-zh-rTW/values-zh-rTW.xml:708:4: Multiple substitutions specified in non-positional format of string resource string/feature_offered_item_with_param. Did you mean to add the formatted="false" attribute?
/Users/forkman03/project/nome/simplex-chat/apps/multiplatform/common/build/intermediates/packaged_res/debug/packageDebugResources/values-lt/values-lt.xml:1266:4: Multiple substitutions specified in non-positional format of string resource string/sender_at_ts. Did you mean to add the formatted="false" attribute?
/Users/forkman03/project/nome/simplex-chat/apps/multiplatform/common/build/intermediates/packaged_res/debug/packageDebugResources/values-zh-rTW/values-zh-rTW.xml:796:4: Multiple substitutions specified in non-positional format of string resource string/group_members_2. Did you mean to add the formatted="false" attribute?
/Users/forkman03/project/nome/simplex-chat/apps/multiplatform/common/build/intermediates/packaged_res/debug/packageDebugResources/values-zh-rTW/values-zh-rTW.xml:804:4: Multiple substitutions specified in non-positional format of string resource string/group_members_n. Did you mean to add the formatted="false" attribute?
/Users/forkman03/project/nome/simplex-chat/apps/multiplatform/common/build/intermediates/packaged_res/debug/packageDebugResources/values-de/values-de.xml:563:4: Multiple substitutions specified in non-positional format of string resource string/core_simplexmq_version. Did you mean to add the formatted="false" attribute?
/Users/forkman03/project/nome/simplex-chat/apps/multiplatform/common/build/intermediates/packaged_res/debug/packageDebugResources/values-lt/values-lt.xml:1403:4: Multiple substitutions specified in non-positional format of string resource string/snd_group_event_changed_member_role. Did you mean to add the formatted="false" attribute?
/Users/forkman03/project/nome/simplex-chat/apps/multiplatform/common/build/intermediates/packaged_res/debug/packageDebugResources/values-ar/values-ar.xml:2283:4: Multiple substitutions specified in non-positional format of string resource string/snd_group_event_changed_member_role. Did you mean to add the formatted="false" attribute?
/Users/forkman03/project/nome/simplex-chat/apps/multiplatform/common/build/intermediates/packaged_res/debug/packageDebugResources/values-ar/values-ar.xml:2388:4: Multiple substitutions specified in non-positional format of string resource string/total_files_count_and_size. Did you mean to add the formatted="false" attribute?
/Users/forkman03/project/nome/simplex-chat/apps/multiplatform/common/build/intermediates/packaged_res/debug/packageDebugResources/values-lt/values-lt.xml:1478:4: Multiple substitutions specified in non-positional format of string resource string/total_files_count_and_size. Did you mean to add the formatted="false" attribute?
/Users/forkman03/project/nome/simplex-chat/apps/multiplatform/common/build/intermediates/packaged_res/debug/packageDebugResources/values-de/values-de.xml:904:4: Multiple substitutions specified in non-positional format of string resource string/feature_offered_item_with_param. Did you mean to add the formatted="false" attribute?
/Users/forkman03/project/nome/simplex-chat/apps/multiplatform/common/build/intermediates/packaged_res/debug/packageDebugResources/values-de/values-de.xml:1004:4: Multiple substitutions specified in non-positional format of string resource string/group_members_2. Did you mean to add the formatted="false" attribute?
/Users/forkman03/project/nome/simplex-chat/apps/multiplatform/common/build/intermediates/packaged_res/debug/packageDebugResources/values-de/values-de.xml:1021:4: Multiple substitutions specified in non-positional format of string resource string/group_members_n. Did you mean to add the formatted="false" attribute?
/Users/forkman03/project/nome/simplex-chat/apps/multiplatform/common/build/intermediates/packaged_res/debug/packageDebugResources/values-zh-rTW/values-zh-rTW.xml:1134:4: Multiple substitutions specified in non-positional format of string resource string/mtr_error_different. Did you mean to add the formatted="false" attribute?
/Users/forkman03/project/nome/simplex-chat/apps/multiplatform/common/build/intermediates/packaged_res/debug/packageDebugResources/values-de/values-de.xml:1398:4: Multiple substitutions specified in non-positional format of string resource string/mtr_error_different. Did you mean to add the formatted="false" attribute?
/Users/forkman03/project/nome/simplex-chat/apps/multiplatform/common/build/intermediates/packaged_res/debug/packageDebugResources/values-de/values-de.xml:1799:4: Multiple substitutions specified in non-positional format of string resource string/rcv_group_event_2_members_connected. Did you mean to add the formatted="false" attribute?
/Users/forkman03/project/nome/simplex-chat/apps/multiplatform/common/build/intermediates/packaged_res/debug/packageDebugResources/values-de/values-de.xml:1800:4: Multiple substitutions specified in non-positional format of string resource string/rcv_group_event_3_members_connected. Did you mean to add the formatted="false" attribute?
/Users/forkman03/project/nome/simplex-chat/apps/multiplatform/common/build/intermediates/packaged_res/debug/packageDebugResources/values-de/values-de.xml:1801:4: Multiple substitutions specified in non-positional format of string resource string/rcv_group_event_changed_member_role. Did you mean to add the formatted="false" attribute?
/Users/forkman03/project/nome/simplex-chat/apps/multiplatform/common/build/intermediates/packaged_res/debug/packageDebugResources/values-de/values-de.xml:1813:4: Multiple substitutions specified in non-positional format of string resource string/rcv_group_event_n_members_connected. Did you mean to add the formatted="false" attribute?
/Users/forkman03/project/nome/simplex-chat/apps/multiplatform/common/build/intermediates/packaged_res/debug/packageDebugResources/values-zh-rTW/values-zh-rTW.xml:1429:4: Multiple substitutions specified in non-positional format of string resource string/rcv_group_event_changed_member_role. Did you mean to add the formatted="false" attribute?
/Users/forkman03/project/nome/simplex-chat/apps/multiplatform/common/build/intermediates/packaged_res/debug/packageDebugResources/values-cs/values-cs.xml:109:4: Multiple substitutions specified in non-positional format of string resource string/app_check_for_updates_button_download. Did you mean to add the formatted="false" attribute?
/Users/forkman03/project/nome/simplex-chat/apps/multiplatform/common/build/intermediates/packaged_res/debug/packageDebugResources/values-de/values-de.xml:1852:4: Multiple substitutions specified in non-positional format of string resource string/recipient_colon_delivery_status. Did you mean to add the formatted="false" attribute?
/Users/forkman03/project/nome/simplex-chat/apps/multiplatform/common/build/intermediates/packaged_res/debug/packageDebugResources/values-de/values-de.xml:1918:4: Multiple substitutions specified in non-positional format of string resource string/remote_host_disconnected_from. Did you mean to add the formatted="false" attribute?
/Users/forkman03/project/nome/simplex-chat/apps/multiplatform/common/build/intermediates/packaged_res/debug/packageDebugResources/values-zh-rTW/values-zh-rTW.xml:1466:4: Multiple substitutions specified in non-positional format of string resource string/recipient_colon_delivery_status. Did you mean to add the formatted="false" attribute?
/Users/forkman03/project/nome/simplex-chat/apps/multiplatform/common/build/intermediates/packaged_res/debug/packageDebugResources/values-de/values-de.xml:2051:4: Multiple substitutions specified in non-positional format of string resource string/sender_at_ts. Did you mean to add the formatted="false" attribute?
/Users/forkman03/project/nome/simplex-chat/apps/multiplatform/common/build/intermediates/packaged_res/debug/packageDebugResources/values-zh-rTW/values-zh-rTW.xml:1485:4: Multiple substitutions specified in non-positional format of string resource string/remote_host_disconnected_from. Did you mean to add the formatted="false" attribute?
/Users/forkman03/project/nome/simplex-chat/apps/multiplatform/common/build/intermediates/packaged_res/debug/packageDebugResources/values-de/values-de.xml:2284:4: Multiple substitutions specified in non-positional format of string resource string/snd_group_event_changed_member_role. Did you mean to add the formatted="false" attribute?
/Users/forkman03/project/nome/simplex-chat/apps/multiplatform/common/build/intermediates/packaged_res/debug/packageDebugResources/values-zh-rTW/values-zh-rTW.xml:1592:4: Multiple substitutions specified in non-positional format of string resource string/sender_at_ts. Did you mean to add the formatted="false" attribute?
/Users/forkman03/project/nome/simplex-chat/apps/multiplatform/common/build/intermediates/packaged_res/debug/packageDebugResources/values-de/values-de.xml:2389:4: Multiple substitutions specified in non-positional format of string resource string/total_files_count_and_size. Did you mean to add the formatted="false" attribute?
/Users/forkman03/project/nome/simplex-chat/apps/multiplatform/common/build/intermediates/packaged_res/debug/packageDebugResources/values-zh-rTW/values-zh-rTW.xml:1792:4: Multiple substitutions specified in non-positional format of string resource string/snd_group_event_changed_member_role. Did you mean to add the formatted="false" attribute?
/Users/forkman03/project/nome/simplex-chat/apps/multiplatform/common/build/intermediates/packaged_res/debug/packageDebugResources/values-zh-rTW/values-zh-rTW.xml:1873:4: Multiple substitutions specified in non-positional format of string resource string/total_files_count_and_size. Did you mean to add the formatted="false" attribute?
/Users/forkman03/project/nome/simplex-chat/apps/multiplatform/common/build/intermediates/packaged_res/debug/packageDebugResources/values-cs/values-cs.xml:556:4: Multiple substitutions specified in non-positional format of string resource string/core_simplexmq_version. Did you mean to add the formatted="false" attribute?
/Users/forkman03/project/nome/simplex-chat/apps/multiplatform/common/build/intermediates/packaged_res/debug/packageDebugResources/values-bg/values-bg.xml:99:4: Multiple substitutions specified in non-positional format of string resource string/app_check_for_updates_button_download. Did you mean to add the formatted="false" attribute?
/Users/forkman03/project/nome/simplex-chat/apps/multiplatform/common/build/intermediates/packaged_res/debug/packageDebugResources/values-uk/values-uk.xml:1242:4: Multiple substitutions specified in non-positional format of string resource string/mtr_error_different. Did you mean to add the formatted="false" attribute?
/Users/forkman03/project/nome/simplex-chat/apps/multiplatform/common/build/intermediates/packaged_res/debug/packageDebugResources/values-cs/values-cs.xml:895:4: Multiple substitutions specified in non-positional format of string resource string/feature_offered_item_with_param. Did you mean to add the formatted="false" attribute?
/Users/forkman03/project/nome/simplex-chat/apps/multiplatform/common/build/intermediates/packaged_res/debug/packageDebugResources/values-cs/values-cs.xml:995:4: Multiple substitutions specified in non-positional format of string resource string/group_members_2. Did you mean to add the formatted="false" attribute?
/Users/forkman03/project/nome/simplex-chat/apps/multiplatform/common/build/intermediates/packaged_res/debug/packageDebugResources/values-cs/values-cs.xml:1012:4: Multiple substitutions specified in non-positional format of string resource string/group_members_n. Did you mean to add the formatted="false" attribute?
/Users/forkman03/project/nome/simplex-chat/apps/multiplatform/common/build/intermediates/packaged_res/debug/packageDebugResources/values-cs/values-cs.xml:1385:4: Multiple substitutions specified in non-positional format of string resource string/mtr_error_different. Did you mean to add the formatted="false" attribute?
/Users/forkman03/project/nome/simplex-chat/apps/multiplatform/common/build/intermediates/packaged_res/debug/packageDebugResources/values-vi/values-vi.xml:95:4: Multiple substitutions specified in non-positional format of string resource string/app_check_for_updates_button_download. Did you mean to add the formatted="false" attribute?
/Users/forkman03/project/nome/simplex-chat/apps/multiplatform/common/build/intermediates/packaged_res/debug/packageDebugResources/values-fi/values-fi.xml:262:4: Multiple substitutions specified in non-positional format of string resource string/core_simplexmq_version. Did you mean to add the formatted="false" attribute?
/Users/forkman03/project/nome/simplex-chat/apps/multiplatform/common/build/intermediates/packaged_res/debug/packageDebugResources/values-bg/values-bg.xml:476:4: Multiple substitutions specified in non-positional format of string resource string/core_simplexmq_version. Did you mean to add the formatted="false" attribute?
/Users/forkman03/project/nome/simplex-chat/apps/multiplatform/common/build/intermediates/packaged_res/debug/packageDebugResources/values-fi/values-fi.xml:479:4: Multiple substitutions specified in non-positional format of string resource string/feature_offered_item_with_param. Did you mean to add the formatted="false" attribute?
/Users/forkman03/project/nome/simplex-chat/apps/multiplatform/common/build/intermediates/packaged_res/debug/packageDebugResources/values-fi/values-fi.xml:536:4: Multiple substitutions specified in non-positional format of string resource string/group_members_2. Did you mean to add the formatted="false" attribute?
/Users/forkman03/project/nome/simplex-chat/apps/multiplatform/common/build/intermediates/packaged_res/debug/packageDebugResources/values-fi/values-fi.xml:544:4: Multiple substitutions specified in non-positional format of string resource string/group_members_n. Did you mean to add the formatted="false" attribute?
/Users/forkman03/project/nome/simplex-chat/apps/multiplatform/common/build/intermediates/packaged_res/debug/packageDebugResources/values-uk/values-uk.xml:1599:4: Multiple substitutions specified in non-positional format of string resource string/rcv_group_event_2_members_connected. Did you mean to add the formatted="false" attribute?
/Users/forkman03/project/nome/simplex-chat/apps/multiplatform/common/build/intermediates/packaged_res/debug/packageDebugResources/values-uk/values-uk.xml:1600:4: Multiple substitutions specified in non-positional format of string resource string/rcv_group_event_3_members_connected. Did you mean to add the formatted="false" attribute?
/Users/forkman03/project/nome/simplex-chat/apps/multiplatform/common/build/intermediates/packaged_res/debug/packageDebugResources/values-uk/values-uk.xml:1601:4: Multiple substitutions specified in non-positional format of string resource string/rcv_group_event_changed_member_role. Did you mean to add the formatted="false" attribute?
/Users/forkman03/project/nome/simplex-chat/apps/multiplatform/common/build/intermediates/packaged_res/debug/packageDebugResources/values-uk/values-uk.xml:1613:4: Multiple substitutions specified in non-positional format of string resource string/rcv_group_event_n_members_connected. Did you mean to add the formatted="false" attribute?
/Users/forkman03/project/nome/simplex-chat/apps/multiplatform/common/build/intermediates/packaged_res/debug/packageDebugResources/values-uk/values-uk.xml:1648:4: Multiple substitutions specified in non-positional format of string resource string/recipient_colon_delivery_status. Did you mean to add the formatted="false" attribute?
/Users/forkman03/project/nome/simplex-chat/apps/multiplatform/common/build/intermediates/packaged_res/debug/packageDebugResources/values-uk/values-uk.xml:1670:4: Multiple substitutions specified in non-positional format of string resource string/remote_host_disconnected_from. Did you mean to add the formatted="false" attribute?
/Users/forkman03/project/nome/simplex-chat/apps/multiplatform/common/build/intermediates/packaged_res/debug/packageDebugResources/values-bg/values-bg.xml:787:4: Multiple substitutions specified in non-positional format of string resource string/feature_offered_item_with_param. Did you mean to add the formatted="false" attribute?
/Users/forkman03/project/nome/simplex-chat/apps/multiplatform/common/build/intermediates/packaged_res/debug/packageDebugResources/values-uk/values-uk.xml:1799:4: Multiple substitutions specified in non-positional format of string resource string/sender_at_ts. Did you mean to add the formatted="false" attribute?
/Users/forkman03/project/nome/simplex-chat/apps/multiplatform/common/build/intermediates/packaged_res/debug/packageDebugResources/values-uk/values-uk.xml:2025:4: Multiple substitutions specified in non-positional format of string resource string/snd_group_event_changed_member_role. Did you mean to add the formatted="false" attribute?
/Users/forkman03/project/nome/simplex-chat/apps/multiplatform/common/build/intermediates/packaged_res/debug/packageDebugResources/values-uk/values-uk.xml:2123:4: Multiple substitutions specified in non-positional format of string resource string/total_files_count_and_size. Did you mean to add the formatted="false" attribute?
/Users/forkman03/project/nome/simplex-chat/apps/multiplatform/common/build/intermediates/packaged_res/debug/packageDebugResources/values-vi/values-vi.xml:442:4: Multiple substitutions specified in non-positional format of string resource string/core_simplexmq_version. Did you mean to add the formatted="false" attribute?
/Users/forkman03/project/nome/simplex-chat/apps/multiplatform/common/build/intermediates/packaged_res/debug/packageDebugResources/values-cs/values-cs.xml:1775:4: Multiple substitutions specified in non-positional format of string resource string/rcv_group_event_2_members_connected. Did you mean to add the formatted="false" attribute?
/Users/forkman03/project/nome/simplex-chat/apps/multiplatform/common/build/intermediates/packaged_res/debug/packageDebugResources/values-cs/values-cs.xml:1776:4: Multiple substitutions specified in non-positional format of string resource string/rcv_group_event_3_members_connected. Did you mean to add the formatted="false" attribute?
/Users/forkman03/project/nome/simplex-chat/apps/multiplatform/common/build/intermediates/packaged_res/debug/packageDebugResources/values-cs/values-cs.xml:1777:4: Multiple substitutions specified in non-positional format of string resource string/rcv_group_event_changed_member_role. Did you mean to add the formatted="false" attribute?
/Users/forkman03/project/nome/simplex-chat/apps/multiplatform/common/build/intermediates/packaged_res/debug/packageDebugResources/values-cs/values-cs.xml:1789:4: Multiple substitutions specified in non-positional format of string resource string/rcv_group_event_n_members_connected. Did you mean to add the formatted="false" attribute?
/Users/forkman03/project/nome/simplex-chat/apps/multiplatform/common/build/intermediates/packaged_res/debug/packageDebugResources/values-cs/values-cs.xml:1827:4: Multiple substitutions specified in non-positional format of string resource string/recipient_colon_delivery_status. Did you mean to add the formatted="false" attribute?
/Users/forkman03/project/nome/simplex-chat/apps/multiplatform/common/build/intermediates/packaged_res/debug/packageDebugResources/values-fi/values-fi.xml:779:4: Multiple substitutions specified in non-positional format of string resource string/mtr_error_different. Did you mean to add the formatted="false" attribute?
/Users/forkman03/project/nome/simplex-chat/apps/multiplatform/common/build/intermediates/packaged_res/debug/packageDebugResources/values-cs/values-cs.xml:1886:4: Multiple substitutions specified in non-positional format of string resource string/remote_host_disconnected_from. Did you mean to add the formatted="false" attribute?
/Users/forkman03/project/nome/simplex-chat/apps/multiplatform/common/build/intermediates/packaged_res/debug/packageDebugResources/values-bg/values-bg.xml:883:4: Multiple substitutions specified in non-positional format of string resource string/group_members_2. Did you mean to add the formatted="false" attribute?
/Users/forkman03/project/nome/simplex-chat/apps/multiplatform/common/build/intermediates/packaged_res/debug/packageDebugResources/values-bg/values-bg.xml:892:4: Multiple substitutions specified in non-positional format of string resource string/group_members_n. Did you mean to add the formatted="false" attribute?
/Users/forkman03/project/nome/simplex-chat/apps/multiplatform/common/build/intermediates/packaged_res/debug/packageDebugResources/values-cs/values-cs.xml:2019:4: Multiple substitutions specified in non-positional format of string resource string/sender_at_ts. Did you mean to add the formatted="false" attribute?
/Users/forkman03/project/nome/simplex-chat/apps/multiplatform/common/build/intermediates/packaged_res/debug/packageDebugResources/values-fi/values-fi.xml:950:4: Multiple substitutions specified in non-positional format of string resource string/rcv_group_event_2_members_connected. Did you mean to add the formatted="false" attribute?
/Users/forkman03/project/nome/simplex-chat/apps/multiplatform/common/build/intermediates/packaged_res/debug/packageDebugResources/values-bg/values-bg.xml:1243:4: Multiple substitutions specified in non-positional format of string resource string/mtr_error_different. Did you mean to add the formatted="false" attribute?
/Users/forkman03/project/nome/simplex-chat/apps/multiplatform/common/build/intermediates/packaged_res/debug/packageDebugResources/values-fi/values-fi.xml:951:4: Multiple substitutions specified in non-positional format of string resource string/rcv_group_event_3_members_connected. Did you mean to add the formatted="false" attribute?
/Users/forkman03/project/nome/simplex-chat/apps/multiplatform/common/build/intermediates/packaged_res/debug/packageDebugResources/values-fi/values-fi.xml:952:4: Multiple substitutions specified in non-positional format of string resource string/rcv_group_event_changed_member_role. Did you mean to add the formatted="false" attribute?
/Users/forkman03/project/nome/simplex-chat/apps/multiplatform/common/build/intermediates/packaged_res/debug/packageDebugResources/values-fi/values-fi.xml:959:4: Multiple substitutions specified in non-positional format of string resource string/rcv_group_event_n_members_connected. Did you mean to add the formatted="false" attribute?
/Users/forkman03/project/nome/simplex-chat/apps/multiplatform/common/build/intermediates/packaged_res/debug/packageDebugResources/values-bg/values-bg.xml:1599:4: Multiple substitutions specified in non-positional format of string resource string/rcv_group_event_2_members_connected. Did you mean to add the formatted="false" attribute?
/Users/forkman03/project/nome/simplex-chat/apps/multiplatform/common/build/intermediates/packaged_res/debug/packageDebugResources/values-bg/values-bg.xml:1600:4: Multiple substitutions specified in non-positional format of string resource string/rcv_group_event_3_members_connected. Did you mean to add the formatted="false" attribute?
/Users/forkman03/project/nome/simplex-chat/apps/multiplatform/common/build/intermediates/packaged_res/debug/packageDebugResources/values-bg/values-bg.xml:1601:4: Multiple substitutions specified in non-positional format of string resource string/rcv_group_event_changed_member_role. Did you mean to add the formatted="false" attribute?
/Users/forkman03/project/nome/simplex-chat/apps/multiplatform/common/build/intermediates/packaged_res/debug/packageDebugResources/values-bg/values-bg.xml:1613:4: Multiple substitutions specified in non-positional format of string resource string/rcv_group_event_n_members_connected. Did you mean to add the formatted="false" attribute?
/Users/forkman03/project/nome/simplex-chat/apps/multiplatform/common/build/intermediates/packaged_res/debug/packageDebugResources/values-bg/values-bg.xml:1648:4: Multiple substitutions specified in non-positional format of string resource string/recipient_colon_delivery_status. Did you mean to add the formatted="false" attribute?
/Users/forkman03/project/nome/simplex-chat/apps/multiplatform/common/build/intermediates/packaged_res/debug/packageDebugResources/values-bg/values-bg.xml:1670:4: Multiple substitutions specified in non-positional format of string resource string/remote_host_disconnected_from. Did you mean to add the formatted="false" attribute?
/Users/forkman03/project/nome/simplex-chat/apps/multiplatform/common/build/intermediates/packaged_res/debug/packageDebugResources/values-cs/values-cs.xml:2252:4: Multiple substitutions specified in non-positional format of string resource string/snd_group_event_changed_member_role. Did you mean to add the formatted="false" attribute?
/Users/forkman03/project/nome/simplex-chat/apps/multiplatform/common/build/intermediates/packaged_res/debug/packageDebugResources/values-bg/values-bg.xml:1799:4: Multiple substitutions specified in non-positional format of string resource string/sender_at_ts. Did you mean to add the formatted="false" attribute?
/Users/forkman03/project/nome/simplex-chat/apps/multiplatform/common/build/intermediates/packaged_res/debug/packageDebugResources/values-cs/values-cs.xml:2357:4: Multiple substitutions specified in non-positional format of string resource string/total_files_count_and_size. Did you mean to add the formatted="false" attribute?
/Users/forkman03/project/nome/simplex-chat/apps/multiplatform/common/build/intermediates/packaged_res/debug/packageDebugResources/values-fi/values-fi.xml:989:4: Multiple substitutions specified in non-positional format of string resource string/recipient_colon_delivery_status. Did you mean to add the formatted="false" attribute?
/Users/forkman03/project/nome/simplex-chat/apps/multiplatform/common/build/intermediates/packaged_res/debug/packageDebugResources/values-vi/values-vi.xml:746:4: Multiple substitutions specified in non-positional format of string resource string/feature_offered_item_with_param. Did you mean to add the formatted="false" attribute?
/Users/forkman03/project/nome/simplex-chat/apps/multiplatform/common/build/intermediates/packaged_res/debug/packageDebugResources/values-ml/values-ml.xml:277:4: Multiple substitutions specified in non-positional format of string resource string/rcv_group_event_changed_member_role. Did you mean to add the formatted="false" attribute?
/Users/forkman03/project/nome/simplex-chat/apps/multiplatform/common/build/intermediates/packaged_res/debug/packageDebugResources/values-vi/values-vi.xml:840:4: Multiple substitutions specified in non-positional format of string resource string/group_members_2. Did you mean to add the formatted="false" attribute?
/Users/forkman03/project/nome/simplex-chat/apps/multiplatform/common/build/intermediates/packaged_res/debug/packageDebugResources/values-ml/values-ml.xml:352:4: Multiple substitutions specified in non-positional format of string resource string/snd_group_event_changed_member_role. Did you mean to add the formatted="false" attribute?
/Users/forkman03/project/nome/simplex-chat/apps/multiplatform/common/build/intermediates/packaged_res/debug/packageDebugResources/values-vi/values-vi.xml:849:4: Multiple substitutions specified in non-positional format of string resource string/group_members_n. Did you mean to add the formatted="false" attribute?
/Users/forkman03/project/nome/simplex-chat/apps/multiplatform/common/build/intermediates/packaged_res/debug/packageDebugResources/values-fi/values-fi.xml:1066:4: Multiple substitutions specified in non-positional format of string resource string/sender_at_ts. Did you mean to add the formatted="false" attribute?
/Users/forkman03/project/nome/simplex-chat/apps/multiplatform/common/build/intermediates/packaged_res/debug/packageDebugResources/values-fi/values-fi.xml:1200:4: Multiple substitutions specified in non-positional format of string resource string/snd_group_event_changed_member_role. Did you mean to add the formatted="false" attribute?
/Users/forkman03/project/nome/simplex-chat/apps/multiplatform/common/build/intermediates/packaged_res/debug/packageDebugResources/values-vi/values-vi.xml:1196:4: Multiple substitutions specified in non-positional format of string resource string/mtr_error_different. Did you mean to add the formatted="false" attribute?
/Users/forkman03/project/nome/simplex-chat/apps/multiplatform/common/build/intermediates/packaged_res/debug/packageDebugResources/values-fi/values-fi.xml:1268:4: Multiple substitutions specified in non-positional format of string resource string/total_files_count_and_size. Did you mean to add the formatted="false" attribute?
/Users/forkman03/project/nome/simplex-chat/apps/multiplatform/common/build/intermediates/packaged_res/debug/packageDebugResources/values-vi/values-vi.xml:1539:4: Multiple substitutions specified in non-positional format of string resource string/rcv_group_event_2_members_connected. Did you mean to add the formatted="false" attribute?
/Users/forkman03/project/nome/simplex-chat/apps/multiplatform/common/build/intermediates/packaged_res/debug/packageDebugResources/values-vi/values-vi.xml:1540:4: Multiple substitutions specified in non-positional format of string resource string/rcv_group_event_3_members_connected. Did you mean to add the formatted="false" attribute?
/Users/forkman03/project/nome/simplex-chat/apps/multiplatform/common/build/intermediates/packaged_res/debug/packageDebugResources/values-bg/values-bg.xml:2025:4: Multiple substitutions specified in non-positional format of string resource string/snd_group_event_changed_member_role. Did you mean to add the formatted="false" attribute?
/Users/forkman03/project/nome/simplex-chat/apps/multiplatform/common/build/intermediates/packaged_res/debug/packageDebugResources/values-bg/values-bg.xml:2124:4: Multiple substitutions specified in non-positional format of string resource string/total_files_count_and_size. Did you mean to add the formatted="false" attribute?
/Users/forkman03/project/nome/simplex-chat/apps/multiplatform/common/build/intermediates/packaged_res/debug/packageDebugResources/values-vi/values-vi.xml:1541:4: Multiple substitutions specified in non-positional format of string resource string/rcv_group_event_changed_member_role. Did you mean to add the formatted="false" attribute?
/Users/forkman03/project/nome/simplex-chat/apps/multiplatform/common/build/intermediates/packaged_res/debug/packageDebugResources/values-vi/values-vi.xml:1553:4: Multiple substitutions specified in non-positional format of string resource string/rcv_group_event_n_members_connected. Did you mean to add the formatted="false" attribute?
/Users/forkman03/project/nome/simplex-chat/apps/multiplatform/common/build/intermediates/packaged_res/debug/packageDebugResources/values-es/values-es.xml:109:4: Multiple substitutions specified in non-positional format of string resource string/app_check_for_updates_button_download. Did you mean to add the formatted="false" attribute?
/Users/forkman03/project/nome/simplex-chat/apps/multiplatform/common/build/intermediates/packaged_res/debug/packageDebugResources/values-vi/values-vi.xml:1588:4: Multiple substitutions specified in non-positional format of string resource string/recipient_colon_delivery_status. Did you mean to add the formatted="false" attribute?
/Users/forkman03/project/nome/simplex-chat/apps/multiplatform/common/build/intermediates/packaged_res/debug/packageDebugResources/values-es/values-es.xml:561:4: Multiple substitutions specified in non-positional format of string resource string/core_simplexmq_version. Did you mean to add the formatted="false" attribute?
/Users/forkman03/project/nome/simplex-chat/apps/multiplatform/common/build/intermediates/packaged_res/debug/packageDebugResources/values-vi/values-vi.xml:1609:4: Multiple substitutions specified in non-positional format of string resource string/remote_host_disconnected_from. Did you mean to add the formatted="false" attribute?
/Users/forkman03/project/nome/simplex-chat/apps/multiplatform/common/build/intermediates/packaged_res/debug/packageDebugResources/values-es/values-es.xml:902:4: Multiple substitutions specified in non-positional format of string resource string/feature_offered_item_with_param. Did you mean to add the formatted="false" attribute?
/Users/forkman03/project/nome/simplex-chat/apps/multiplatform/common/build/intermediates/packaged_res/debug/packageDebugResources/values-vi/values-vi.xml:1737:4: Multiple substitutions specified in non-positional format of string resource string/sender_at_ts. Did you mean to add the formatted="false" attribute?
/Users/forkman03/project/nome/simplex-chat/apps/multiplatform/common/build/intermediates/packaged_res/debug/packageDebugResources/values-es/values-es.xml:1002:4: Multiple substitutions specified in non-positional format of string resource string/group_members_2. Did you mean to add the formatted="false" attribute?
/Users/forkman03/project/nome/simplex-chat/apps/multiplatform/common/build/intermediates/packaged_res/debug/packageDebugResources/values-es/values-es.xml:1019:4: Multiple substitutions specified in non-positional format of string resource string/group_members_n. Did you mean to add the formatted="false" attribute?
/Users/forkman03/project/nome/simplex-chat/apps/multiplatform/common/build/intermediates/packaged_res/debug/packageDebugResources/values-ja/values-ja.xml:89:4: Multiple substitutions specified in non-positional format of string resource string/app_check_for_updates_button_download. Did you mean to add the formatted="false" attribute?
/Users/forkman03/project/nome/simplex-chat/apps/multiplatform/common/build/intermediates/packaged_res/debug/packageDebugResources/values-el/values-el.xml:99:4: Multiple substitutions specified in non-positional format of string resource string/app_check_for_updates_button_download. Did you mean to add the formatted="false" attribute?
/Users/forkman03/project/nome/simplex-chat/apps/multiplatform/common/build/intermediates/packaged_res/debug/packageDebugResources/values-zh-rCN/values-zh-rCN.xml:111:4: Multiple substitutions specified in non-positional format of string resource string/app_check_for_updates_button_download. Did you mean to add the formatted="false" attribute?
/Users/forkman03/project/nome/simplex-chat/apps/multiplatform/common/build/intermediates/packaged_res/debug/packageDebugResources/values-ja/values-ja.xml:384:4: Multiple substitutions specified in non-positional format of string resource string/core_simplexmq_version. Did you mean to add the formatted="false" attribute?

> Task :android:packageDebugResources
> Task :android:createDebugCompatibleScreenManifests
> Task :android:extractDeepLinksDebug
> Task :common:extractDeepLinksDebug
> Task :android:parseDebugLocalResources

> Task :common:processDebugManifest
package="chat.simplex.common" found in source AndroidManifest.xml: /Users/forkman03/project/nome/simplex-chat/apps/multiplatform/common/src/androidMain/AndroidManifest.xml.
Setting the namespace via the package attribute in the source AndroidManifest.xml is no longer supported, and the value is ignored.
Recommendation: remove package="chat.simplex.common" from the source AndroidManifest.xml: /Users/forkman03/project/nome/simplex-chat/apps/multiplatform/common/src/androidMain/AndroidManifest.xml.

> Task :common:compileDebugLibraryResources

> Task :android:processDebugMainManifest
package="chat.simplex.app" found in source AndroidManifest.xml: /Users/forkman03/project/nome/simplex-chat/apps/multiplatform/android/src/main/AndroidManifest.xml.
Setting the namespace via the package attribute in the source AndroidManifest.xml is no longer supported, and the value is ignored.
Recommendation: remove package="chat.simplex.app" from the source AndroidManifest.xml: /Users/forkman03/project/nome/simplex-chat/apps/multiplatform/android/src/main/AndroidManifest.xml.
/Users/forkman03/project/nome/simplex-chat/apps/multiplatform/android/src/main/AndroidManifest.xml:45:7-57 Warning:
	android:extractNativeLibs should not be specified in this source AndroidManifest.xml file. See https://d.android.com/guide/topics/manifest/application-element#extractNativeLibs for more information.
The AGP Upgrade Assistant can remove the attribute from the AndroidManifest.xml file and update the build file accordingly. See https://d.android.com/studio/build/agp-upgrade-assistant for more information.

> Task :android:processDebugManifest
> Task :common:checkKotlinGradlePluginConfigurationErrors SKIPPED
> Task :common:convertXmlValueResourcesForAndroidMain NO-SOURCE
> Task :common:copyNonXmlValueResourcesForAndroidMain NO-SOURCE
> Task :common:prepareComposeResourcesTaskForAndroidMain NO-SOURCE
> Task :common:generateResourceAccessorsForAndroidMain SKIPPED
> Task :common:convertXmlValueResourcesForCommonMain NO-SOURCE
> Task :common:copyNonXmlValueResourcesForCommonMain NO-SOURCE
> Task :common:prepareComposeResourcesTaskForCommonMain NO-SOURCE
> Task :common:generateResourceAccessorsForCommonMain SKIPPED
> Task :common:generateActualResourceCollectorsForAndroidMain SKIPPED
> Task :common:generateAndroidDebugNonAndroidBuildConfig SKIPPED
> Task :common:generateAndroidMainNonAndroidBuildConfig SKIPPED
> Task :common:generateComposeResClass SKIPPED
> Task :common:generateExpectResourceCollectorsForCommonMain SKIPPED

> Task :android:mergeDebugResources
/Users/forkman03/project/nome/simplex-chat/apps/multiplatform/common/build/intermediates/packaged_res/debug/packageDebugResources/values-el/values-el.xml:486:4: Multiple substitutions specified in non-positional format of string resource string/core_simplexmq_version. Did you mean to add the formatted="false" attribute?
/Users/forkman03/project/nome/simplex-chat/apps/multiplatform/common/build/intermediates/packaged_res/debug/packageDebugResources/values-ja/values-ja.xml:659:4: Multiple substitutions specified in non-positional format of string resource string/feature_offered_item_with_param. Did you mean to add the formatted="false" attribute?
/Users/forkman03/project/nome/simplex-chat/apps/multiplatform/common/build/intermediates/packaged_res/debug/packageDebugResources/values-ja/values-ja.xml:737:4: Multiple substitutions specified in non-positional format of string resource string/group_members_2. Did you mean to add the formatted="false" attribute?
/Users/forkman03/project/nome/simplex-chat/apps/multiplatform/common/build/intermediates/packaged_res/debug/packageDebugResources/values-ja/values-ja.xml:745:4: Multiple substitutions specified in non-positional format of string resource string/group_members_n. Did you mean to add the formatted="false" attribute?
/Users/forkman03/project/nome/simplex-chat/apps/multiplatform/common/build/intermediates/packaged_res/debug/packageDebugResources/values-es/values-es.xml:1394:4: Multiple substitutions specified in non-positional format of string resource string/mtr_error_different. Did you mean to add the formatted="false" attribute?
/Users/forkman03/project/nome/simplex-chat/apps/multiplatform/common/build/intermediates/packaged_res/debug/packageDebugResources/values-ja/values-ja.xml:1047:4: Multiple substitutions specified in non-positional format of string resource string/mtr_error_different. Did you mean to add the formatted="false" attribute?
/Users/forkman03/project/nome/simplex-chat/apps/multiplatform/common/build/intermediates/packaged_res/debug/packageDebugResources/values-el/values-el.xml:799:4: Multiple substitutions specified in non-positional format of string resource string/feature_offered_item_with_param. Did you mean to add the formatted="false" attribute?
/Users/forkman03/project/nome/simplex-chat/apps/multiplatform/common/build/intermediates/packaged_res/debug/packageDebugResources/values-ja/values-ja.xml:1303:4: Multiple substitutions specified in non-positional format of string resource string/rcv_group_event_2_members_connected. Did you mean to add the formatted="false" attribute?
/Users/forkman03/project/nome/simplex-chat/apps/multiplatform/common/build/intermediates/packaged_res/debug/packageDebugResources/values-ja/values-ja.xml:1304:4: Multiple substitutions specified in non-positional format of string resource string/rcv_group_event_3_members_connected. Did you mean to add the formatted="false" attribute?
/Users/forkman03/project/nome/simplex-chat/apps/multiplatform/common/build/intermediates/packaged_res/debug/packageDebugResources/values-ja/values-ja.xml:1305:4: Multiple substitutions specified in non-positional format of string resource string/rcv_group_event_changed_member_role. Did you mean to add the formatted="false" attribute?
/Users/forkman03/project/nome/simplex-chat/apps/multiplatform/common/build/intermediates/packaged_res/debug/packageDebugResources/values-el/values-el.xml:895:4: Multiple substitutions specified in non-positional format of string resource string/group_members_2. Did you mean to add the formatted="false" attribute?
/Users/forkman03/project/nome/simplex-chat/apps/multiplatform/common/build/intermediates/packaged_res/debug/packageDebugResources/values-ja/values-ja.xml:1316:4: Multiple substitutions specified in non-positional format of string resource string/rcv_group_event_n_members_connected. Did you mean to add the formatted="false" attribute?
/Users/forkman03/project/nome/simplex-chat/apps/multiplatform/common/build/intermediates/packaged_res/debug/packageDebugResources/values-es/values-es.xml:1795:4: Multiple substitutions specified in non-positional format of string resource string/rcv_group_event_2_members_connected. Did you mean to add the formatted="false" attribute?
/Users/forkman03/project/nome/simplex-chat/apps/multiplatform/common/build/intermediates/packaged_res/debug/packageDebugResources/values-ja/values-ja.xml:1349:4: Multiple substitutions specified in non-positional format of string resource string/recipient_colon_delivery_status. Did you mean to add the formatted="false" attribute?
/Users/forkman03/project/nome/simplex-chat/apps/multiplatform/common/build/intermediates/packaged_res/debug/packageDebugResources/values-ja/values-ja.xml:1366:4: Multiple substitutions specified in non-positional format of string resource string/remote_host_disconnected_from. Did you mean to add the formatted="false" attribute?
/Users/forkman03/project/nome/simplex-chat/apps/multiplatform/common/build/intermediates/packaged_res/debug/packageDebugResources/values-vi/values-vi.xml:1951:4: Multiple substitutions specified in non-positional format of string resource string/snd_group_event_changed_member_role. Did you mean to add the formatted="false" attribute?
/Users/forkman03/project/nome/simplex-chat/apps/multiplatform/common/build/intermediates/packaged_res/debug/packageDebugResources/values-ja/values-ja.xml:1470:4: Multiple substitutions specified in non-positional format of string resource string/sender_at_ts. Did you mean to add the formatted="false" attribute?
/Users/forkman03/project/nome/simplex-chat/apps/multiplatform/common/build/intermediates/packaged_res/debug/packageDebugResources/values-es/values-es.xml:1796:4: Multiple substitutions specified in non-positional format of string resource string/rcv_group_event_3_members_connected. Did you mean to add the formatted="false" attribute?
/Users/forkman03/project/nome/simplex-chat/apps/multiplatform/common/build/intermediates/packaged_res/debug/packageDebugResources/values-el/values-el.xml:904:4: Multiple substitutions specified in non-positional format of string resource string/group_members_n. Did you mean to add the formatted="false" attribute?
/Users/forkman03/project/nome/simplex-chat/apps/multiplatform/common/build/intermediates/packaged_res/debug/packageDebugResources/values-es/values-es.xml:1797:4: Multiple substitutions specified in non-positional format of string resource string/rcv_group_event_changed_member_role. Did you mean to add the formatted="false" attribute?
/Users/forkman03/project/nome/simplex-chat/apps/multiplatform/common/build/intermediates/packaged_res/debug/packageDebugResources/values-ja/values-ja.xml:1647:4: Multiple substitutions specified in non-positional format of string resource string/snd_group_event_changed_member_role. Did you mean to add the formatted="false" attribute?
/Users/forkman03/project/nome/simplex-chat/apps/multiplatform/common/build/intermediates/packaged_res/debug/packageDebugResources/values-es/values-es.xml:1809:4: Multiple substitutions specified in non-positional format of string resource string/rcv_group_event_n_members_connected. Did you mean to add the formatted="false" attribute?
/Users/forkman03/project/nome/simplex-chat/apps/multiplatform/common/build/intermediates/packaged_res/debug/packageDebugResources/values-ja/values-ja.xml:1727:4: Multiple substitutions specified in non-positional format of string resource string/total_files_count_and_size. Did you mean to add the formatted="false" attribute?
/Users/forkman03/project/nome/simplex-chat/apps/multiplatform/common/build/intermediates/packaged_res/debug/packageDebugResources/values-vi/values-vi.xml:2047:4: Multiple substitutions specified in non-positional format of string resource string/total_files_count_and_size. Did you mean to add the formatted="false" attribute?
/Users/forkman03/project/nome/simplex-chat/apps/multiplatform/common/build/intermediates/packaged_res/debug/packageDebugResources/values-it/values-it.xml:111:4: Multiple substitutions specified in non-positional format of string resource string/app_check_for_updates_button_download. Did you mean to add the formatted="false" attribute?
/Users/forkman03/project/nome/simplex-chat/apps/multiplatform/common/build/intermediates/packaged_res/debug/packageDebugResources/values-pt-rBR/values-pt-rBR.xml:92:4: Multiple substitutions specified in non-positional format of string resource string/app_check_for_updates_button_download. Did you mean to add the formatted="false" attribute?
/Users/forkman03/project/nome/simplex-chat/apps/multiplatform/common/build/intermediates/packaged_res/debug/packageDebugResources/values-es/values-es.xml:1848:4: Multiple substitutions specified in non-positional format of string resource string/recipient_colon_delivery_status. Did you mean to add the formatted="false" attribute?
/Users/forkman03/project/nome/simplex-chat/apps/multiplatform/common/build/intermediates/packaged_res/debug/packageDebugResources/values-ro/values-ro.xml:99:4: Multiple substitutions specified in non-positional format of string resource string/app_check_for_updates_button_download. Did you mean to add the formatted="false" attribute?
/Users/forkman03/project/nome/simplex-chat/apps/multiplatform/common/build/intermediates/packaged_res/debug/packageDebugResources/values-it/values-it.xml:563:4: Multiple substitutions specified in non-positional format of string resource string/core_simplexmq_version. Did you mean to add the formatted="false" attribute?
/Users/forkman03/project/nome/simplex-chat/apps/multiplatform/common/build/intermediates/packaged_res/debug/packageDebugResources/values-ro/values-ro.xml:475:4: Multiple substitutions specified in non-positional format of string resource string/core_simplexmq_version. Did you mean to add the formatted="false" attribute?
/Users/forkman03/project/nome/simplex-chat/apps/multiplatform/common/build/intermediates/packaged_res/debug/packageDebugResources/values-pt-rBR/values-pt-rBR.xml:428:4: Multiple substitutions specified in non-positional format of string resource string/core_simplexmq_version. Did you mean to add the formatted="false" attribute?
/Users/forkman03/project/nome/simplex-chat/apps/multiplatform/common/build/intermediates/packaged_res/debug/packageDebugResources/values-ro/values-ro.xml:786:4: Multiple substitutions specified in non-positional format of string resource string/feature_offered_item_with_param. Did you mean to add the formatted="false" attribute?
/Users/forkman03/project/nome/simplex-chat/apps/multiplatform/common/build/intermediates/packaged_res/debug/packageDebugResources/values-el/values-el.xml:1258:4: Multiple substitutions specified in non-positional format of string resource string/mtr_error_different. Did you mean to add the formatted="false" attribute?
/Users/forkman03/project/nome/simplex-chat/apps/multiplatform/common/build/intermediates/packaged_res/debug/packageDebugResources/values-ro/values-ro.xml:882:4: Multiple substitutions specified in non-positional format of string resource string/group_members_2. Did you mean to add the formatted="false" attribute?
/Users/forkman03/project/nome/simplex-chat/apps/multiplatform/common/build/intermediates/packaged_res/debug/packageDebugResources/values-ro/values-ro.xml:891:4: Multiple substitutions specified in non-positional format of string resource string/group_members_n. Did you mean to add the formatted="false" attribute?
/Users/forkman03/project/nome/simplex-chat/apps/multiplatform/common/build/intermediates/packaged_res/debug/packageDebugResources/values-zh-rCN/values-zh-rCN.xml:563:4: Multiple substitutions specified in non-positional format of string resource string/core_simplexmq_version. Did you mean to add the formatted="false" attribute?
/Users/forkman03/project/nome/simplex-chat/apps/multiplatform/common/build/intermediates/packaged_res/debug/packageDebugResources/values-pt-rBR/values-pt-rBR.xml:728:4: Multiple substitutions specified in non-positional format of string resource string/feature_offered_item_with_param. Did you mean to add the formatted="false" attribute?
/Users/forkman03/project/nome/simplex-chat/apps/multiplatform/common/build/intermediates/packaged_res/debug/packageDebugResources/values-es/values-es.xml:1913:4: Multiple substitutions specified in non-positional format of string resource string/remote_host_disconnected_from. Did you mean to add the formatted="false" attribute?
/Users/forkman03/project/nome/simplex-chat/apps/multiplatform/common/build/intermediates/packaged_res/debug/packageDebugResources/values-ro/values-ro.xml:1242:4: Multiple substitutions specified in non-positional format of string resource string/mtr_error_different. Did you mean to add the formatted="false" attribute?
/Users/forkman03/project/nome/simplex-chat/apps/multiplatform/common/build/intermediates/packaged_res/debug/packageDebugResources/values-pt-rBR/values-pt-rBR.xml:819:4: Multiple substitutions specified in non-positional format of string resource string/group_members_2. Did you mean to add the formatted="false" attribute?
/Users/forkman03/project/nome/simplex-chat/apps/multiplatform/common/build/intermediates/packaged_res/debug/packageDebugResources/values-it/values-it.xml:904:4: Multiple substitutions specified in non-positional format of string resource string/feature_offered_item_with_param. Did you mean to add the formatted="false" attribute?
/Users/forkman03/project/nome/simplex-chat/apps/multiplatform/common/build/intermediates/packaged_res/debug/packageDebugResources/values-pt-rBR/values-pt-rBR.xml:828:4: Multiple substitutions specified in non-positional format of string resource string/group_members_n. Did you mean to add the formatted="false" attribute?
/Users/forkman03/project/nome/simplex-chat/apps/multiplatform/common/build/intermediates/packaged_res/debug/packageDebugResources/values-el/values-el.xml:1622:4: Multiple substitutions specified in non-positional format of string resource string/rcv_group_event_2_members_connected. Did you mean to add the formatted="false" attribute?
/Users/forkman03/project/nome/simplex-chat/apps/multiplatform/common/build/intermediates/packaged_res/debug/packageDebugResources/values-el/values-el.xml:1623:4: Multiple substitutions specified in non-positional format of string resource string/rcv_group_event_3_members_connected. Did you mean to add the formatted="false" attribute?
/Users/forkman03/project/nome/simplex-chat/apps/multiplatform/common/build/intermediates/packaged_res/debug/packageDebugResources/values-el/values-el.xml:1624:4: Multiple substitutions specified in non-positional format of string resource string/rcv_group_event_changed_member_role. Did you mean to add the formatted="false" attribute?
/Users/forkman03/project/nome/simplex-chat/apps/multiplatform/common/build/intermediates/packaged_res/debug/packageDebugResources/values-es/values-es.xml:2046:4: Multiple substitutions specified in non-positional format of string resource string/sender_at_ts. Did you mean to add the formatted="false" attribute?
/Users/forkman03/project/nome/simplex-chat/apps/multiplatform/common/build/intermediates/packaged_res/debug/packageDebugResources/values-el/values-el.xml:1636:4: Multiple substitutions specified in non-positional format of string resource string/rcv_group_event_n_members_connected. Did you mean to add the formatted="false" attribute?
/Users/forkman03/project/nome/simplex-chat/apps/multiplatform/common/build/intermediates/packaged_res/debug/packageDebugResources/values-it/values-it.xml:1004:4: Multiple substitutions specified in non-positional format of string resource string/group_members_2. Did you mean to add the formatted="false" attribute?
/Users/forkman03/project/nome/simplex-chat/apps/multiplatform/common/build/intermediates/packaged_res/debug/packageDebugResources/values-it/values-it.xml:1021:4: Multiple substitutions specified in non-positional format of string resource string/group_members_n. Did you mean to add the formatted="false" attribute?
/Users/forkman03/project/nome/simplex-chat/apps/multiplatform/common/build/intermediates/packaged_res/debug/packageDebugResources/values-ro/values-ro.xml:1598:4: Multiple substitutions specified in non-positional format of string resource string/rcv_group_event_2_members_connected. Did you mean to add the formatted="false" attribute?
/Users/forkman03/project/nome/simplex-chat/apps/multiplatform/common/build/intermediates/packaged_res/debug/packageDebugResources/values-ro/values-ro.xml:1599:4: Multiple substitutions specified in non-positional format of string resource string/rcv_group_event_3_members_connected. Did you mean to add the formatted="false" attribute?
/Users/forkman03/project/nome/simplex-chat/apps/multiplatform/common/build/intermediates/packaged_res/debug/packageDebugResources/values-ro/values-ro.xml:1600:4: Multiple substitutions specified in non-positional format of string resource string/rcv_group_event_changed_member_role. Did you mean to add the formatted="false" attribute?
/Users/forkman03/project/nome/simplex-chat/apps/multiplatform/common/build/intermediates/packaged_res/debug/packageDebugResources/values-ro/values-ro.xml:1612:4: Multiple substitutions specified in non-positional format of string resource string/rcv_group_event_n_members_connected. Did you mean to add the formatted="false" attribute?
/Users/forkman03/project/nome/simplex-chat/apps/multiplatform/common/build/intermediates/packaged_res/debug/packageDebugResources/values-ro/values-ro.xml:1647:4: Multiple substitutions specified in non-positional format of string resource string/recipient_colon_delivery_status. Did you mean to add the formatted="false" attribute?
/Users/forkman03/project/nome/simplex-chat/apps/multiplatform/common/build/intermediates/packaged_res/debug/packageDebugResources/values-ro/values-ro.xml:1669:4: Multiple substitutions specified in non-positional format of string resource string/remote_host_disconnected_from. Did you mean to add the formatted="false" attribute?
/Users/forkman03/project/nome/simplex-chat/apps/multiplatform/common/build/intermediates/packaged_res/debug/packageDebugResources/values-ro/values-ro.xml:1798:4: Multiple substitutions specified in non-positional format of string resource string/sender_at_ts. Did you mean to add the formatted="false" attribute?
/Users/forkman03/project/nome/simplex-chat/apps/multiplatform/common/build/intermediates/packaged_res/debug/packageDebugResources/values-es/values-es.xml:2279:4: Multiple substitutions specified in non-positional format of string resource string/snd_group_event_changed_member_role. Did you mean to add the formatted="false" attribute?
/Users/forkman03/project/nome/simplex-chat/apps/multiplatform/common/build/intermediates/packaged_res/debug/packageDebugResources/values-es/values-es.xml:2384:4: Multiple substitutions specified in non-positional format of string resource string/total_files_count_and_size. Did you mean to add the formatted="false" attribute?
/Users/forkman03/project/nome/simplex-chat/apps/multiplatform/common/build/intermediates/packaged_res/debug/packageDebugResources/values-el/values-el.xml:1671:4: Multiple substitutions specified in non-positional format of string resource string/recipient_colon_delivery_status. Did you mean to add the formatted="false" attribute?
/Users/forkman03/project/nome/simplex-chat/apps/multiplatform/common/build/intermediates/packaged_res/debug/packageDebugResources/values-el/values-el.xml:1693:4: Multiple substitutions specified in non-positional format of string resource string/remote_host_disconnected_from. Did you mean to add the formatted="false" attribute?
/Users/forkman03/project/nome/simplex-chat/apps/multiplatform/common/build/intermediates/packaged_res/debug/packageDebugResources/values-ro/values-ro.xml:2024:4: Multiple substitutions specified in non-positional format of string resource string/snd_group_event_changed_member_role. Did you mean to add the formatted="false" attribute?
/Users/forkman03/project/nome/simplex-chat/apps/multiplatform/common/build/intermediates/packaged_res/debug/packageDebugResources/values-el/values-el.xml:1823:4: Multiple substitutions specified in non-positional format of string resource string/sender_at_ts. Did you mean to add the formatted="false" attribute?
/Users/forkman03/project/nome/simplex-chat/apps/multiplatform/common/build/intermediates/packaged_res/debug/packageDebugResources/values-ro/values-ro.xml:2123:4: Multiple substitutions specified in non-positional format of string resource string/total_files_count_and_size. Did you mean to add the formatted="false" attribute?
/Users/forkman03/project/nome/simplex-chat/apps/multiplatform/common/build/intermediates/packaged_res/debug/packageDebugResources/values-pt-rBR/values-pt-rBR.xml:1169:4: Multiple substitutions specified in non-positional format of string resource string/mtr_error_different. Did you mean to add the formatted="false" attribute?
/Users/forkman03/project/nome/simplex-chat/apps/multiplatform/common/build/intermediates/packaged_res/debug/packageDebugResources/values-el/values-el.xml:2051:4: Multiple substitutions specified in non-positional format of string resource string/snd_group_event_changed_member_role. Did you mean to add the formatted="false" attribute?
/Users/forkman03/project/nome/simplex-chat/apps/multiplatform/common/build/intermediates/packaged_res/debug/packageDebugResources/values-it/values-it.xml:1398:4: Multiple substitutions specified in non-positional format of string resource string/mtr_error_different. Did you mean to add the formatted="false" attribute?
/Users/forkman03/project/nome/simplex-chat/apps/multiplatform/common/build/intermediates/packaged_res/debug/packageDebugResources/values-it/values-it.xml:1799:4: Multiple substitutions specified in non-positional format of string resource string/rcv_group_event_2_members_connected. Did you mean to add the formatted="false" attribute?
/Users/forkman03/project/nome/simplex-chat/apps/multiplatform/common/build/intermediates/packaged_res/debug/packageDebugResources/values-it/values-it.xml:1800:4: Multiple substitutions specified in non-positional format of string resource string/rcv_group_event_3_members_connected. Did you mean to add the formatted="false" attribute?
/Users/forkman03/project/nome/simplex-chat/apps/multiplatform/common/build/intermediates/packaged_res/debug/packageDebugResources/values-zh-rCN/values-zh-rCN.xml:904:4: Multiple substitutions specified in non-positional format of string resource string/feature_offered_item_with_param. Did you mean to add the formatted="false" attribute?
/Users/forkman03/project/nome/simplex-chat/apps/multiplatform/common/build/intermediates/packaged_res/debug/packageDebugResources/values-pt-rBR/values-pt-rBR.xml:1508:4: Multiple substitutions specified in non-positional format of string resource string/rcv_group_event_2_members_connected. Did you mean to add the formatted="false" attribute?
/Users/forkman03/project/nome/simplex-chat/apps/multiplatform/common/build/intermediates/packaged_res/debug/packageDebugResources/values-pt-rBR/values-pt-rBR.xml:1509:4: Multiple substitutions specified in non-positional format of string resource string/rcv_group_event_3_members_connected. Did you mean to add the formatted="false" attribute?
/Users/forkman03/project/nome/simplex-chat/apps/multiplatform/common/build/intermediates/packaged_res/debug/packageDebugResources/values-pt-rBR/values-pt-rBR.xml:1510:4: Multiple substitutions specified in non-positional format of string resource string/rcv_group_event_changed_member_role. Did you mean to add the formatted="false" attribute?
/Users/forkman03/project/nome/simplex-chat/apps/multiplatform/common/build/intermediates/packaged_res/debug/packageDebugResources/values-pt-rBR/values-pt-rBR.xml:1522:4: Multiple substitutions specified in non-positional format of string resource string/rcv_group_event_n_members_connected. Did you mean to add the formatted="false" attribute?
/Users/forkman03/project/nome/simplex-chat/apps/multiplatform/common/build/intermediates/packaged_res/debug/packageDebugResources/values-zh-rCN/values-zh-rCN.xml:1004:4: Multiple substitutions specified in non-positional format of string resource string/group_members_2. Did you mean to add the formatted="false" attribute?
/Users/forkman03/project/nome/simplex-chat/apps/multiplatform/common/build/intermediates/packaged_res/debug/packageDebugResources/values-zh-rCN/values-zh-rCN.xml:1021:4: Multiple substitutions specified in non-positional format of string resource string/group_members_n. Did you mean to add the formatted="false" attribute?
/Users/forkman03/project/nome/simplex-chat/apps/multiplatform/common/build/intermediates/packaged_res/debug/packageDebugResources/values-zh-rCN/values-zh-rCN.xml:1398:4: Multiple substitutions specified in non-positional format of string resource string/mtr_error_different. Did you mean to add the formatted="false" attribute?
/Users/forkman03/project/nome/simplex-chat/apps/multiplatform/common/build/intermediates/packaged_res/debug/packageDebugResources/values-it/values-it.xml:1801:4: Multiple substitutions specified in non-positional format of string resource string/rcv_group_event_changed_member_role. Did you mean to add the formatted="false" attribute?
/Users/forkman03/project/nome/simplex-chat/apps/multiplatform/common/build/intermediates/packaged_res/debug/packageDebugResources/values-it/values-it.xml:1813:4: Multiple substitutions specified in non-positional format of string resource string/rcv_group_event_n_members_connected. Did you mean to add the formatted="false" attribute?
/Users/forkman03/project/nome/simplex-chat/apps/multiplatform/common/build/intermediates/packaged_res/debug/packageDebugResources/values-it/values-it.xml:1852:4: Multiple substitutions specified in non-positional format of string resource string/recipient_colon_delivery_status. Did you mean to add the formatted="false" attribute?
/Users/forkman03/project/nome/simplex-chat/apps/multiplatform/common/build/intermediates/packaged_res/debug/packageDebugResources/values-zh-rCN/values-zh-rCN.xml:1842:4: Multiple substitutions specified in non-positional format of string resource string/rcv_group_event_2_members_connected. Did you mean to add the formatted="false" attribute?
/Users/forkman03/project/nome/simplex-chat/apps/multiplatform/common/build/intermediates/packaged_res/debug/packageDebugResources/values-zh-rCN/values-zh-rCN.xml:1843:4: Multiple substitutions specified in non-positional format of string resource string/rcv_group_event_3_members_connected. Did you mean to add the formatted="false" attribute?
/Users/forkman03/project/nome/simplex-chat/apps/multiplatform/common/build/intermediates/packaged_res/debug/packageDebugResources/values-it/values-it.xml:1918:4: Multiple substitutions specified in non-positional format of string resource string/remote_host_disconnected_from. Did you mean to add the formatted="false" attribute?
/Users/forkman03/project/nome/simplex-chat/apps/multiplatform/common/build/intermediates/packaged_res/debug/packageDebugResources/values-it/values-it.xml:2051:4: Multiple substitutions specified in non-positional format of string resource string/sender_at_ts. Did you mean to add the formatted="false" attribute?
/Users/forkman03/project/nome/simplex-chat/apps/multiplatform/common/build/intermediates/packaged_res/debug/packageDebugResources/values-it/values-it.xml:2284:4: Multiple substitutions specified in non-positional format of string resource string/snd_group_event_changed_member_role. Did you mean to add the formatted="false" attribute?
/Users/forkman03/project/nome/simplex-chat/apps/multiplatform/common/build/intermediates/packaged_res/debug/packageDebugResources/values-it/values-it.xml:2389:4: Multiple substitutions specified in non-positional format of string resource string/total_files_count_and_size. Did you mean to add the formatted="false" attribute?
/Users/forkman03/project/nome/simplex-chat/apps/multiplatform/common/build/intermediates/packaged_res/debug/packageDebugResources/values-nl/values-nl.xml:95:4: Multiple substitutions specified in non-positional format of string resource string/app_check_for_updates_button_download. Did you mean to add the formatted="false" attribute?
/Users/forkman03/project/nome/simplex-chat/apps/multiplatform/common/build/intermediates/packaged_res/debug/packageDebugResources/values-nl/values-nl.xml:447:4: Multiple substitutions specified in non-positional format of string resource string/core_simplexmq_version. Did you mean to add the formatted="false" attribute?
/Users/forkman03/project/nome/simplex-chat/apps/multiplatform/common/build/intermediates/packaged_res/debug/packageDebugResources/values-el/values-el.xml:2150:4: Multiple substitutions specified in non-positional format of string resource string/total_files_count_and_size. Did you mean to add the formatted="false" attribute?
/Users/forkman03/project/nome/simplex-chat/apps/multiplatform/common/build/intermediates/packaged_res/debug/packageDebugResources/values-nl/values-nl.xml:752:4: Multiple substitutions specified in non-positional format of string resource string/feature_offered_item_with_param. Did you mean to add the formatted="false" attribute?
/Users/forkman03/project/nome/simplex-chat/apps/multiplatform/common/build/intermediates/packaged_res/debug/packageDebugResources/values-zh-rCN/values-zh-rCN.xml:1844:4: Multiple substitutions specified in non-positional format of string resource string/rcv_group_event_changed_member_role. Did you mean to add the formatted="false" attribute?
/Users/forkman03/project/nome/simplex-chat/apps/multiplatform/common/build/intermediates/packaged_res/debug/packageDebugResources/values-nl/values-nl.xml:846:4: Multiple substitutions specified in non-positional format of string resource string/group_members_2. Did you mean to add the formatted="false" attribute?
/Users/forkman03/project/nome/simplex-chat/apps/multiplatform/common/build/intermediates/packaged_res/debug/packageDebugResources/values-pt-rBR/values-pt-rBR.xml:1556:4: Multiple substitutions specified in non-positional format of string resource string/recipient_colon_delivery_status. Did you mean to add the formatted="false" attribute?
/Users/forkman03/project/nome/simplex-chat/apps/multiplatform/common/build/intermediates/packaged_res/debug/packageDebugResources/values-zh-rCN/values-zh-rCN.xml:1856:4: Multiple substitutions specified in non-positional format of string resource string/rcv_group_event_n_members_connected. Did you mean to add the formatted="false" attribute?
/Users/forkman03/project/nome/simplex-chat/apps/multiplatform/common/build/intermediates/packaged_res/debug/packageDebugResources/values-zh-rCN/values-zh-rCN.xml:1895:4: Multiple substitutions specified in non-positional format of string resource string/recipient_colon_delivery_status. Did you mean to add the formatted="false" attribute?
/Users/forkman03/project/nome/simplex-chat/apps/multiplatform/common/build/intermediates/packaged_res/debug/packageDebugResources/values-pt-rBR/values-pt-rBR.xml:1575:4: Multiple substitutions specified in non-positional format of string resource string/remote_host_disconnected_from. Did you mean to add the formatted="false" attribute?
/Users/forkman03/project/nome/simplex-chat/apps/multiplatform/common/build/intermediates/packaged_res/debug/packageDebugResources/values-zh-rCN/values-zh-rCN.xml:1961:4: Multiple substitutions specified in non-positional format of string resource string/remote_host_disconnected_from. Did you mean to add the formatted="false" attribute?
/Users/forkman03/project/nome/simplex-chat/apps/multiplatform/common/build/intermediates/packaged_res/debug/packageDebugResources/values-zh-rCN/values-zh-rCN.xml:2094:4: Multiple substitutions specified in non-positional format of string resource string/sender_at_ts. Did you mean to add the formatted="false" attribute?
/Users/forkman03/project/nome/simplex-chat/apps/multiplatform/common/build/intermediates/packaged_res/debug/packageDebugResources/values-pt-rBR/values-pt-rBR.xml:1699:4: Multiple substitutions specified in non-positional format of string resource string/sender_at_ts. Did you mean to add the formatted="false" attribute?
/Users/forkman03/project/nome/simplex-chat/apps/multiplatform/common/build/intermediates/packaged_res/debug/packageDebugResources/values-zh-rCN/values-zh-rCN.xml:2327:4: Multiple substitutions specified in non-positional format of string resource string/snd_group_event_changed_member_role. Did you mean to add the formatted="false" attribute?
/Users/forkman03/project/nome/simplex-chat/apps/multiplatform/common/build/intermediates/packaged_res/debug/packageDebugResources/values-zh-rCN/values-zh-rCN.xml:2432:4: Multiple substitutions specified in non-positional format of string resource string/total_files_count_and_size. Did you mean to add the formatted="false" attribute?
/Users/forkman03/project/nome/simplex-chat/apps/multiplatform/common/build/intermediates/packaged_res/debug/packageDebugResources/values-pt-rBR/values-pt-rBR.xml:1910:4: Multiple substitutions specified in non-positional format of string resource string/snd_group_event_changed_member_role. Did you mean to add the formatted="false" attribute?
/Users/forkman03/project/nome/simplex-chat/apps/multiplatform/common/build/intermediates/packaged_res/debug/packageDebugResources/values-pt-rBR/values-pt-rBR.xml:2003:4: Multiple substitutions specified in non-positional format of string resource string/total_files_count_and_size. Did you mean to add the formatted="false" attribute?
/Users/forkman03/project/nome/simplex-chat/apps/multiplatform/common/build/intermediates/packaged_res/debug/packageDebugResources/values-nl/values-nl.xml:855:4: Multiple substitutions specified in non-positional format of string resource string/group_members_n. Did you mean to add the formatted="false" attribute?
/Users/forkman03/project/nome/simplex-chat/apps/multiplatform/common/build/intermediates/packaged_res/debug/packageDebugResources/values-th/values-th.xml:226:4: Multiple substitutions specified in non-positional format of string resource string/core_simplexmq_version. Did you mean to add the formatted="false" attribute?
/Users/forkman03/project/nome/simplex-chat/apps/multiplatform/common/build/intermediates/packaged_res/debug/packageDebugResources/values-th/values-th.xml:420:4: Multiple substitutions specified in non-positional format of string resource string/feature_offered_item_with_param. Did you mean to add the formatted="false" attribute?
/Users/forkman03/project/nome/simplex-chat/apps/multiplatform/common/build/intermediates/packaged_res/debug/packageDebugResources/values-ko/values-ko.xml:81:4: Multiple substitutions specified in non-positional format of string resource string/app_check_for_updates_button_download. Did you mean to add the formatted="false" attribute?
/Users/forkman03/project/nome/simplex-chat/apps/multiplatform/common/build/intermediates/packaged_res/debug/packageDebugResources/values-ko/values-ko.xml:339:4: Multiple substitutions specified in non-positional format of string resource string/core_simplexmq_version. Did you mean to add the formatted="false" attribute?
/Users/forkman03/project/nome/simplex-chat/apps/multiplatform/common/build/intermediates/packaged_res/debug/packageDebugResources/values-th/values-th.xml:689:4: Multiple substitutions specified in non-positional format of string resource string/mtr_error_different. Did you mean to add the formatted="false" attribute?
/Users/forkman03/project/nome/simplex-chat/apps/multiplatform/common/build/intermediates/packaged_res/debug/packageDebugResources/values-nl/values-nl.xml:1202:4: Multiple substitutions specified in non-positional format of string resource string/mtr_error_different. Did you mean to add the formatted="false" attribute?
/Users/forkman03/project/nome/simplex-chat/apps/multiplatform/common/build/intermediates/packaged_res/debug/packageDebugResources/values-th/values-th.xml:832:4: Multiple substitutions specified in non-positional format of string resource string/rcv_group_event_changed_member_role. Did you mean to add the formatted="false" attribute?
/Users/forkman03/project/nome/simplex-chat/apps/multiplatform/common/build/intermediates/packaged_res/debug/packageDebugResources/values-th/values-th.xml:867:4: Multiple substitutions specified in non-positional format of string resource string/recipient_colon_delivery_status. Did you mean to add the formatted="false" attribute?
/Users/forkman03/project/nome/simplex-chat/apps/multiplatform/common/build/intermediates/packaged_res/debug/packageDebugResources/values-th/values-th.xml:937:4: Multiple substitutions specified in non-positional format of string resource string/sender_at_ts. Did you mean to add the formatted="false" attribute?
/Users/forkman03/project/nome/simplex-chat/apps/multiplatform/common/build/intermediates/packaged_res/debug/packageDebugResources/values-th/values-th.xml:1056:4: Multiple substitutions specified in non-positional format of string resource string/snd_group_event_changed_member_role. Did you mean to add the formatted="false" attribute?
/Users/forkman03/project/nome/simplex-chat/apps/multiplatform/common/build/intermediates/packaged_res/debug/packageDebugResources/values-th/values-th.xml:1113:4: Multiple substitutions specified in non-positional format of string resource string/total_files_count_and_size. Did you mean to add the formatted="false" attribute?
/Users/forkman03/project/nome/simplex-chat/apps/multiplatform/common/build/intermediates/packaged_res/debug/packageDebugResources/values-nl/values-nl.xml:1546:4: Multiple substitutions specified in non-positional format of string resource string/rcv_group_event_2_members_connected. Did you mean to add the formatted="false" attribute?
/Users/forkman03/project/nome/simplex-chat/apps/multiplatform/common/build/intermediates/packaged_res/debug/packageDebugResources/values-nl/values-nl.xml:1547:4: Multiple substitutions specified in non-positional format of string resource string/rcv_group_event_3_members_connected. Did you mean to add the formatted="false" attribute?
/Users/forkman03/project/nome/simplex-chat/apps/multiplatform/common/build/intermediates/packaged_res/debug/packageDebugResources/values-nl/values-nl.xml:1548:4: Multiple substitutions specified in non-positional format of string resource string/rcv_group_event_changed_member_role. Did you mean to add the formatted="false" attribute?
/Users/forkman03/project/nome/simplex-chat/apps/multiplatform/common/build/intermediates/packaged_res/debug/packageDebugResources/values-nl/values-nl.xml:1560:4: Multiple substitutions specified in non-positional format of string resource string/rcv_group_event_n_members_connected. Did you mean to add the formatted="false" attribute?
/Users/forkman03/project/nome/simplex-chat/apps/multiplatform/common/build/intermediates/packaged_res/debug/packageDebugResources/values-nl/values-nl.xml:1595:4: Multiple substitutions specified in non-positional format of string resource string/recipient_colon_delivery_status. Did you mean to add the formatted="false" attribute?
/Users/forkman03/project/nome/simplex-chat/apps/multiplatform/common/build/intermediates/packaged_res/debug/packageDebugResources/values-fr/values-fr.xml:92:4: Multiple substitutions specified in non-positional format of string resource string/app_check_for_updates_button_download. Did you mean to add the formatted="false" attribute?
/Users/forkman03/project/nome/simplex-chat/apps/multiplatform/common/build/intermediates/packaged_res/debug/packageDebugResources/values-ko/values-ko.xml:602:4: Multiple substitutions specified in non-positional format of string resource string/feature_offered_item_with_param. Did you mean to add the formatted="false" attribute?
/Users/forkman03/project/nome/simplex-chat/apps/multiplatform/common/build/intermediates/packaged_res/debug/packageDebugResources/values-fr/values-fr.xml:445:4: Multiple substitutions specified in non-positional format of string resource string/core_simplexmq_version. Did you mean to add the formatted="false" attribute?
/Users/forkman03/project/nome/simplex-chat/apps/multiplatform/common/build/intermediates/packaged_res/debug/packageDebugResources/values-ko/values-ko.xml:935:4: Multiple substitutions specified in non-positional format of string resource string/mtr_error_different. Did you mean to add the formatted="false" attribute?
/Users/forkman03/project/nome/simplex-chat/apps/multiplatform/common/build/intermediates/packaged_res/debug/packageDebugResources/values-fa/values-fa.xml:99:4: Multiple substitutions specified in non-positional format of string resource string/app_check_for_updates_button_download. Did you mean to add the formatted="false" attribute?
/Users/forkman03/project/nome/simplex-chat/apps/multiplatform/common/build/intermediates/packaged_res/debug/packageDebugResources/values-ko/values-ko.xml:1110:4: Multiple substitutions specified in non-positional format of string resource string/rcv_group_event_changed_member_role. Did you mean to add the formatted="false" attribute?
/Users/forkman03/project/nome/simplex-chat/apps/multiplatform/common/build/intermediates/packaged_res/debug/packageDebugResources/values-fa/values-fa.xml:477:4: Multiple substitutions specified in non-positional format of string resource string/core_simplexmq_version. Did you mean to add the formatted="false" attribute?
/Users/forkman03/project/nome/simplex-chat/apps/multiplatform/common/build/intermediates/packaged_res/debug/packageDebugResources/values-fr/values-fr.xml:754:4: Multiple substitutions specified in non-positional format of string resource string/feature_offered_item_with_param. Did you mean to add the formatted="false" attribute?
/Users/forkman03/project/nome/simplex-chat/apps/multiplatform/common/build/intermediates/packaged_res/debug/packageDebugResources/values-ko/values-ko.xml:1154:4: Multiple substitutions specified in non-positional format of string resource string/remote_host_disconnected_from. Did you mean to add the formatted="false" attribute?
/Users/forkman03/project/nome/simplex-chat/apps/multiplatform/common/build/intermediates/packaged_res/debug/packageDebugResources/values-fr/values-fr.xml:846:4: Multiple substitutions specified in non-positional format of string resource string/group_members_2. Did you mean to add the formatted="false" attribute?
/Users/forkman03/project/nome/simplex-chat/apps/multiplatform/common/build/intermediates/packaged_res/debug/packageDebugResources/values-fr/values-fr.xml:855:4: Multiple substitutions specified in non-positional format of string resource string/group_members_n. Did you mean to add the formatted="false" attribute?
/Users/forkman03/project/nome/simplex-chat/apps/multiplatform/common/build/intermediates/packaged_res/debug/packageDebugResources/values-fa/values-fa.xml:788:4: Multiple substitutions specified in non-positional format of string resource string/feature_offered_item_with_param. Did you mean to add the formatted="false" attribute?
/Users/forkman03/project/nome/simplex-chat/apps/multiplatform/common/build/intermediates/packaged_res/debug/packageDebugResources/values-ko/values-ko.xml:1357:4: Multiple substitutions specified in non-positional format of string resource string/snd_group_event_changed_member_role. Did you mean to add the formatted="false" attribute?
/Users/forkman03/project/nome/simplex-chat/apps/multiplatform/common/build/intermediates/packaged_res/debug/packageDebugResources/values-ko/values-ko.xml:1388:4: Multiple substitutions specified in non-positional format of string resource string/total_files_count_and_size. Did you mean to add the formatted="false" attribute?
/Users/forkman03/project/nome/simplex-chat/apps/multiplatform/common/build/intermediates/packaged_res/debug/packageDebugResources/values-fa/values-fa.xml:884:4: Multiple substitutions specified in non-positional format of string resource string/group_members_2. Did you mean to add the formatted="false" attribute?
/Users/forkman03/project/nome/simplex-chat/apps/multiplatform/common/build/intermediates/packaged_res/debug/packageDebugResources/values-fa/values-fa.xml:893:4: Multiple substitutions specified in non-positional format of string resource string/group_members_n. Did you mean to add the formatted="false" attribute?
/Users/forkman03/project/nome/simplex-chat/apps/multiplatform/common/build/intermediates/packaged_res/debug/packageDebugResources/values-fr/values-fr.xml:1201:4: Multiple substitutions specified in non-positional format of string resource string/mtr_error_different. Did you mean to add the formatted="false" attribute?
/Users/forkman03/project/nome/simplex-chat/apps/multiplatform/common/build/intermediates/packaged_res/debug/packageDebugResources/values-fa/values-fa.xml:1244:4: Multiple substitutions specified in non-positional format of string resource string/mtr_error_different. Did you mean to add the formatted="false" attribute?
/Users/forkman03/project/nome/simplex-chat/apps/multiplatform/common/build/intermediates/packaged_res/debug/packageDebugResources/values-fr/values-fr.xml:1538:4: Multiple substitutions specified in non-positional format of string resource string/rcv_group_event_2_members_connected. Did you mean to add the formatted="false" attribute?
/Users/forkman03/project/nome/simplex-chat/apps/multiplatform/common/build/intermediates/packaged_res/debug/packageDebugResources/values-fr/values-fr.xml:1539:4: Multiple substitutions specified in non-positional format of string resource string/rcv_group_event_3_members_connected. Did you mean to add the formatted="false" attribute?
/Users/forkman03/project/nome/simplex-chat/apps/multiplatform/common/build/intermediates/packaged_res/debug/packageDebugResources/values-fr/values-fr.xml:1540:4: Multiple substitutions specified in non-positional format of string resource string/rcv_group_event_changed_member_role. Did you mean to add the formatted="false" attribute?
/Users/forkman03/project/nome/simplex-chat/apps/multiplatform/common/build/intermediates/packaged_res/debug/packageDebugResources/values-fa/values-fa.xml:1602:4: Multiple substitutions specified in non-positional format of string resource string/rcv_group_event_2_members_connected. Did you mean to add the formatted="false" attribute?
/Users/forkman03/project/nome/simplex-chat/apps/multiplatform/common/build/intermediates/packaged_res/debug/packageDebugResources/values-fa/values-fa.xml:1603:4: Multiple substitutions specified in non-positional format of string resource string/rcv_group_event_3_members_connected. Did you mean to add the formatted="false" attribute?
/Users/forkman03/project/nome/simplex-chat/apps/multiplatform/common/build/intermediates/packaged_res/debug/packageDebugResources/values-fa/values-fa.xml:1604:4: Multiple substitutions specified in non-positional format of string resource string/rcv_group_event_changed_member_role. Did you mean to add the formatted="false" attribute?
/Users/forkman03/project/nome/simplex-chat/apps/multiplatform/common/build/intermediates/packaged_res/debug/packageDebugResources/values-fr/values-fr.xml:1551:4: Multiple substitutions specified in non-positional format of string resource string/rcv_group_event_n_members_connected. Did you mean to add the formatted="false" attribute?
/Users/forkman03/project/nome/simplex-chat/apps/multiplatform/common/build/intermediates/packaged_res/debug/packageDebugResources/values-fa/values-fa.xml:1616:4: Multiple substitutions specified in non-positional format of string resource string/rcv_group_event_n_members_connected. Did you mean to add the formatted="false" attribute?
/Users/forkman03/project/nome/simplex-chat/apps/multiplatform/common/build/intermediates/packaged_res/debug/packageDebugResources/values-fa/values-fa.xml:1651:4: Multiple substitutions specified in non-positional format of string resource string/recipient_colon_delivery_status. Did you mean to add the formatted="false" attribute?
/Users/forkman03/project/nome/simplex-chat/apps/multiplatform/common/build/intermediates/packaged_res/debug/packageDebugResources/values-fa/values-fa.xml:1673:4: Multiple substitutions specified in non-positional format of string resource string/remote_host_disconnected_from. Did you mean to add the formatted="false" attribute?
/Users/forkman03/project/nome/simplex-chat/apps/multiplatform/common/build/intermediates/packaged_res/debug/packageDebugResources/values-fr/values-fr.xml:1585:4: Multiple substitutions specified in non-positional format of string resource string/recipient_colon_delivery_status. Did you mean to add the formatted="false" attribute?
/Users/forkman03/project/nome/simplex-chat/apps/multiplatform/common/build/intermediates/packaged_res/debug/packageDebugResources/values-fa/values-fa.xml:1802:4: Multiple substitutions specified in non-positional format of string resource string/sender_at_ts. Did you mean to add the formatted="false" attribute?
/Users/forkman03/project/nome/simplex-chat/apps/multiplatform/common/build/intermediates/packaged_res/debug/packageDebugResources/values-fr/values-fr.xml:1615:4: Multiple substitutions specified in non-positional format of string resource string/remote_host_disconnected_from. Did you mean to add the formatted="false" attribute?
/Users/forkman03/project/nome/simplex-chat/apps/multiplatform/common/build/intermediates/packaged_res/debug/packageDebugResources/values-fa/values-fa.xml:2029:4: Multiple substitutions specified in non-positional format of string resource string/snd_group_event_changed_member_role. Did you mean to add the formatted="false" attribute?
/Users/forkman03/project/nome/simplex-chat/apps/multiplatform/common/build/intermediates/packaged_res/debug/packageDebugResources/values-fr/values-fr.xml:1740:4: Multiple substitutions specified in non-positional format of string resource string/sender_at_ts. Did you mean to add the formatted="false" attribute?
/Users/forkman03/project/nome/simplex-chat/apps/multiplatform/common/build/intermediates/packaged_res/debug/packageDebugResources/values-fa/values-fa.xml:2128:4: Multiple substitutions specified in non-positional format of string resource string/total_files_count_and_size. Did you mean to add the formatted="false" attribute?
/Users/forkman03/project/nome/simplex-chat/apps/multiplatform/common/build/intermediates/packaged_res/debug/packageDebugResources/values-pl/values-pl.xml:99:4: Multiple substitutions specified in non-positional format of string resource string/app_check_for_updates_button_download. Did you mean to add the formatted="false" attribute?
/Users/forkman03/project/nome/simplex-chat/apps/multiplatform/common/build/intermediates/packaged_res/debug/packageDebugResources/values-pl/values-pl.xml:486:4: Multiple substitutions specified in non-positional format of string resource string/core_simplexmq_version. Did you mean to add the formatted="false" attribute?
/Users/forkman03/project/nome/simplex-chat/apps/multiplatform/common/build/intermediates/packaged_res/debug/packageDebugResources/values-pl/values-pl.xml:799:4: Multiple substitutions specified in non-positional format of string resource string/feature_offered_item_with_param. Did you mean to add the formatted="false" attribute?
/Users/forkman03/project/nome/simplex-chat/apps/multiplatform/common/build/intermediates/packaged_res/debug/packageDebugResources/values-pl/values-pl.xml:895:4: Multiple substitutions specified in non-positional format of string resource string/group_members_2. Did you mean to add the formatted="false" attribute?
/Users/forkman03/project/nome/simplex-chat/apps/multiplatform/common/build/intermediates/packaged_res/debug/packageDebugResources/values-pl/values-pl.xml:904:4: Multiple substitutions specified in non-positional format of string resource string/group_members_n. Did you mean to add the formatted="false" attribute?
/Users/forkman03/project/nome/simplex-chat/apps/multiplatform/common/build/intermediates/packaged_res/debug/packageDebugResources/values-pl/values-pl.xml:1258:4: Multiple substitutions specified in non-positional format of string resource string/mtr_error_different. Did you mean to add the formatted="false" attribute?
/Users/forkman03/project/nome/simplex-chat/apps/multiplatform/common/build/intermediates/packaged_res/debug/packageDebugResources/values-pl/values-pl.xml:1622:4: Multiple substitutions specified in non-positional format of string resource string/rcv_group_event_2_members_connected. Did you mean to add the formatted="false" attribute?
/Users/forkman03/project/nome/simplex-chat/apps/multiplatform/common/build/intermediates/packaged_res/debug/packageDebugResources/values-pl/values-pl.xml:1623:4: Multiple substitutions specified in non-positional format of string resource string/rcv_group_event_3_members_connected. Did you mean to add the formatted="false" attribute?
/Users/forkman03/project/nome/simplex-chat/apps/multiplatform/common/build/intermediates/packaged_res/debug/packageDebugResources/values-pl/values-pl.xml:1624:4: Multiple substitutions specified in non-positional format of string resource string/rcv_group_event_changed_member_role. Did you mean to add the formatted="false" attribute?
/Users/forkman03/project/nome/simplex-chat/apps/multiplatform/common/build/intermediates/packaged_res/debug/packageDebugResources/values-pl/values-pl.xml:1636:4: Multiple substitutions specified in non-positional format of string resource string/rcv_group_event_n_members_connected. Did you mean to add the formatted="false" attribute?
/Users/forkman03/project/nome/simplex-chat/apps/multiplatform/common/build/intermediates/packaged_res/debug/packageDebugResources/values-pl/values-pl.xml:1671:4: Multiple substitutions specified in non-positional format of string resource string/recipient_colon_delivery_status. Did you mean to add the formatted="false" attribute?
/Users/forkman03/project/nome/simplex-chat/apps/multiplatform/common/build/intermediates/packaged_res/debug/packageDebugResources/values-pl/values-pl.xml:1693:4: Multiple substitutions specified in non-positional format of string resource string/remote_host_disconnected_from. Did you mean to add the formatted="false" attribute?
/Users/forkman03/project/nome/simplex-chat/apps/multiplatform/common/build/intermediates/packaged_res/debug/packageDebugResources/values-pl/values-pl.xml:1823:4: Multiple substitutions specified in non-positional format of string resource string/sender_at_ts. Did you mean to add the formatted="false" attribute?
/Users/forkman03/project/nome/simplex-chat/apps/multiplatform/common/build/intermediates/packaged_res/debug/packageDebugResources/values-pl/values-pl.xml:2051:4: Multiple substitutions specified in non-positional format of string resource string/snd_group_event_changed_member_role. Did you mean to add the formatted="false" attribute?
/Users/forkman03/project/nome/simplex-chat/apps/multiplatform/common/build/intermediates/packaged_res/debug/packageDebugResources/values-pl/values-pl.xml:2150:4: Multiple substitutions specified in non-positional format of string resource string/total_files_count_and_size. Did you mean to add the formatted="false" attribute?
/Users/forkman03/project/nome/simplex-chat/apps/multiplatform/common/build/intermediates/packaged_res/debug/packageDebugResources/values-fr/values-fr.xml:1961:4: Multiple substitutions specified in non-positional format of string resource string/snd_group_event_changed_member_role. Did you mean to add the formatted="false" attribute?
/Users/forkman03/project/nome/simplex-chat/apps/multiplatform/common/build/intermediates/packaged_res/debug/packageDebugResources/values-fr/values-fr.xml:2057:4: Multiple substitutions specified in non-positional format of string resource string/total_files_count_and_size. Did you mean to add the formatted="false" attribute?
/Users/forkman03/project/nome/simplex-chat/apps/multiplatform/common/build/intermediates/packaged_res/debug/packageDebugResources/values-nl/values-nl.xml:1616:4: Multiple substitutions specified in non-positional format of string resource string/remote_host_disconnected_from. Did you mean to add the formatted="false" attribute?
/Users/forkman03/project/nome/simplex-chat/apps/multiplatform/common/build/intermediates/packaged_res/debug/packageDebugResources/values-nl/values-nl.xml:1744:4: Multiple substitutions specified in non-positional format of string resource string/sender_at_ts. Did you mean to add the formatted="false" attribute?
/Users/forkman03/project/nome/simplex-chat/apps/multiplatform/common/build/intermediates/packaged_res/debug/packageDebugResources/values-nl/values-nl.xml:1959:4: Multiple substitutions specified in non-positional format of string resource string/snd_group_event_changed_member_role. Did you mean to add the formatted="false" attribute?
/Users/forkman03/project/nome/simplex-chat/apps/multiplatform/common/build/intermediates/packaged_res/debug/packageDebugResources/values-nl/values-nl.xml:2055:4: Multiple substitutions specified in non-positional format of string resource string/total_files_count_and_size. Did you mean to add the formatted="false" attribute?

> Task :common:parseDebugLocalResources
> Task :common:generateMRdesktopMain
> Task :common:generateNonAndroidBuildConfig
> Task :common:convertXmlValueResourcesForAndroidDebug NO-SOURCE
> Task :common:copyNonXmlValueResourcesForAndroidDebug NO-SOURCE
> Task :common:prepareComposeResourcesTaskForAndroidDebug NO-SOURCE
> Task :common:generateResourceAccessorsForAndroidDebug SKIPPED
> Task :android:preDebugUnitTestBuild UP-TO-DATE
> Task :common:javaPreCompileDebug
> Task :android:javaPreCompileDebug
> Task :android:javaPreCompileDebugUnitTest
> Task :common:mergeDebugJniLibFolders
> Task :common:mergeDebugNativeLibs NO-SOURCE
> Task :common:stripDebugDebugSymbols NO-SOURCE
> Task :common:extractDeepLinksForAarDebug
> Task :common:copyDebugJniLibsProjectAndLocalJars
> Task :common:mergeDebugShaders
> Task :common:generateDebugRFile
> Task :common:compileDebugShaders NO-SOURCE
> Task :common:copyDebugComposeResourcesToAndroidAssets
> Task :common:debugAssetsCopyForAGP NO-SOURCE
> Task :common:generateDebugAssets UP-TO-DATE
> Task :common:packageDebugAssets
> Task :common:prepareDebugArtProfile
> Task :android:preDebugAndroidTestBuild SKIPPED
> Task :common:prepareLintJarForPublish
> Task :android:generateDebugAndroidTestResValues
> Task :common:writeDebugLintModelMetadata
> Task :android:extractProguardFiles
> Task :common:convertXmlValueResourcesForAndroidRelease NO-SOURCE
> Task :common:copyNonXmlValueResourcesForAndroidRelease NO-SOURCE
> Task :common:prepareComposeResourcesTaskForAndroidRelease NO-SOURCE
> Task :common:copyReleaseComposeResourcesToAndroidAssets
> Task :common:generateResourceAccessorsForAndroidRelease SKIPPED
> Task :common:extractProguardFiles
> Task :common:preDebugAndroidTestBuild UP-TO-DATE
> Task :common:generateDebugAndroidTestResValues
> Task :common:preDebugUnitTestBuild UP-TO-DATE
> Task :android:mergeDebugNativeDebugMetadata NO-SOURCE
> Task :android:mergeDebugShaders
> Task :android:compileDebugShaders NO-SOURCE
> Task :android:generateDebugAssets UP-TO-DATE
> Task :android:mergeDebugAssets
> Task :android:compressDebugAssets
> Task :android:desugarDebugFileDependencies
> Task :android:checkDebugDuplicateClasses

> Task :android:configureCMakeDebug[arm64-v8a]
[CXX5304] This version only understands SDK XML versions up to 3 but an SDK XML file of version 4 was encountered. This can happen if you use versions of Android Studio and the command-line tools that were released at different times.
[CXX5304] This version only understands SDK XML versions up to 3 but an SDK XML file of version 4 was encountered. This can happen if you use versions of Android Studio and the command-line tools that were released at different times.

> Task :android:buildCMakeDebug[arm64-v8a]
> Task :android:processDebugManifestForPackage
> Task :android:configureCMakeDebug[armeabi-v7a]
> Task :android:buildCMakeDebug[armeabi-v7a]
> Task :android:mergeDebugJniLibFolders
> Task :common:copyDebugJniLibsProjectOnly
> Task :android:validateSigningDebug
> Task :android:writeDebugAppMetadata
> Task :android:writeDebugSigningConfigVersions
> Task :android:processDebugAndroidTestManifest
> Task :android:generateDebugAndroidTestBuildConfig
> Task :android:checkDebugAndroidTestAarMetadata
> Task :android:mapDebugAndroidTestSourceSetPaths
> Task :android:generateDebugAndroidTestResources
> Task :android:mergeDebugAndroidTestShaders
> Task :android:compileDebugAndroidTestShaders NO-SOURCE
> Task :android:generateDebugAndroidTestAssets UP-TO-DATE
> Task :android:javaPreCompileDebugAndroidTest
> Task :android:mergeDebugAndroidTestAssets
> Task :android:compressDebugAndroidTestAssets
> Task :android:desugarDebugAndroidTestFileDependencies
> Task :android:mergeDebugAndroidTestJniLibFolders
> Task :android:validateSigningDebugAndroidTest
> Task :android:writeDebugAndroidTestSigningConfigVersions
> Task :android:preReleaseBuild UP-TO-DATE
> Task :android:generateReleaseResValues
> Task :android:checkDebugAndroidTestDuplicateClasses
> Task :android:extractDeepLinksRelease
> Task :common:preReleaseBuild UP-TO-DATE
> Task :android:mergeDebugAndroidTestResources
> Task :common:generateReleaseResValues
> Task :common:extractDeepLinksRelease

> Task :common:processReleaseManifest
package="chat.simplex.common" found in source AndroidManifest.xml: /Users/forkman03/project/nome/simplex-chat/apps/multiplatform/common/src/androidMain/AndroidManifest.xml.
Setting the namespace via the package attribute in the source AndroidManifest.xml is no longer supported, and the value is ignored.
Recommendation: remove package="chat.simplex.common" from the source AndroidManifest.xml: /Users/forkman03/project/nome/simplex-chat/apps/multiplatform/common/src/androidMain/AndroidManifest.xml.

> Task :android:buildKotlinToolingMetadata
> Task :android:processDebugAndroidTestResources

> Task :android:processReleaseMainManifest
package="chat.simplex.app" found in source AndroidManifest.xml: /Users/forkman03/project/nome/simplex-chat/apps/multiplatform/android/src/main/AndroidManifest.xml.
Setting the namespace via the package attribute in the source AndroidManifest.xml is no longer supported, and the value is ignored.
Recommendation: remove package="chat.simplex.app" from the source AndroidManifest.xml: /Users/forkman03/project/nome/simplex-chat/apps/multiplatform/android/src/main/AndroidManifest.xml.
/Users/forkman03/project/nome/simplex-chat/apps/multiplatform/android/src/main/AndroidManifest.xml:45:7-57 Warning:
	android:extractNativeLibs should not be specified in this source AndroidManifest.xml file. See https://d.android.com/guide/topics/manifest/application-element#extractNativeLibs for more information.
The AGP Upgrade Assistant can remove the attribute from the AndroidManifest.xml file and update the build file accordingly. See https://d.android.com/studio/build/agp-upgrade-assistant for more information.

> Task :android:generateReleaseBuildConfig
> Task :common:writeReleaseAarMetadata
> Task :common:generateReleaseResources
> Task :android:mergeDebugNativeLibs
> Task :android:checkReleaseAarMetadata
> Task :android:mergeDebugAndroidTestNativeLibs NO-SOURCE
> Task :android:stripDebugAndroidTestDebugSymbols NO-SOURCE
> Task :android:mergeExtDexDebugAndroidTest
> Task :common:packageReleaseResources
> Task :android:mapReleaseSourceSetPaths
> Task :android:generateReleaseResources
> Task :android:stripDebugDebugSymbols
> Task :android:processDebugResources

> Task :android:mergeReleaseResources
/Users/forkman03/project/nome/simplex-chat/apps/multiplatform/common/build/intermediates/packaged_res/release/packageReleaseResources/values/values.xml:111:4: Multiple substitutions specified in non-positional format of string resource string/app_check_for_updates_button_download. Did you mean to add the formatted="false" attribute?
/Users/forkman03/project/nome/simplex-chat/apps/multiplatform/common/build/intermediates/packaged_res/release/packageReleaseResources/values/values.xml:574:4: Multiple substitutions specified in non-positional format of string resource string/core_simplexmq_version. Did you mean to add the formatted="false" attribute?
/Users/forkman03/project/nome/simplex-chat/apps/multiplatform/common/build/intermediates/packaged_res/release/packageReleaseResources/values/values.xml:915:4: Multiple substitutions specified in non-positional format of string resource string/feature_offered_item_with_param. Did you mean to add the formatted="false" attribute?
/Users/forkman03/project/nome/simplex-chat/apps/multiplatform/common/build/intermediates/packaged_res/release/packageReleaseResources/values/values.xml:1016:4: Multiple substitutions specified in non-positional format of string resource string/group_members_2. Did you mean to add the formatted="false" attribute?
/Users/forkman03/project/nome/simplex-chat/apps/multiplatform/common/build/intermediates/packaged_res/release/packageReleaseResources/values/values.xml:1033:4: Multiple substitutions specified in non-positional format of string resource string/group_members_n. Did you mean to add the formatted="false" attribute?
/Users/forkman03/project/nome/simplex-chat/apps/multiplatform/common/build/intermediates/packaged_res/release/packageReleaseResources/values/values.xml:1410:4: Multiple substitutions specified in non-positional format of string resource string/mtr_error_different. Did you mean to add the formatted="false" attribute?
/Users/forkman03/project/nome/simplex-chat/apps/multiplatform/common/build/intermediates/packaged_res/release/packageReleaseResources/values/values.xml:1855:4: Multiple substitutions specified in non-positional format of string resource string/rcv_group_event_2_members_connected. Did you mean to add the formatted="false" attribute?
/Users/forkman03/project/nome/simplex-chat/apps/multiplatform/common/build/intermediates/packaged_res/release/packageReleaseResources/values/values.xml:1856:4: Multiple substitutions specified in non-positional format of string resource string/rcv_group_event_3_members_connected. Did you mean to add the formatted="false" attribute?
/Users/forkman03/project/nome/simplex-chat/apps/multiplatform/common/build/intermediates/packaged_res/release/packageReleaseResources/values/values.xml:1857:4: Multiple substitutions specified in non-positional format of string resource string/rcv_group_event_changed_member_role. Did you mean to add the formatted="false" attribute?
/Users/forkman03/project/nome/simplex-chat/apps/multiplatform/common/build/intermediates/packaged_res/release/packageReleaseResources/values/values.xml:1869:4: Multiple substitutions specified in non-positional format of string resource string/rcv_group_event_n_members_connected. Did you mean to add the formatted="false" attribute?
/Users/forkman03/project/nome/simplex-chat/apps/multiplatform/common/build/intermediates/packaged_res/release/packageReleaseResources/values/values.xml:1908:4: Multiple substitutions specified in non-positional format of string resource string/recipient_colon_delivery_status. Did you mean to add the formatted="false" attribute?
/Users/forkman03/project/nome/simplex-chat/apps/multiplatform/common/build/intermediates/packaged_res/release/packageReleaseResources/values/values.xml:1974:4: Multiple substitutions specified in non-positional format of string resource string/remote_host_disconnected_from. Did you mean to add the formatted="false" attribute?
/Users/forkman03/project/nome/simplex-chat/apps/multiplatform/common/build/intermediates/packaged_res/release/packageReleaseResources/values/values.xml:2107:4: Multiple substitutions specified in non-positional format of string resource string/sender_at_ts. Did you mean to add the formatted="false" attribute?
/Users/forkman03/project/nome/simplex-chat/apps/multiplatform/common/build/intermediates/packaged_res/release/packageReleaseResources/values/values.xml:2342:4: Multiple substitutions specified in non-positional format of string resource string/snd_group_event_changed_member_role. Did you mean to add the formatted="false" attribute?
/Users/forkman03/project/nome/simplex-chat/apps/multiplatform/common/build/intermediates/packaged_res/release/packageReleaseResources/values/values.xml:2447:4: Multiple substitutions specified in non-positional format of string resource string/total_files_count_and_size. Did you mean to add the formatted="false" attribute?
/Users/forkman03/project/nome/simplex-chat/apps/multiplatform/common/build/intermediates/packaged_res/release/packageReleaseResources/values-hi/values-hi.xml:206:4: Multiple substitutions specified in non-positional format of string resource string/rcv_group_event_changed_member_role. Did you mean to add the formatted="false" attribute?
/Users/forkman03/project/nome/simplex-chat/apps/multiplatform/common/build/intermediates/packaged_res/release/packageReleaseResources/values-it/values-it.xml:111:4: Multiple substitutions specified in non-positional format of string resource string/app_check_for_updates_button_download. Did you mean to add the formatted="false" attribute?
/Users/forkman03/project/nome/simplex-chat/apps/multiplatform/common/build/intermediates/packaged_res/release/packageReleaseResources/values-pt/values-pt.xml:63:4: Multiple substitutions specified in non-positional format of string resource string/app_check_for_updates_button_download. Did you mean to add the formatted="false" attribute?
/Users/forkman03/project/nome/simplex-chat/apps/multiplatform/common/build/intermediates/packaged_res/release/packageReleaseResources/values-pt/values-pt.xml:406:4: Multiple substitutions specified in non-positional format of string resource string/feature_offered_item_with_param. Did you mean to add the formatted="false" attribute?
/Users/forkman03/project/nome/simplex-chat/apps/multiplatform/common/build/intermediates/packaged_res/release/packageReleaseResources/values-pt/values-pt.xml:444:4: Multiple substitutions specified in non-positional format of string resource string/group_members_n. Did you mean to add the formatted="false" attribute?
/Users/forkman03/project/nome/simplex-chat/apps/multiplatform/common/build/intermediates/packaged_res/release/packageReleaseResources/values-pt/values-pt.xml:573:4: Multiple substitutions specified in non-positional format of string resource string/mtr_error_different. Did you mean to add the formatted="false" attribute?
/Users/forkman03/project/nome/simplex-chat/apps/multiplatform/common/build/intermediates/packaged_res/release/packageReleaseResources/values-pt/values-pt.xml:659:4: Multiple substitutions specified in non-positional format of string resource string/rcv_group_event_3_members_connected. Did you mean to add the formatted="false" attribute?
/Users/forkman03/project/nome/simplex-chat/apps/multiplatform/common/build/intermediates/packaged_res/release/packageReleaseResources/values-pt/values-pt.xml:660:4: Multiple substitutions specified in non-positional format of string resource string/rcv_group_event_changed_member_role. Did you mean to add the formatted="false" attribute?
/Users/forkman03/project/nome/simplex-chat/apps/multiplatform/common/build/intermediates/packaged_res/release/packageReleaseResources/values-pt/values-pt.xml:666:4: Multiple substitutions specified in non-positional format of string resource string/rcv_group_event_n_members_connected. Did you mean to add the formatted="false" attribute?
/Users/forkman03/project/nome/simplex-chat/apps/multiplatform/common/build/intermediates/packaged_res/release/packageReleaseResources/values-pt/values-pt.xml:689:4: Multiple substitutions specified in non-positional format of string resource string/remote_host_disconnected_from. Did you mean to add the formatted="false" attribute?
/Users/forkman03/project/nome/simplex-chat/apps/multiplatform/common/build/intermediates/packaged_res/release/packageReleaseResources/values-pt/values-pt.xml:801:4: Multiple substitutions specified in non-positional format of string resource string/snd_group_event_changed_member_role. Did you mean to add the formatted="false" attribute?
/Users/forkman03/project/nome/simplex-chat/apps/multiplatform/common/build/intermediates/packaged_res/release/packageReleaseResources/values-pt/values-pt.xml:835:4: Multiple substitutions specified in non-positional format of string resource string/total_files_count_and_size. Did you mean to add the formatted="false" attribute?
/Users/forkman03/project/nome/simplex-chat/apps/multiplatform/common/build/intermediates/packaged_res/release/packageReleaseResources/values-iw/values-iw.xml:93:4: Multiple substitutions specified in non-positional format of string resource string/app_check_for_updates_button_download. Did you mean to add the formatted="false" attribute?
/Users/forkman03/project/nome/simplex-chat/apps/multiplatform/common/build/intermediates/packaged_res/release/packageReleaseResources/values-iw/values-iw.xml:400:4: Multiple substitutions specified in non-positional format of string resource string/core_simplexmq_version. Did you mean to add the formatted="false" attribute?
/Users/forkman03/project/nome/simplex-chat/apps/multiplatform/common/build/intermediates/packaged_res/release/packageReleaseResources/values-iw/values-iw.xml:683:4: Multiple substitutions specified in non-positional format of string resource string/feature_offered_item_with_param. Did you mean to add the formatted="false" attribute?
/Users/forkman03/project/nome/simplex-chat/apps/multiplatform/common/build/intermediates/packaged_res/release/packageReleaseResources/values-iw/values-iw.xml:771:4: Multiple substitutions specified in non-positional format of string resource string/group_members_2. Did you mean to add the formatted="false" attribute?
/Users/forkman03/project/nome/simplex-chat/apps/multiplatform/common/build/intermediates/packaged_res/release/packageReleaseResources/values-iw/values-iw.xml:780:4: Multiple substitutions specified in non-positional format of string resource string/group_members_n. Did you mean to add the formatted="false" attribute?
/Users/forkman03/project/nome/simplex-chat/apps/multiplatform/common/build/intermediates/packaged_res/release/packageReleaseResources/values-it/values-it.xml:563:4: Multiple substitutions specified in non-positional format of string resource string/core_simplexmq_version. Did you mean to add the formatted="false" attribute?
/Users/forkman03/project/nome/simplex-chat/apps/multiplatform/common/build/intermediates/packaged_res/release/packageReleaseResources/values-iw/values-iw.xml:1093:4: Multiple substitutions specified in non-positional format of string resource string/mtr_error_different. Did you mean to add the formatted="false" attribute?
/Users/forkman03/project/nome/simplex-chat/apps/multiplatform/common/build/intermediates/packaged_res/release/packageReleaseResources/values-iw/values-iw.xml:1364:4: Multiple substitutions specified in non-positional format of string resource string/rcv_group_event_2_members_connected. Did you mean to add the formatted="false" attribute?
/Users/forkman03/project/nome/simplex-chat/apps/multiplatform/common/build/intermediates/packaged_res/release/packageReleaseResources/values-iw/values-iw.xml:1365:4: Multiple substitutions specified in non-positional format of string resource string/rcv_group_event_3_members_connected. Did you mean to add the formatted="false" attribute?
/Users/forkman03/project/nome/simplex-chat/apps/multiplatform/common/build/intermediates/packaged_res/release/packageReleaseResources/values-iw/values-iw.xml:1366:4: Multiple substitutions specified in non-positional format of string resource string/rcv_group_event_changed_member_role. Did you mean to add the formatted="false" attribute?
/Users/forkman03/project/nome/simplex-chat/apps/multiplatform/common/build/intermediates/packaged_res/release/packageReleaseResources/values-iw/values-iw.xml:1378:4: Multiple substitutions specified in non-positional format of string resource string/rcv_group_event_n_members_connected. Did you mean to add the formatted="false" attribute?
/Users/forkman03/project/nome/simplex-chat/apps/multiplatform/common/build/intermediates/packaged_res/release/packageReleaseResources/values-iw/values-iw.xml:1413:4: Multiple substitutions specified in non-positional format of string resource string/recipient_colon_delivery_status. Did you mean to add the formatted="false" attribute?
/Users/forkman03/project/nome/simplex-chat/apps/multiplatform/common/build/intermediates/packaged_res/release/packageReleaseResources/values-iw/values-iw.xml:1434:4: Multiple substitutions specified in non-positional format of string resource string/remote_host_disconnected_from. Did you mean to add the formatted="false" attribute?
/Users/forkman03/project/nome/simplex-chat/apps/multiplatform/common/build/intermediates/packaged_res/release/packageReleaseResources/values-it/values-it.xml:904:4: Multiple substitutions specified in non-positional format of string resource string/feature_offered_item_with_param. Did you mean to add the formatted="false" attribute?
/Users/forkman03/project/nome/simplex-chat/apps/multiplatform/common/build/intermediates/packaged_res/release/packageReleaseResources/values-iw/values-iw.xml:1539:4: Multiple substitutions specified in non-positional format of string resource string/sender_at_ts. Did you mean to add the formatted="false" attribute?
/Users/forkman03/project/nome/simplex-chat/apps/multiplatform/common/build/intermediates/packaged_res/release/packageReleaseResources/values-iw/values-iw.xml:1731:4: Multiple substitutions specified in non-positional format of string resource string/snd_group_event_changed_member_role. Did you mean to add the formatted="false" attribute?
/Users/forkman03/project/nome/simplex-chat/apps/multiplatform/common/build/intermediates/packaged_res/release/packageReleaseResources/values-iw/values-iw.xml:1814:4: Multiple substitutions specified in non-positional format of string resource string/total_files_count_and_size. Did you mean to add the formatted="false" attribute?
/Users/forkman03/project/nome/simplex-chat/apps/multiplatform/common/build/intermediates/packaged_res/release/packageReleaseResources/values-it/values-it.xml:1004:4: Multiple substitutions specified in non-positional format of string resource string/group_members_2. Did you mean to add the formatted="false" attribute?
/Users/forkman03/project/nome/simplex-chat/apps/multiplatform/common/build/intermediates/packaged_res/release/packageReleaseResources/values-it/values-it.xml:1021:4: Multiple substitutions specified in non-positional format of string resource string/group_members_n. Did you mean to add the formatted="false" attribute?
/Users/forkman03/project/nome/simplex-chat/apps/multiplatform/common/build/intermediates/packaged_res/release/packageReleaseResources/values-ru/values-ru.xml:109:4: Multiple substitutions specified in non-positional format of string resource string/app_check_for_updates_button_download. Did you mean to add the formatted="false" attribute?
/Users/forkman03/project/nome/simplex-chat/apps/multiplatform/common/build/intermediates/packaged_res/release/packageReleaseResources/values-it/values-it.xml:1398:4: Multiple substitutions specified in non-positional format of string resource string/mtr_error_different. Did you mean to add the formatted="false" attribute?
/Users/forkman03/project/nome/simplex-chat/apps/multiplatform/common/build/intermediates/packaged_res/release/packageReleaseResources/values-ru/values-ru.xml:553:4: Multiple substitutions specified in non-positional format of string resource string/core_simplexmq_version. Did you mean to add the formatted="false" attribute?
/Users/forkman03/project/nome/simplex-chat/apps/multiplatform/common/build/intermediates/packaged_res/release/packageReleaseResources/values-ru/values-ru.xml:892:4: Multiple substitutions specified in non-positional format of string resource string/feature_offered_item_with_param. Did you mean to add the formatted="false" attribute?
/Users/forkman03/project/nome/simplex-chat/apps/multiplatform/common/build/intermediates/packaged_res/release/packageReleaseResources/values-it/values-it.xml:1799:4: Multiple substitutions specified in non-positional format of string resource string/rcv_group_event_2_members_connected. Did you mean to add the formatted="false" attribute?
/Users/forkman03/project/nome/simplex-chat/apps/multiplatform/common/build/intermediates/packaged_res/release/packageReleaseResources/values-ru/values-ru.xml:991:4: Multiple substitutions specified in non-positional format of string resource string/group_members_2. Did you mean to add the formatted="false" attribute?
/Users/forkman03/project/nome/simplex-chat/apps/multiplatform/common/build/intermediates/packaged_res/release/packageReleaseResources/values-ru/values-ru.xml:1008:4: Multiple substitutions specified in non-positional format of string resource string/group_members_n. Did you mean to add the formatted="false" attribute?
/Users/forkman03/project/nome/simplex-chat/apps/multiplatform/common/build/intermediates/packaged_res/release/packageReleaseResources/values-ru/values-ru.xml:1382:4: Multiple substitutions specified in non-positional format of string resource string/mtr_error_different. Did you mean to add the formatted="false" attribute?
/Users/forkman03/project/nome/simplex-chat/apps/multiplatform/common/build/intermediates/packaged_res/release/packageReleaseResources/values-ru/values-ru.xml:1780:4: Multiple substitutions specified in non-positional format of string resource string/rcv_group_event_2_members_connected. Did you mean to add the formatted="false" attribute?
/Users/forkman03/project/nome/simplex-chat/apps/multiplatform/common/build/intermediates/packaged_res/release/packageReleaseResources/values-ru/values-ru.xml:1781:4: Multiple substitutions specified in non-positional format of string resource string/rcv_group_event_3_members_connected. Did you mean to add the formatted="false" attribute?
/Users/forkman03/project/nome/simplex-chat/apps/multiplatform/common/build/intermediates/packaged_res/release/packageReleaseResources/values-ru/values-ru.xml:1782:4: Multiple substitutions specified in non-positional format of string resource string/rcv_group_event_changed_member_role. Did you mean to add the formatted="false" attribute?
/Users/forkman03/project/nome/simplex-chat/apps/multiplatform/common/build/intermediates/packaged_res/release/packageReleaseResources/values-ru/values-ru.xml:1794:4: Multiple substitutions specified in non-positional format of string resource string/rcv_group_event_n_members_connected. Did you mean to add the formatted="false" attribute?
/Users/forkman03/project/nome/simplex-chat/apps/multiplatform/common/build/intermediates/packaged_res/release/packageReleaseResources/values-ru/values-ru.xml:1833:4: Multiple substitutions specified in non-positional format of string resource string/recipient_colon_delivery_status. Did you mean to add the formatted="false" attribute?
/Users/forkman03/project/nome/simplex-chat/apps/multiplatform/common/build/intermediates/packaged_res/release/packageReleaseResources/values-ru/values-ru.xml:1894:4: Multiple substitutions specified in non-positional format of string resource string/remote_host_disconnected_from. Did you mean to add the formatted="false" attribute?
/Users/forkman03/project/nome/simplex-chat/apps/multiplatform/common/build/intermediates/packaged_res/release/packageReleaseResources/values-ru/values-ru.xml:2026:4: Multiple substitutions specified in non-positional format of string resource string/sender_at_ts. Did you mean to add the formatted="false" attribute?
/Users/forkman03/project/nome/simplex-chat/apps/multiplatform/common/build/intermediates/packaged_res/release/packageReleaseResources/values-ru/values-ru.xml:2259:4: Multiple substitutions specified in non-positional format of string resource string/snd_group_event_changed_member_role. Did you mean to add the formatted="false" attribute?
/Users/forkman03/project/nome/simplex-chat/apps/multiplatform/common/build/intermediates/packaged_res/release/packageReleaseResources/values-ru/values-ru.xml:2364:4: Multiple substitutions specified in non-positional format of string resource string/total_files_count_and_size. Did you mean to add the formatted="false" attribute?
/Users/forkman03/project/nome/simplex-chat/apps/multiplatform/common/build/intermediates/packaged_res/release/packageReleaseResources/values-ku/values-ku.xml:35:4: Multiple substitutions specified in non-positional format of string resource string/app_check_for_updates_button_download. Did you mean to add the formatted="false" attribute?
/Users/forkman03/project/nome/simplex-chat/apps/multiplatform/common/build/intermediates/packaged_res/release/packageReleaseResources/values-ku/values-ku.xml:174:4: Multiple substitutions specified in non-positional format of string resource string/core_simplexmq_version. Did you mean to add the formatted="false" attribute?
/Users/forkman03/project/nome/simplex-chat/apps/multiplatform/common/build/intermediates/packaged_res/release/packageReleaseResources/values-ku/values-ku.xml:320:4: Multiple substitutions specified in non-positional format of string resource string/group_members_2. Did you mean to add the formatted="false" attribute?
/Users/forkman03/project/nome/simplex-chat/apps/multiplatform/common/build/intermediates/packaged_res/release/packageReleaseResources/values-ku/values-ku.xml:323:4: Multiple substitutions specified in non-positional format of string resource string/group_members_n. Did you mean to add the formatted="false" attribute?
/Users/forkman03/project/nome/simplex-chat/apps/multiplatform/common/build/intermediates/packaged_res/release/packageReleaseResources/values-it/values-it.xml:1800:4: Multiple substitutions specified in non-positional format of string resource string/rcv_group_event_3_members_connected. Did you mean to add the formatted="false" attribute?
/Users/forkman03/project/nome/simplex-chat/apps/multiplatform/common/build/intermediates/packaged_res/release/packageReleaseResources/values-ku/values-ku.xml:542:4: Multiple substitutions specified in non-positional format of string resource string/rcv_group_event_changed_member_role. Did you mean to add the formatted="false" attribute?
/Users/forkman03/project/nome/simplex-chat/apps/multiplatform/common/build/intermediates/packaged_res/release/packageReleaseResources/values-ku/values-ku.xml:554:4: Multiple substitutions specified in non-positional format of string resource string/recipient_colon_delivery_status. Did you mean to add the formatted="false" attribute?
/Users/forkman03/project/nome/simplex-chat/apps/multiplatform/common/build/intermediates/packaged_res/release/packageReleaseResources/values-it/values-it.xml:1801:4: Multiple substitutions specified in non-positional format of string resource string/rcv_group_event_changed_member_role. Did you mean to add the formatted="false" attribute?
/Users/forkman03/project/nome/simplex-chat/apps/multiplatform/common/build/intermediates/packaged_res/release/packageReleaseResources/values-it/values-it.xml:1813:4: Multiple substitutions specified in non-positional format of string resource string/rcv_group_event_n_members_connected. Did you mean to add the formatted="false" attribute?
/Users/forkman03/project/nome/simplex-chat/apps/multiplatform/common/build/intermediates/packaged_res/release/packageReleaseResources/values-ku/values-ku.xml:745:4: Multiple substitutions specified in non-positional format of string resource string/total_files_count_and_size. Did you mean to add the formatted="false" attribute?
/Users/forkman03/project/nome/simplex-chat/apps/multiplatform/common/build/intermediates/packaged_res/release/packageReleaseResources/values-it/values-it.xml:1852:4: Multiple substitutions specified in non-positional format of string resource string/recipient_colon_delivery_status. Did you mean to add the formatted="false" attribute?
/Users/forkman03/project/nome/simplex-chat/apps/multiplatform/common/build/intermediates/packaged_res/release/packageReleaseResources/values-it/values-it.xml:1918:4: Multiple substitutions specified in non-positional format of string resource string/remote_host_disconnected_from. Did you mean to add the formatted="false" attribute?
/Users/forkman03/project/nome/simplex-chat/apps/multiplatform/common/build/intermediates/packaged_res/release/packageReleaseResources/values-it/values-it.xml:2051:4: Multiple substitutions specified in non-positional format of string resource string/sender_at_ts. Did you mean to add the formatted="false" attribute?
/Users/forkman03/project/nome/simplex-chat/apps/multiplatform/common/build/intermediates/packaged_res/release/packageReleaseResources/values-it/values-it.xml:2284:4: Multiple substitutions specified in non-positional format of string resource string/snd_group_event_changed_member_role. Did you mean to add the formatted="false" attribute?
/Users/forkman03/project/nome/simplex-chat/apps/multiplatform/common/build/intermediates/packaged_res/release/packageReleaseResources/values-ca/values-ca.xml:99:4: Multiple substitutions specified in non-positional format of string resource string/app_check_for_updates_button_download. Did you mean to add the formatted="false" attribute?
/Users/forkman03/project/nome/simplex-chat/apps/multiplatform/common/build/intermediates/packaged_res/release/packageReleaseResources/values-it/values-it.xml:2389:4: Multiple substitutions specified in non-positional format of string resource string/total_files_count_and_size. Did you mean to add the formatted="false" attribute?
/Users/forkman03/project/nome/simplex-chat/apps/multiplatform/common/build/intermediates/packaged_res/release/packageReleaseResources/values-ca/values-ca.xml:478:4: Multiple substitutions specified in non-positional format of string resource string/core_simplexmq_version. Did you mean to add the formatted="false" attribute?
/Users/forkman03/project/nome/simplex-chat/apps/multiplatform/common/build/intermediates/packaged_res/release/packageReleaseResources/values-uk/values-uk.xml:99:4: Multiple substitutions specified in non-positional format of string resource string/app_check_for_updates_button_download. Did you mean to add the formatted="false" attribute?
/Users/forkman03/project/nome/simplex-chat/apps/multiplatform/common/build/intermediates/packaged_res/release/packageReleaseResources/values-uk/values-uk.xml:475:4: Multiple substitutions specified in non-positional format of string resource string/core_simplexmq_version. Did you mean to add the formatted="false" attribute?
/Users/forkman03/project/nome/simplex-chat/apps/multiplatform/common/build/intermediates/packaged_res/release/packageReleaseResources/values-ca/values-ca.xml:790:4: Multiple substitutions specified in non-positional format of string resource string/feature_offered_item_with_param. Did you mean to add the formatted="false" attribute?
/Users/forkman03/project/nome/simplex-chat/apps/multiplatform/common/build/intermediates/packaged_res/release/packageReleaseResources/values-ca/values-ca.xml:886:4: Multiple substitutions specified in non-positional format of string resource string/group_members_2. Did you mean to add the formatted="false" attribute?
/Users/forkman03/project/nome/simplex-chat/apps/multiplatform/common/build/intermediates/packaged_res/release/packageReleaseResources/values-uk/values-uk.xml:786:4: Multiple substitutions specified in non-positional format of string resource string/feature_offered_item_with_param. Did you mean to add the formatted="false" attribute?
/Users/forkman03/project/nome/simplex-chat/apps/multiplatform/common/build/intermediates/packaged_res/release/packageReleaseResources/values-ca/values-ca.xml:895:4: Multiple substitutions specified in non-positional format of string resource string/group_members_n. Did you mean to add the formatted="false" attribute?
/Users/forkman03/project/nome/simplex-chat/apps/multiplatform/common/build/intermediates/packaged_res/release/packageReleaseResources/values-uk/values-uk.xml:882:4: Multiple substitutions specified in non-positional format of string resource string/group_members_2. Did you mean to add the formatted="false" attribute?
/Users/forkman03/project/nome/simplex-chat/apps/multiplatform/common/build/intermediates/packaged_res/release/packageReleaseResources/values-uk/values-uk.xml:891:4: Multiple substitutions specified in non-positional format of string resource string/group_members_n. Did you mean to add the formatted="false" attribute?
/Users/forkman03/project/nome/simplex-chat/apps/multiplatform/common/build/intermediates/packaged_res/release/packageReleaseResources/values-ca/values-ca.xml:1247:4: Multiple substitutions specified in non-positional format of string resource string/mtr_error_different. Did you mean to add the formatted="false" attribute?
/Users/forkman03/project/nome/simplex-chat/apps/multiplatform/common/build/intermediates/packaged_res/release/packageReleaseResources/values-ca/values-ca.xml:1606:4: Multiple substitutions specified in non-positional format of string resource string/rcv_group_event_2_members_connected. Did you mean to add the formatted="false" attribute?
/Users/forkman03/project/nome/simplex-chat/apps/multiplatform/common/build/intermediates/packaged_res/release/packageReleaseResources/values-ca/values-ca.xml:1607:4: Multiple substitutions specified in non-positional format of string resource string/rcv_group_event_3_members_connected. Did you mean to add the formatted="false" attribute?
/Users/forkman03/project/nome/simplex-chat/apps/multiplatform/common/build/intermediates/packaged_res/release/packageReleaseResources/values-uk/values-uk.xml:1242:4: Multiple substitutions specified in non-positional format of string resource string/mtr_error_different. Did you mean to add the formatted="false" attribute?
/Users/forkman03/project/nome/simplex-chat/apps/multiplatform/common/build/intermediates/packaged_res/release/packageReleaseResources/values-ca/values-ca.xml:1608:4: Multiple substitutions specified in non-positional format of string resource string/rcv_group_event_changed_member_role. Did you mean to add the formatted="false" attribute?
/Users/forkman03/project/nome/simplex-chat/apps/multiplatform/common/build/intermediates/packaged_res/release/packageReleaseResources/values-ca/values-ca.xml:1620:4: Multiple substitutions specified in non-positional format of string resource string/rcv_group_event_n_members_connected. Did you mean to add the formatted="false" attribute?
/Users/forkman03/project/nome/simplex-chat/apps/multiplatform/common/build/intermediates/packaged_res/release/packageReleaseResources/values-ca/values-ca.xml:1655:4: Multiple substitutions specified in non-positional format of string resource string/recipient_colon_delivery_status. Did you mean to add the formatted="false" attribute?
/Users/forkman03/project/nome/simplex-chat/apps/multiplatform/common/build/intermediates/packaged_res/release/packageReleaseResources/values-ca/values-ca.xml:1677:4: Multiple substitutions specified in non-positional format of string resource string/remote_host_disconnected_from. Did you mean to add the formatted="false" attribute?
/Users/forkman03/project/nome/simplex-chat/apps/multiplatform/common/build/intermediates/packaged_res/release/packageReleaseResources/values-ca/values-ca.xml:1807:4: Multiple substitutions specified in non-positional format of string resource string/sender_at_ts. Did you mean to add the formatted="false" attribute?
/Users/forkman03/project/nome/simplex-chat/apps/multiplatform/common/build/intermediates/packaged_res/release/packageReleaseResources/values-ko/values-ko.xml:81:4: Multiple substitutions specified in non-positional format of string resource string/app_check_for_updates_button_download. Did you mean to add the formatted="false" attribute?
/Users/forkman03/project/nome/simplex-chat/apps/multiplatform/common/build/intermediates/packaged_res/release/packageReleaseResources/values-ca/values-ca.xml:2035:4: Multiple substitutions specified in non-positional format of string resource string/snd_group_event_changed_member_role. Did you mean to add the formatted="false" attribute?
/Users/forkman03/project/nome/simplex-chat/apps/multiplatform/common/build/intermediates/packaged_res/release/packageReleaseResources/values-ko/values-ko.xml:339:4: Multiple substitutions specified in non-positional format of string resource string/core_simplexmq_version. Did you mean to add the formatted="false" attribute?
/Users/forkman03/project/nome/simplex-chat/apps/multiplatform/common/build/intermediates/packaged_res/release/packageReleaseResources/values-ca/values-ca.xml:2134:4: Multiple substitutions specified in non-positional format of string resource string/total_files_count_and_size. Did you mean to add the formatted="false" attribute?
/Users/forkman03/project/nome/simplex-chat/apps/multiplatform/common/build/intermediates/packaged_res/release/packageReleaseResources/values-ko/values-ko.xml:602:4: Multiple substitutions specified in non-positional format of string resource string/feature_offered_item_with_param. Did you mean to add the formatted="false" attribute?
/Users/forkman03/project/nome/simplex-chat/apps/multiplatform/common/build/intermediates/packaged_res/release/packageReleaseResources/values-ko/values-ko.xml:935:4: Multiple substitutions specified in non-positional format of string resource string/mtr_error_different. Did you mean to add the formatted="false" attribute?
/Users/forkman03/project/nome/simplex-chat/apps/multiplatform/common/build/intermediates/packaged_res/release/packageReleaseResources/values-ko/values-ko.xml:1110:4: Multiple substitutions specified in non-positional format of string resource string/rcv_group_event_changed_member_role. Did you mean to add the formatted="false" attribute?
/Users/forkman03/project/nome/simplex-chat/apps/multiplatform/common/build/intermediates/packaged_res/release/packageReleaseResources/values-ko/values-ko.xml:1154:4: Multiple substitutions specified in non-positional format of string resource string/remote_host_disconnected_from. Did you mean to add the formatted="false" attribute?
/Users/forkman03/project/nome/simplex-chat/apps/multiplatform/common/build/intermediates/packaged_res/release/packageReleaseResources/values-ko/values-ko.xml:1357:4: Multiple substitutions specified in non-positional format of string resource string/snd_group_event_changed_member_role. Did you mean to add the formatted="false" attribute?
/Users/forkman03/project/nome/simplex-chat/apps/multiplatform/common/build/intermediates/packaged_res/release/packageReleaseResources/values-ko/values-ko.xml:1388:4: Multiple substitutions specified in non-positional format of string resource string/total_files_count_and_size. Did you mean to add the formatted="false" attribute?
/Users/forkman03/project/nome/simplex-chat/apps/multiplatform/common/build/intermediates/packaged_res/release/packageReleaseResources/values-tr/values-tr.xml:97:4: Multiple substitutions specified in non-positional format of string resource string/app_check_for_updates_button_download. Did you mean to add the formatted="false" attribute?
/Users/forkman03/project/nome/simplex-chat/apps/multiplatform/common/build/intermediates/packaged_res/release/packageReleaseResources/values-tr/values-tr.xml:473:4: Multiple substitutions specified in non-positional format of string resource string/core_simplexmq_version. Did you mean to add the formatted="false" attribute?
/Users/forkman03/project/nome/simplex-chat/apps/multiplatform/common/build/intermediates/packaged_res/release/packageReleaseResources/values-tr/values-tr.xml:782:4: Multiple substitutions specified in non-positional format of string resource string/feature_offered_item_with_param. Did you mean to add the formatted="false" attribute?
/Users/forkman03/project/nome/simplex-chat/apps/multiplatform/common/build/intermediates/packaged_res/release/packageReleaseResources/values-pl/values-pl.xml:99:4: Multiple substitutions specified in non-positional format of string resource string/app_check_for_updates_button_download. Did you mean to add the formatted="false" attribute?
/Users/forkman03/project/nome/simplex-chat/apps/multiplatform/common/build/intermediates/packaged_res/release/packageReleaseResources/values-tr/values-tr.xml:877:4: Multiple substitutions specified in non-positional format of string resource string/group_members_2. Did you mean to add the formatted="false" attribute?
/Users/forkman03/project/nome/simplex-chat/apps/multiplatform/common/build/intermediates/packaged_res/release/packageReleaseResources/values-uk/values-uk.xml:1599:4: Multiple substitutions specified in non-positional format of string resource string/rcv_group_event_2_members_connected. Did you mean to add the formatted="false" attribute?
/Users/forkman03/project/nome/simplex-chat/apps/multiplatform/common/build/intermediates/packaged_res/release/packageReleaseResources/values-tr/values-tr.xml:886:4: Multiple substitutions specified in non-positional format of string resource string/group_members_n. Did you mean to add the formatted="false" attribute?
/Users/forkman03/project/nome/simplex-chat/apps/multiplatform/common/build/intermediates/packaged_res/release/packageReleaseResources/values-pl/values-pl.xml:486:4: Multiple substitutions specified in non-positional format of string resource string/core_simplexmq_version. Did you mean to add the formatted="false" attribute?
/Users/forkman03/project/nome/simplex-chat/apps/multiplatform/common/build/intermediates/packaged_res/release/packageReleaseResources/values-uk/values-uk.xml:1600:4: Multiple substitutions specified in non-positional format of string resource string/rcv_group_event_3_members_connected. Did you mean to add the formatted="false" attribute?
/Users/forkman03/project/nome/simplex-chat/apps/multiplatform/common/build/intermediates/packaged_res/release/packageReleaseResources/values-tr/values-tr.xml:1237:4: Multiple substitutions specified in non-positional format of string resource string/mtr_error_different. Did you mean to add the formatted="false" attribute?
/Users/forkman03/project/nome/simplex-chat/apps/multiplatform/common/build/intermediates/packaged_res/release/packageReleaseResources/values-pl/values-pl.xml:799:4: Multiple substitutions specified in non-positional format of string resource string/feature_offered_item_with_param. Did you mean to add the formatted="false" attribute?
/Users/forkman03/project/nome/simplex-chat/apps/multiplatform/common/build/intermediates/packaged_res/release/packageReleaseResources/values-uk/values-uk.xml:1601:4: Multiple substitutions specified in non-positional format of string resource string/rcv_group_event_changed_member_role. Did you mean to add the formatted="false" attribute?
/Users/forkman03/project/nome/simplex-chat/apps/multiplatform/common/build/intermediates/packaged_res/release/packageReleaseResources/values-uk/values-uk.xml:1613:4: Multiple substitutions specified in non-positional format of string resource string/rcv_group_event_n_members_connected. Did you mean to add the formatted="false" attribute?
/Users/forkman03/project/nome/simplex-chat/apps/multiplatform/common/build/intermediates/packaged_res/release/packageReleaseResources/values-pl/values-pl.xml:895:4: Multiple substitutions specified in non-positional format of string resource string/group_members_2. Did you mean to add the formatted="false" attribute?
/Users/forkman03/project/nome/simplex-chat/apps/multiplatform/common/build/intermediates/packaged_res/release/packageReleaseResources/values-pl/values-pl.xml:904:4: Multiple substitutions specified in non-positional format of string resource string/group_members_n. Did you mean to add the formatted="false" attribute?
/Users/forkman03/project/nome/simplex-chat/apps/multiplatform/common/build/intermediates/packaged_res/release/packageReleaseResources/values-uk/values-uk.xml:1648:4: Multiple substitutions specified in non-positional format of string resource string/recipient_colon_delivery_status. Did you mean to add the formatted="false" attribute?
/Users/forkman03/project/nome/simplex-chat/apps/multiplatform/common/build/intermediates/packaged_res/release/packageReleaseResources/values-tr/values-tr.xml:1588:4: Multiple substitutions specified in non-positional format of string resource string/rcv_group_event_2_members_connected. Did you mean to add the formatted="false" attribute?
/Users/forkman03/project/nome/simplex-chat/apps/multiplatform/common/build/intermediates/packaged_res/release/packageReleaseResources/values-tr/values-tr.xml:1589:4: Multiple substitutions specified in non-positional format of string resource string/rcv_group_event_3_members_connected. Did you mean to add the formatted="false" attribute?
/Users/forkman03/project/nome/simplex-chat/apps/multiplatform/common/build/intermediates/packaged_res/release/packageReleaseResources/values-tr/values-tr.xml:1590:4: Multiple substitutions specified in non-positional format of string resource string/rcv_group_event_changed_member_role. Did you mean to add the formatted="false" attribute?
/Users/forkman03/project/nome/simplex-chat/apps/multiplatform/common/build/intermediates/packaged_res/release/packageReleaseResources/values-in/values-in.xml:99:4: Multiple substitutions specified in non-positional format of string resource string/app_check_for_updates_button_download. Did you mean to add the formatted="false" attribute?
/Users/forkman03/project/nome/simplex-chat/apps/multiplatform/common/build/intermediates/packaged_res/release/packageReleaseResources/values-uk/values-uk.xml:1670:4: Multiple substitutions specified in non-positional format of string resource string/remote_host_disconnected_from. Did you mean to add the formatted="false" attribute?
/Users/forkman03/project/nome/simplex-chat/apps/multiplatform/common/build/intermediates/packaged_res/release/packageReleaseResources/values-tr/values-tr.xml:1602:4: Multiple substitutions specified in non-positional format of string resource string/rcv_group_event_n_members_connected. Did you mean to add the formatted="false" attribute?
/Users/forkman03/project/nome/simplex-chat/apps/multiplatform/common/build/intermediates/packaged_res/release/packageReleaseResources/values-pl/values-pl.xml:1258:4: Multiple substitutions specified in non-positional format of string resource string/mtr_error_different. Did you mean to add the formatted="false" attribute?
/Users/forkman03/project/nome/simplex-chat/apps/multiplatform/common/build/intermediates/packaged_res/release/packageReleaseResources/values-uk/values-uk.xml:1799:4: Multiple substitutions specified in non-positional format of string resource string/sender_at_ts. Did you mean to add the formatted="false" attribute?
/Users/forkman03/project/nome/simplex-chat/apps/multiplatform/common/build/intermediates/packaged_res/release/packageReleaseResources/values-tr/values-tr.xml:1637:4: Multiple substitutions specified in non-positional format of string resource string/recipient_colon_delivery_status. Did you mean to add the formatted="false" attribute?
/Users/forkman03/project/nome/simplex-chat/apps/multiplatform/common/build/intermediates/packaged_res/release/packageReleaseResources/values-in/values-in.xml:478:4: Multiple substitutions specified in non-positional format of string resource string/core_simplexmq_version. Did you mean to add the formatted="false" attribute?
/Users/forkman03/project/nome/simplex-chat/apps/multiplatform/common/build/intermediates/packaged_res/release/packageReleaseResources/values-tr/values-tr.xml:1659:4: Multiple substitutions specified in non-positional format of string resource string/remote_host_disconnected_from. Did you mean to add the formatted="false" attribute?
/Users/forkman03/project/nome/simplex-chat/apps/multiplatform/common/build/intermediates/packaged_res/release/packageReleaseResources/values-uk/values-uk.xml:2025:4: Multiple substitutions specified in non-positional format of string resource string/snd_group_event_changed_member_role. Did you mean to add the formatted="false" attribute?
/Users/forkman03/project/nome/simplex-chat/apps/multiplatform/common/build/intermediates/packaged_res/release/packageReleaseResources/values-tr/values-tr.xml:1787:4: Multiple substitutions specified in non-positional format of string resource string/sender_at_ts. Did you mean to add the formatted="false" attribute?
/Users/forkman03/project/nome/simplex-chat/apps/multiplatform/common/build/intermediates/packaged_res/release/packageReleaseResources/values-uk/values-uk.xml:2123:4: Multiple substitutions specified in non-positional format of string resource string/total_files_count_and_size. Did you mean to add the formatted="false" attribute?
/Users/forkman03/project/nome/simplex-chat/apps/multiplatform/common/build/intermediates/packaged_res/release/packageReleaseResources/values-in/values-in.xml:790:4: Multiple substitutions specified in non-positional format of string resource string/feature_offered_item_with_param. Did you mean to add the formatted="false" attribute?
/Users/forkman03/project/nome/simplex-chat/apps/multiplatform/common/build/intermediates/packaged_res/release/packageReleaseResources/values-tr/values-tr.xml:2010:4: Multiple substitutions specified in non-positional format of string resource string/snd_group_event_changed_member_role. Did you mean to add the formatted="false" attribute?
/Users/forkman03/project/nome/simplex-chat/apps/multiplatform/common/build/intermediates/packaged_res/release/packageReleaseResources/values-in/values-in.xml:886:4: Multiple substitutions specified in non-positional format of string resource string/group_members_2. Did you mean to add the formatted="false" attribute?
/Users/forkman03/project/nome/simplex-chat/apps/multiplatform/common/build/intermediates/packaged_res/release/packageReleaseResources/values-in/values-in.xml:895:4: Multiple substitutions specified in non-positional format of string resource string/group_members_n. Did you mean to add the formatted="false" attribute?
/Users/forkman03/project/nome/simplex-chat/apps/multiplatform/common/build/intermediates/packaged_res/release/packageReleaseResources/values-tr/values-tr.xml:2108:4: Multiple substitutions specified in non-positional format of string resource string/total_files_count_and_size. Did you mean to add the formatted="false" attribute?
/Users/forkman03/project/nome/simplex-chat/apps/multiplatform/common/build/intermediates/packaged_res/release/packageReleaseResources/values-in/values-in.xml:1247:4: Multiple substitutions specified in non-positional format of string resource string/mtr_error_different. Did you mean to add the formatted="false" attribute?
/Users/forkman03/project/nome/simplex-chat/apps/multiplatform/common/build/intermediates/packaged_res/release/packageReleaseResources/values-in/values-in.xml:1606:4: Multiple substitutions specified in non-positional format of string resource string/rcv_group_event_2_members_connected. Did you mean to add the formatted="false" attribute?
/Users/forkman03/project/nome/simplex-chat/apps/multiplatform/common/build/intermediates/packaged_res/release/packageReleaseResources/values-in/values-in.xml:1607:4: Multiple substitutions specified in non-positional format of string resource string/rcv_group_event_3_members_connected. Did you mean to add the formatted="false" attribute?
/Users/forkman03/project/nome/simplex-chat/apps/multiplatform/common/build/intermediates/packaged_res/release/packageReleaseResources/values-in/values-in.xml:1608:4: Multiple substitutions specified in non-positional format of string resource string/rcv_group_event_changed_member_role. Did you mean to add the formatted="false" attribute?
/Users/forkman03/project/nome/simplex-chat/apps/multiplatform/common/build/intermediates/packaged_res/release/packageReleaseResources/values-in/values-in.xml:1620:4: Multiple substitutions specified in non-positional format of string resource string/rcv_group_event_n_members_connected. Did you mean to add the formatted="false" attribute?
/Users/forkman03/project/nome/simplex-chat/apps/multiplatform/common/build/intermediates/packaged_res/release/packageReleaseResources/values-in/values-in.xml:1655:4: Multiple substitutions specified in non-positional format of string resource string/recipient_colon_delivery_status. Did you mean to add the formatted="false" attribute?
/Users/forkman03/project/nome/simplex-chat/apps/multiplatform/common/build/intermediates/packaged_res/release/packageReleaseResources/values-in/values-in.xml:1677:4: Multiple substitutions specified in non-positional format of string resource string/remote_host_disconnected_from. Did you mean to add the formatted="false" attribute?
/Users/forkman03/project/nome/simplex-chat/apps/multiplatform/common/build/intermediates/packaged_res/release/packageReleaseResources/values-in/values-in.xml:1807:4: Multiple substitutions specified in non-positional format of string resource string/sender_at_ts. Did you mean to add the formatted="false" attribute?
/Users/forkman03/project/nome/simplex-chat/apps/multiplatform/common/build/intermediates/packaged_res/release/packageReleaseResources/values-in/values-in.xml:2035:4: Multiple substitutions specified in non-positional format of string resource string/snd_group_event_changed_member_role. Did you mean to add the formatted="false" attribute?
/Users/forkman03/project/nome/simplex-chat/apps/multiplatform/common/build/intermediates/packaged_res/release/packageReleaseResources/values-in/values-in.xml:2134:4: Multiple substitutions specified in non-positional format of string resource string/total_files_count_and_size. Did you mean to add the formatted="false" attribute?
/Users/forkman03/project/nome/simplex-chat/apps/multiplatform/common/build/intermediates/packaged_res/release/packageReleaseResources/values-hr/values-hr.xml:59:4: Multiple substitutions specified in non-positional format of string resource string/app_check_for_updates_button_download. Did you mean to add the formatted="false" attribute?
/Users/forkman03/project/nome/simplex-chat/apps/multiplatform/common/build/intermediates/packaged_res/release/packageReleaseResources/values-hr/values-hr.xml:302:4: Multiple substitutions specified in non-positional format of string resource string/core_simplexmq_version. Did you mean to add the formatted="false" attribute?
/Users/forkman03/project/nome/simplex-chat/apps/multiplatform/common/build/intermediates/packaged_res/release/packageReleaseResources/values-hr/values-hr.xml:554:4: Multiple substitutions specified in non-positional format of string resource string/group_members_2. Did you mean to add the formatted="false" attribute?
/Users/forkman03/project/nome/simplex-chat/apps/multiplatform/common/build/intermediates/packaged_res/release/packageReleaseResources/values-hr/values-hr.xml:556:4: Multiple substitutions specified in non-positional format of string resource string/group_members_n. Did you mean to add the formatted="false" attribute?
/Users/forkman03/project/nome/simplex-chat/apps/multiplatform/common/build/intermediates/packaged_res/release/packageReleaseResources/values-hr/values-hr.xml:986:4: Multiple substitutions specified in non-positional format of string resource string/rcv_group_event_2_members_connected. Did you mean to add the formatted="false" attribute?
/Users/forkman03/project/nome/simplex-chat/apps/multiplatform/common/build/intermediates/packaged_res/release/packageReleaseResources/values-hr/values-hr.xml:987:4: Multiple substitutions specified in non-positional format of string resource string/rcv_group_event_3_members_connected. Did you mean to add the formatted="false" attribute?
/Users/forkman03/project/nome/simplex-chat/apps/multiplatform/common/build/intermediates/packaged_res/release/packageReleaseResources/values-hr/values-hr.xml:988:4: Multiple substitutions specified in non-positional format of string resource string/rcv_group_event_changed_member_role. Did you mean to add the formatted="false" attribute?
/Users/forkman03/project/nome/simplex-chat/apps/multiplatform/common/build/intermediates/packaged_res/release/packageReleaseResources/values-el/values-el.xml:99:4: Multiple substitutions specified in non-positional format of string resource string/app_check_for_updates_button_download. Did you mean to add the formatted="false" attribute?
/Users/forkman03/project/nome/simplex-chat/apps/multiplatform/common/build/intermediates/packaged_res/release/packageReleaseResources/values-hr/values-hr.xml:998:4: Multiple substitutions specified in non-positional format of string resource string/rcv_group_event_n_members_connected. Did you mean to add the formatted="false" attribute?
/Users/forkman03/project/nome/simplex-chat/apps/multiplatform/common/build/intermediates/packaged_res/release/packageReleaseResources/values-hr/values-hr.xml:1013:4: Multiple substitutions specified in non-positional format of string resource string/recipient_colon_delivery_status. Did you mean to add the formatted="false" attribute?
/Users/forkman03/project/nome/simplex-chat/apps/multiplatform/common/build/intermediates/packaged_res/release/packageReleaseResources/values-pl/values-pl.xml:1622:4: Multiple substitutions specified in non-positional format of string resource string/rcv_group_event_2_members_connected. Did you mean to add the formatted="false" attribute?
/Users/forkman03/project/nome/simplex-chat/apps/multiplatform/common/build/intermediates/packaged_res/release/packageReleaseResources/values-hr/values-hr.xml:1098:4: Multiple substitutions specified in non-positional format of string resource string/sender_at_ts. Did you mean to add the formatted="false" attribute?
/Users/forkman03/project/nome/simplex-chat/apps/multiplatform/common/build/intermediates/packaged_res/release/packageReleaseResources/values-hr/values-hr.xml:1254:4: Multiple substitutions specified in non-positional format of string resource string/snd_group_event_changed_member_role. Did you mean to add the formatted="false" attribute?
/Users/forkman03/project/nome/simplex-chat/apps/multiplatform/common/build/intermediates/packaged_res/release/packageReleaseResources/values-ar/values-ar.xml:111:4: Multiple substitutions specified in non-positional format of string resource string/app_check_for_updates_button_download. Did you mean to add the formatted="false" attribute?
/Users/forkman03/project/nome/simplex-chat/apps/multiplatform/common/build/intermediates/packaged_res/release/packageReleaseResources/values-zh-rTW/values-zh-rTW.xml:92:4: Multiple substitutions specified in non-positional format of string resource string/app_check_for_updates_button_download. Did you mean to add the formatted="false" attribute?
/Users/forkman03/project/nome/simplex-chat/apps/multiplatform/common/build/intermediates/packaged_res/release/packageReleaseResources/values-ar/values-ar.xml:562:4: Multiple substitutions specified in non-positional format of string resource string/core_simplexmq_version. Did you mean to add the formatted="false" attribute?
/Users/forkman03/project/nome/simplex-chat/apps/multiplatform/common/build/intermediates/packaged_res/release/packageReleaseResources/values-zh-rTW/values-zh-rTW.xml:426:4: Multiple substitutions specified in non-positional format of string resource string/core_simplexmq_version. Did you mean to add the formatted="false" attribute?
/Users/forkman03/project/nome/simplex-chat/apps/multiplatform/common/build/intermediates/packaged_res/release/packageReleaseResources/values-el/values-el.xml:486:4: Multiple substitutions specified in non-positional format of string resource string/core_simplexmq_version. Did you mean to add the formatted="false" attribute?
/Users/forkman03/project/nome/simplex-chat/apps/multiplatform/common/build/intermediates/packaged_res/release/packageReleaseResources/values-ar/values-ar.xml:903:4: Multiple substitutions specified in non-positional format of string resource string/feature_offered_item_with_param. Did you mean to add the formatted="false" attribute?
/Users/forkman03/project/nome/simplex-chat/apps/multiplatform/common/build/intermediates/packaged_res/release/packageReleaseResources/values-zh-rTW/values-zh-rTW.xml:708:4: Multiple substitutions specified in non-positional format of string resource string/feature_offered_item_with_param. Did you mean to add the formatted="false" attribute?
/Users/forkman03/project/nome/simplex-chat/apps/multiplatform/common/build/intermediates/packaged_res/release/packageReleaseResources/values-ar/values-ar.xml:1003:4: Multiple substitutions specified in non-positional format of string resource string/group_members_2. Did you mean to add the formatted="false" attribute?
/Users/forkman03/project/nome/simplex-chat/apps/multiplatform/common/build/intermediates/packaged_res/release/packageReleaseResources/values-zh-rTW/values-zh-rTW.xml:796:4: Multiple substitutions specified in non-positional format of string resource string/group_members_2. Did you mean to add the formatted="false" attribute?
/Users/forkman03/project/nome/simplex-chat/apps/multiplatform/common/build/intermediates/packaged_res/release/packageReleaseResources/values-ar/values-ar.xml:1020:4: Multiple substitutions specified in non-positional format of string resource string/group_members_n. Did you mean to add the formatted="false" attribute?
/Users/forkman03/project/nome/simplex-chat/apps/multiplatform/common/build/intermediates/packaged_res/release/packageReleaseResources/values-zh-rTW/values-zh-rTW.xml:804:4: Multiple substitutions specified in non-positional format of string resource string/group_members_n. Did you mean to add the formatted="false" attribute?
/Users/forkman03/project/nome/simplex-chat/apps/multiplatform/common/build/intermediates/packaged_res/release/packageReleaseResources/values-ar/values-ar.xml:1397:4: Multiple substitutions specified in non-positional format of string resource string/mtr_error_different. Did you mean to add the formatted="false" attribute?
/Users/forkman03/project/nome/simplex-chat/apps/multiplatform/common/build/intermediates/packaged_res/release/packageReleaseResources/values-el/values-el.xml:799:4: Multiple substitutions specified in non-positional format of string resource string/feature_offered_item_with_param. Did you mean to add the formatted="false" attribute?
/Users/forkman03/project/nome/simplex-chat/apps/multiplatform/common/build/intermediates/packaged_res/release/packageReleaseResources/values-pl/values-pl.xml:1623:4: Multiple substitutions specified in non-positional format of string resource string/rcv_group_event_3_members_connected. Did you mean to add the formatted="false" attribute?
/Users/forkman03/project/nome/simplex-chat/apps/multiplatform/common/build/intermediates/packaged_res/release/packageReleaseResources/values-zh-rTW/values-zh-rTW.xml:1134:4: Multiple substitutions specified in non-positional format of string resource string/mtr_error_different. Did you mean to add the formatted="false" attribute?
/Users/forkman03/project/nome/simplex-chat/apps/multiplatform/common/build/intermediates/packaged_res/release/packageReleaseResources/values-pl/values-pl.xml:1624:4: Multiple substitutions specified in non-positional format of string resource string/rcv_group_event_changed_member_role. Did you mean to add the formatted="false" attribute?
/Users/forkman03/project/nome/simplex-chat/apps/multiplatform/common/build/intermediates/packaged_res/release/packageReleaseResources/values-el/values-el.xml:895:4: Multiple substitutions specified in non-positional format of string resource string/group_members_2. Did you mean to add the formatted="false" attribute?
/Users/forkman03/project/nome/simplex-chat/apps/multiplatform/common/build/intermediates/packaged_res/release/packageReleaseResources/values-pl/values-pl.xml:1636:4: Multiple substitutions specified in non-positional format of string resource string/rcv_group_event_n_members_connected. Did you mean to add the formatted="false" attribute?
/Users/forkman03/project/nome/simplex-chat/apps/multiplatform/common/build/intermediates/packaged_res/release/packageReleaseResources/values-el/values-el.xml:904:4: Multiple substitutions specified in non-positional format of string resource string/group_members_n. Did you mean to add the formatted="false" attribute?
/Users/forkman03/project/nome/simplex-chat/apps/multiplatform/common/build/intermediates/packaged_res/release/packageReleaseResources/values-ar/values-ar.xml:1798:4: Multiple substitutions specified in non-positional format of string resource string/rcv_group_event_2_members_connected. Did you mean to add the formatted="false" attribute?
/Users/forkman03/project/nome/simplex-chat/apps/multiplatform/common/build/intermediates/packaged_res/release/packageReleaseResources/values-ar/values-ar.xml:1799:4: Multiple substitutions specified in non-positional format of string resource string/rcv_group_event_3_members_connected. Did you mean to add the formatted="false" attribute?
/Users/forkman03/project/nome/simplex-chat/apps/multiplatform/common/build/intermediates/packaged_res/release/packageReleaseResources/values-zh-rTW/values-zh-rTW.xml:1429:4: Multiple substitutions specified in non-positional format of string resource string/rcv_group_event_changed_member_role. Did you mean to add the formatted="false" attribute?
/Users/forkman03/project/nome/simplex-chat/apps/multiplatform/common/build/intermediates/packaged_res/release/packageReleaseResources/values-ar/values-ar.xml:1800:4: Multiple substitutions specified in non-positional format of string resource string/rcv_group_event_changed_member_role. Did you mean to add the formatted="false" attribute?
/Users/forkman03/project/nome/simplex-chat/apps/multiplatform/common/build/intermediates/packaged_res/release/packageReleaseResources/values-ar/values-ar.xml:1812:4: Multiple substitutions specified in non-positional format of string resource string/rcv_group_event_n_members_connected. Did you mean to add the formatted="false" attribute?
/Users/forkman03/project/nome/simplex-chat/apps/multiplatform/common/build/intermediates/packaged_res/release/packageReleaseResources/values-zh-rTW/values-zh-rTW.xml:1466:4: Multiple substitutions specified in non-positional format of string resource string/recipient_colon_delivery_status. Did you mean to add the formatted="false" attribute?
/Users/forkman03/project/nome/simplex-chat/apps/multiplatform/common/build/intermediates/packaged_res/release/packageReleaseResources/values-zh-rTW/values-zh-rTW.xml:1485:4: Multiple substitutions specified in non-positional format of string resource string/remote_host_disconnected_from. Did you mean to add the formatted="false" attribute?
/Users/forkman03/project/nome/simplex-chat/apps/multiplatform/common/build/intermediates/packaged_res/release/packageReleaseResources/values-ar/values-ar.xml:1851:4: Multiple substitutions specified in non-positional format of string resource string/recipient_colon_delivery_status. Did you mean to add the formatted="false" attribute?
/Users/forkman03/project/nome/simplex-chat/apps/multiplatform/common/build/intermediates/packaged_res/release/packageReleaseResources/values-de/values-de.xml:111:4: Multiple substitutions specified in non-positional format of string resource string/app_check_for_updates_button_download. Did you mean to add the formatted="false" attribute?
/Users/forkman03/project/nome/simplex-chat/apps/multiplatform/common/build/intermediates/packaged_res/release/packageReleaseResources/values-ar/values-ar.xml:1917:4: Multiple substitutions specified in non-positional format of string resource string/remote_host_disconnected_from. Did you mean to add the formatted="false" attribute?
/Users/forkman03/project/nome/simplex-chat/apps/multiplatform/common/build/intermediates/packaged_res/release/packageReleaseResources/values-zh-rTW/values-zh-rTW.xml:1592:4: Multiple substitutions specified in non-positional format of string resource string/sender_at_ts. Did you mean to add the formatted="false" attribute?
/Users/forkman03/project/nome/simplex-chat/apps/multiplatform/common/build/intermediates/packaged_res/release/packageReleaseResources/values-hu/values-hu.xml:111:4: Multiple substitutions specified in non-positional format of string resource string/app_check_for_updates_button_download. Did you mean to add the formatted="false" attribute?
/Users/forkman03/project/nome/simplex-chat/apps/multiplatform/common/build/intermediates/packaged_res/release/packageReleaseResources/values-ar/values-ar.xml:2050:4: Multiple substitutions specified in non-positional format of string resource string/sender_at_ts. Did you mean to add the formatted="false" attribute?
/Users/forkman03/project/nome/simplex-chat/apps/multiplatform/common/build/intermediates/packaged_res/release/packageReleaseResources/values-zh-rTW/values-zh-rTW.xml:1792:4: Multiple substitutions specified in non-positional format of string resource string/snd_group_event_changed_member_role. Did you mean to add the formatted="false" attribute?
/Users/forkman03/project/nome/simplex-chat/apps/multiplatform/common/build/intermediates/packaged_res/release/packageReleaseResources/values-ar/values-ar.xml:2283:4: Multiple substitutions specified in non-positional format of string resource string/snd_group_event_changed_member_role. Did you mean to add the formatted="false" attribute?
/Users/forkman03/project/nome/simplex-chat/apps/multiplatform/common/build/intermediates/packaged_res/release/packageReleaseResources/values-ar/values-ar.xml:2388:4: Multiple substitutions specified in non-positional format of string resource string/total_files_count_and_size. Did you mean to add the formatted="false" attribute?
/Users/forkman03/project/nome/simplex-chat/apps/multiplatform/common/build/intermediates/packaged_res/release/packageReleaseResources/values-zh-rTW/values-zh-rTW.xml:1873:4: Multiple substitutions specified in non-positional format of string resource string/total_files_count_and_size. Did you mean to add the formatted="false" attribute?
/Users/forkman03/project/nome/simplex-chat/apps/multiplatform/common/build/intermediates/packaged_res/release/packageReleaseResources/values-de/values-de.xml:563:4: Multiple substitutions specified in non-positional format of string resource string/core_simplexmq_version. Did you mean to add the formatted="false" attribute?
/Users/forkman03/project/nome/simplex-chat/apps/multiplatform/common/build/intermediates/packaged_res/release/packageReleaseResources/values-hu/values-hu.xml:562:4: Multiple substitutions specified in non-positional format of string resource string/core_simplexmq_version. Did you mean to add the formatted="false" attribute?
/Users/forkman03/project/nome/simplex-chat/apps/multiplatform/common/build/intermediates/packaged_res/release/packageReleaseResources/values-hu/values-hu.xml:903:4: Multiple substitutions specified in non-positional format of string resource string/feature_offered_item_with_param. Did you mean to add the formatted="false" attribute?
/Users/forkman03/project/nome/simplex-chat/apps/multiplatform/common/build/intermediates/packaged_res/release/packageReleaseResources/values-hu/values-hu.xml:1003:4: Multiple substitutions specified in non-positional format of string resource string/group_members_2. Did you mean to add the formatted="false" attribute?
/Users/forkman03/project/nome/simplex-chat/apps/multiplatform/common/build/intermediates/packaged_res/release/packageReleaseResources/values-hu/values-hu.xml:1020:4: Multiple substitutions specified in non-positional format of string resource string/group_members_n. Did you mean to add the formatted="false" attribute?
/Users/forkman03/project/nome/simplex-chat/apps/multiplatform/common/build/intermediates/packaged_res/release/packageReleaseResources/values-de/values-de.xml:904:4: Multiple substitutions specified in non-positional format of string resource string/feature_offered_item_with_param. Did you mean to add the formatted="false" attribute?
/Users/forkman03/project/nome/simplex-chat/apps/multiplatform/common/build/intermediates/packaged_res/release/packageReleaseResources/values-hu/values-hu.xml:1397:4: Multiple substitutions specified in non-positional format of string resource string/mtr_error_different. Did you mean to add the formatted="false" attribute?
/Users/forkman03/project/nome/simplex-chat/apps/multiplatform/common/build/intermediates/packaged_res/release/packageReleaseResources/values-de/values-de.xml:1004:4: Multiple substitutions specified in non-positional format of string resource string/group_members_2. Did you mean to add the formatted="false" attribute?
/Users/forkman03/project/nome/simplex-chat/apps/multiplatform/common/build/intermediates/packaged_res/release/packageReleaseResources/values-hu/values-hu.xml:1798:4: Multiple substitutions specified in non-positional format of string resource string/rcv_group_event_2_members_connected. Did you mean to add the formatted="false" attribute?
/Users/forkman03/project/nome/simplex-chat/apps/multiplatform/common/build/intermediates/packaged_res/release/packageReleaseResources/values-de/values-de.xml:1021:4: Multiple substitutions specified in non-positional format of string resource string/group_members_n. Did you mean to add the formatted="false" attribute?
/Users/forkman03/project/nome/simplex-chat/apps/multiplatform/common/build/intermediates/packaged_res/release/packageReleaseResources/values-hu/values-hu.xml:1799:4: Multiple substitutions specified in non-positional format of string resource string/rcv_group_event_3_members_connected. Did you mean to add the formatted="false" attribute?
/Users/forkman03/project/nome/simplex-chat/apps/multiplatform/common/build/intermediates/packaged_res/release/packageReleaseResources/values-bg/values-bg.xml:99:4: Multiple substitutions specified in non-positional format of string resource string/app_check_for_updates_button_download. Did you mean to add the formatted="false" attribute?
/Users/forkman03/project/nome/simplex-chat/apps/multiplatform/common/build/intermediates/packaged_res/release/packageReleaseResources/values-hu/values-hu.xml:1800:4: Multiple substitutions specified in non-positional format of string resource string/rcv_group_event_changed_member_role. Did you mean to add the formatted="false" attribute?
/Users/forkman03/project/nome/simplex-chat/apps/multiplatform/common/build/intermediates/packaged_res/release/packageReleaseResources/values-hu/values-hu.xml:1812:4: Multiple substitutions specified in non-positional format of string resource string/rcv_group_event_n_members_connected. Did you mean to add the formatted="false" attribute?
/Users/forkman03/project/nome/simplex-chat/apps/multiplatform/common/build/intermediates/packaged_res/release/packageReleaseResources/values-hu/values-hu.xml:1851:4: Multiple substitutions specified in non-positional format of string resource string/recipient_colon_delivery_status. Did you mean to add the formatted="false" attribute?
/Users/forkman03/project/nome/simplex-chat/apps/multiplatform/common/build/intermediates/packaged_res/release/packageReleaseResources/values-hu/values-hu.xml:1917:4: Multiple substitutions specified in non-positional format of string resource string/remote_host_disconnected_from. Did you mean to add the formatted="false" attribute?
/Users/forkman03/project/nome/simplex-chat/apps/multiplatform/common/build/intermediates/packaged_res/release/packageReleaseResources/values-hu/values-hu.xml:2050:4: Multiple substitutions specified in non-positional format of string resource string/sender_at_ts. Did you mean to add the formatted="false" attribute?
/Users/forkman03/project/nome/simplex-chat/apps/multiplatform/common/build/intermediates/packaged_res/release/packageReleaseResources/values-de/values-de.xml:1398:4: Multiple substitutions specified in non-positional format of string resource string/mtr_error_different. Did you mean to add the formatted="false" attribute?
/Users/forkman03/project/nome/simplex-chat/apps/multiplatform/common/build/intermediates/packaged_res/release/packageReleaseResources/values-hu/values-hu.xml:2283:4: Multiple substitutions specified in non-positional format of string resource string/snd_group_event_changed_member_role. Did you mean to add the formatted="false" attribute?
/Users/forkman03/project/nome/simplex-chat/apps/multiplatform/common/build/intermediates/packaged_res/release/packageReleaseResources/values-pl/values-pl.xml:1671:4: Multiple substitutions specified in non-positional format of string resource string/recipient_colon_delivery_status. Did you mean to add the formatted="false" attribute?
/Users/forkman03/project/nome/simplex-chat/apps/multiplatform/common/build/intermediates/packaged_res/release/packageReleaseResources/values-pl/values-pl.xml:1693:4: Multiple substitutions specified in non-positional format of string resource string/remote_host_disconnected_from. Did you mean to add the formatted="false" attribute?
/Users/forkman03/project/nome/simplex-chat/apps/multiplatform/common/build/intermediates/packaged_res/release/packageReleaseResources/values-hu/values-hu.xml:2388:4: Multiple substitutions specified in non-positional format of string resource string/total_files_count_and_size. Did you mean to add the formatted="false" attribute?
/Users/forkman03/project/nome/simplex-chat/apps/multiplatform/common/build/intermediates/packaged_res/release/packageReleaseResources/values-de/values-de.xml:1799:4: Multiple substitutions specified in non-positional format of string resource string/rcv_group_event_2_members_connected. Did you mean to add the formatted="false" attribute?
/Users/forkman03/project/nome/simplex-chat/apps/multiplatform/common/build/intermediates/packaged_res/release/packageReleaseResources/values-bg/values-bg.xml:476:4: Multiple substitutions specified in non-positional format of string resource string/core_simplexmq_version. Did you mean to add the formatted="false" attribute?
/Users/forkman03/project/nome/simplex-chat/apps/multiplatform/common/build/intermediates/packaged_res/release/packageReleaseResources/values-de/values-de.xml:1800:4: Multiple substitutions specified in non-positional format of string resource string/rcv_group_event_3_members_connected. Did you mean to add the formatted="false" attribute?
/Users/forkman03/project/nome/simplex-chat/apps/multiplatform/common/build/intermediates/packaged_res/release/packageReleaseResources/values-de/values-de.xml:1801:4: Multiple substitutions specified in non-positional format of string resource string/rcv_group_event_changed_member_role. Did you mean to add the formatted="false" attribute?
/Users/forkman03/project/nome/simplex-chat/apps/multiplatform/common/build/intermediates/packaged_res/release/packageReleaseResources/values-de/values-de.xml:1813:4: Multiple substitutions specified in non-positional format of string resource string/rcv_group_event_n_members_connected. Did you mean to add the formatted="false" attribute?
/Users/forkman03/project/nome/simplex-chat/apps/multiplatform/common/build/intermediates/packaged_res/release/packageReleaseResources/values-de/values-de.xml:1852:4: Multiple substitutions specified in non-positional format of string resource string/recipient_colon_delivery_status. Did you mean to add the formatted="false" attribute?
/Users/forkman03/project/nome/simplex-chat/apps/multiplatform/common/build/intermediates/packaged_res/release/packageReleaseResources/values-de/values-de.xml:1918:4: Multiple substitutions specified in non-positional format of string resource string/remote_host_disconnected_from. Did you mean to add the formatted="false" attribute?
/Users/forkman03/project/nome/simplex-chat/apps/multiplatform/common/build/intermediates/packaged_res/release/packageReleaseResources/values-pl/values-pl.xml:1823:4: Multiple substitutions specified in non-positional format of string resource string/sender_at_ts. Did you mean to add the formatted="false" attribute?
/Users/forkman03/project/nome/simplex-chat/apps/multiplatform/common/build/intermediates/packaged_res/release/packageReleaseResources/values-de/values-de.xml:2051:4: Multiple substitutions specified in non-positional format of string resource string/sender_at_ts. Did you mean to add the formatted="false" attribute?
/Users/forkman03/project/nome/simplex-chat/apps/multiplatform/common/build/intermediates/packaged_res/release/packageReleaseResources/values-de/values-de.xml:2284:4: Multiple substitutions specified in non-positional format of string resource string/snd_group_event_changed_member_role. Did you mean to add the formatted="false" attribute?
/Users/forkman03/project/nome/simplex-chat/apps/multiplatform/common/build/intermediates/packaged_res/release/packageReleaseResources/values-bg/values-bg.xml:787:4: Multiple substitutions specified in non-positional format of string resource string/feature_offered_item_with_param. Did you mean to add the formatted="false" attribute?
/Users/forkman03/project/nome/simplex-chat/apps/multiplatform/common/build/intermediates/packaged_res/release/packageReleaseResources/values-de/values-de.xml:2389:4: Multiple substitutions specified in non-positional format of string resource string/total_files_count_and_size. Did you mean to add the formatted="false" attribute?
/Users/forkman03/project/nome/simplex-chat/apps/multiplatform/common/build/intermediates/packaged_res/release/packageReleaseResources/values-lt/values-lt.xml:305:4: Multiple substitutions specified in non-positional format of string resource string/core_simplexmq_version. Did you mean to add the formatted="false" attribute?
/Users/forkman03/project/nome/simplex-chat/apps/multiplatform/common/build/intermediates/packaged_res/release/packageReleaseResources/values-bg/values-bg.xml:883:4: Multiple substitutions specified in non-positional format of string resource string/group_members_2. Did you mean to add the formatted="false" attribute?
/Users/forkman03/project/nome/simplex-chat/apps/multiplatform/common/build/intermediates/packaged_res/release/packageReleaseResources/values-bg/values-bg.xml:892:4: Multiple substitutions specified in non-positional format of string resource string/group_members_n. Did you mean to add the formatted="false" attribute?
/Users/forkman03/project/nome/simplex-chat/apps/multiplatform/common/build/intermediates/packaged_res/release/packageReleaseResources/values-lt/values-lt.xml:549:4: Multiple substitutions specified in non-positional format of string resource string/feature_offered_item_with_param. Did you mean to add the formatted="false" attribute?
/Users/forkman03/project/nome/simplex-chat/apps/multiplatform/common/build/intermediates/packaged_res/release/packageReleaseResources/values-lt/values-lt.xml:617:4: Multiple substitutions specified in non-positional format of string resource string/group_members_2. Did you mean to add the formatted="false" attribute?
/Users/forkman03/project/nome/simplex-chat/apps/multiplatform/common/build/intermediates/packaged_res/release/packageReleaseResources/values-lt/values-lt.xml:625:4: Multiple substitutions specified in non-positional format of string resource string/group_members_n. Did you mean to add the formatted="false" attribute?
/Users/forkman03/project/nome/simplex-chat/apps/multiplatform/common/build/intermediates/packaged_res/release/packageReleaseResources/values-pl/values-pl.xml:2051:4: Multiple substitutions specified in non-positional format of string resource string/snd_group_event_changed_member_role. Did you mean to add the formatted="false" attribute?
/Users/forkman03/project/nome/simplex-chat/apps/multiplatform/common/build/intermediates/packaged_res/release/packageReleaseResources/values-bg/values-bg.xml:1243:4: Multiple substitutions specified in non-positional format of string resource string/mtr_error_different. Did you mean to add the formatted="false" attribute?
/Users/forkman03/project/nome/simplex-chat/apps/multiplatform/common/build/intermediates/packaged_res/release/packageReleaseResources/values-lt/values-lt.xml:913:4: Multiple substitutions specified in non-positional format of string resource string/mtr_error_different. Did you mean to add the formatted="false" attribute?
/Users/forkman03/project/nome/simplex-chat/apps/multiplatform/common/build/intermediates/packaged_res/release/packageReleaseResources/values-pl/values-pl.xml:2150:4: Multiple substitutions specified in non-positional format of string resource string/total_files_count_and_size. Did you mean to add the formatted="false" attribute?
/Users/forkman03/project/nome/simplex-chat/apps/multiplatform/common/build/intermediates/packaged_res/release/packageReleaseResources/values-el/values-el.xml:1258:4: Multiple substitutions specified in non-positional format of string resource string/mtr_error_different. Did you mean to add the formatted="false" attribute?
/Users/forkman03/project/nome/simplex-chat/apps/multiplatform/common/build/intermediates/packaged_res/release/packageReleaseResources/values-lt/values-lt.xml:1115:4: Multiple substitutions specified in non-positional format of string resource string/rcv_group_event_2_members_connected. Did you mean to add the formatted="false" attribute?
/Users/forkman03/project/nome/simplex-chat/apps/multiplatform/common/build/intermediates/packaged_res/release/packageReleaseResources/values-lt/values-lt.xml:1116:4: Multiple substitutions specified in non-positional format of string resource string/rcv_group_event_3_members_connected. Did you mean to add the formatted="false" attribute?
/Users/forkman03/project/nome/simplex-chat/apps/multiplatform/common/build/intermediates/packaged_res/release/packageReleaseResources/values-lt/values-lt.xml:1117:4: Multiple substitutions specified in non-positional format of string resource string/rcv_group_event_changed_member_role. Did you mean to add the formatted="false" attribute?
/Users/forkman03/project/nome/simplex-chat/apps/multiplatform/common/build/intermediates/packaged_res/release/packageReleaseResources/values-lt/values-lt.xml:1128:4: Multiple substitutions specified in non-positional format of string resource string/rcv_group_event_n_members_connected. Did you mean to add the formatted="false" attribute?
/Users/forkman03/project/nome/simplex-chat/apps/multiplatform/common/build/intermediates/packaged_res/release/packageReleaseResources/values-lt/values-lt.xml:1161:4: Multiple substitutions specified in non-positional format of string resource string/recipient_colon_delivery_status. Did you mean to add the formatted="false" attribute?
/Users/forkman03/project/nome/simplex-chat/apps/multiplatform/common/build/intermediates/packaged_res/release/packageReleaseResources/values-lt/values-lt.xml:1177:4: Multiple substitutions specified in non-positional format of string resource string/remote_host_disconnected_from. Did you mean to add the formatted="false" attribute?
/Users/forkman03/project/nome/simplex-chat/apps/multiplatform/common/build/intermediates/packaged_res/release/packageReleaseResources/values-ml/values-ml.xml:277:4: Multiple substitutions specified in non-positional format of string resource string/rcv_group_event_changed_member_role. Did you mean to add the formatted="false" attribute?
/Users/forkman03/project/nome/simplex-chat/apps/multiplatform/common/build/intermediates/packaged_res/release/packageReleaseResources/values-ml/values-ml.xml:352:4: Multiple substitutions specified in non-positional format of string resource string/snd_group_event_changed_member_role. Did you mean to add the formatted="false" attribute?
/Users/forkman03/project/nome/simplex-chat/apps/multiplatform/common/build/intermediates/packaged_res/release/packageReleaseResources/values-lt/values-lt.xml:1266:4: Multiple substitutions specified in non-positional format of string resource string/sender_at_ts. Did you mean to add the formatted="false" attribute?
/Users/forkman03/project/nome/simplex-chat/apps/multiplatform/common/build/intermediates/packaged_res/release/packageReleaseResources/values-el/values-el.xml:1622:4: Multiple substitutions specified in non-positional format of string resource string/rcv_group_event_2_members_connected. Did you mean to add the formatted="false" attribute?
/Users/forkman03/project/nome/simplex-chat/apps/multiplatform/common/build/intermediates/packaged_res/release/packageReleaseResources/values-el/values-el.xml:1623:4: Multiple substitutions specified in non-positional format of string resource string/rcv_group_event_3_members_connected. Did you mean to add the formatted="false" attribute?
/Users/forkman03/project/nome/simplex-chat/apps/multiplatform/common/build/intermediates/packaged_res/release/packageReleaseResources/values-lt/values-lt.xml:1403:4: Multiple substitutions specified in non-positional format of string resource string/snd_group_event_changed_member_role. Did you mean to add the formatted="false" attribute?
/Users/forkman03/project/nome/simplex-chat/apps/multiplatform/common/build/intermediates/packaged_res/release/packageReleaseResources/values-es/values-es.xml:109:4: Multiple substitutions specified in non-positional format of string resource string/app_check_for_updates_button_download. Did you mean to add the formatted="false" attribute?
/Users/forkman03/project/nome/simplex-chat/apps/multiplatform/common/build/intermediates/packaged_res/release/packageReleaseResources/values-lt/values-lt.xml:1478:4: Multiple substitutions specified in non-positional format of string resource string/total_files_count_and_size. Did you mean to add the formatted="false" attribute?
/Users/forkman03/project/nome/simplex-chat/apps/multiplatform/common/build/intermediates/packaged_res/release/packageReleaseResources/values-el/values-el.xml:1624:4: Multiple substitutions specified in non-positional format of string resource string/rcv_group_event_changed_member_role. Did you mean to add the formatted="false" attribute?
/Users/forkman03/project/nome/simplex-chat/apps/multiplatform/common/build/intermediates/packaged_res/release/packageReleaseResources/values-el/values-el.xml:1636:4: Multiple substitutions specified in non-positional format of string resource string/rcv_group_event_n_members_connected. Did you mean to add the formatted="false" attribute?
/Users/forkman03/project/nome/simplex-chat/apps/multiplatform/common/build/intermediates/packaged_res/release/packageReleaseResources/values-es/values-es.xml:561:4: Multiple substitutions specified in non-positional format of string resource string/core_simplexmq_version. Did you mean to add the formatted="false" attribute?
/Users/forkman03/project/nome/simplex-chat/apps/multiplatform/common/build/intermediates/packaged_res/release/packageReleaseResources/values-el/values-el.xml:1671:4: Multiple substitutions specified in non-positional format of string resource string/recipient_colon_delivery_status. Did you mean to add the formatted="false" attribute?
/Users/forkman03/project/nome/simplex-chat/apps/multiplatform/common/build/intermediates/packaged_res/release/packageReleaseResources/values-cs/values-cs.xml:109:4: Multiple substitutions specified in non-positional format of string resource string/app_check_for_updates_button_download. Did you mean to add the formatted="false" attribute?
/Users/forkman03/project/nome/simplex-chat/apps/multiplatform/common/build/intermediates/packaged_res/release/packageReleaseResources/values-el/values-el.xml:1693:4: Multiple substitutions specified in non-positional format of string resource string/remote_host_disconnected_from. Did you mean to add the formatted="false" attribute?
/Users/forkman03/project/nome/simplex-chat/apps/multiplatform/common/build/intermediates/packaged_res/release/packageReleaseResources/values-es/values-es.xml:902:4: Multiple substitutions specified in non-positional format of string resource string/feature_offered_item_with_param. Did you mean to add the formatted="false" attribute?
/Users/forkman03/project/nome/simplex-chat/apps/multiplatform/common/build/intermediates/packaged_res/release/packageReleaseResources/values-cs/values-cs.xml:556:4: Multiple substitutions specified in non-positional format of string resource string/core_simplexmq_version. Did you mean to add the formatted="false" attribute?
/Users/forkman03/project/nome/simplex-chat/apps/multiplatform/common/build/intermediates/packaged_res/release/packageReleaseResources/values-el/values-el.xml:1823:4: Multiple substitutions specified in non-positional format of string resource string/sender_at_ts. Did you mean to add the formatted="false" attribute?
/Users/forkman03/project/nome/simplex-chat/apps/multiplatform/common/build/intermediates/packaged_res/release/packageReleaseResources/values-es/values-es.xml:1002:4: Multiple substitutions specified in non-positional format of string resource string/group_members_2. Did you mean to add the formatted="false" attribute?
/Users/forkman03/project/nome/simplex-chat/apps/multiplatform/common/build/intermediates/packaged_res/release/packageReleaseResources/values-es/values-es.xml:1019:4: Multiple substitutions specified in non-positional format of string resource string/group_members_n. Did you mean to add the formatted="false" attribute?
/Users/forkman03/project/nome/simplex-chat/apps/multiplatform/common/build/intermediates/packaged_res/release/packageReleaseResources/values-el/values-el.xml:2051:4: Multiple substitutions specified in non-positional format of string resource string/snd_group_event_changed_member_role. Did you mean to add the formatted="false" attribute?
/Users/forkman03/project/nome/simplex-chat/apps/multiplatform/common/build/intermediates/packaged_res/release/packageReleaseResources/values-cs/values-cs.xml:895:4: Multiple substitutions specified in non-positional format of string resource string/feature_offered_item_with_param. Did you mean to add the formatted="false" attribute?
/Users/forkman03/project/nome/simplex-chat/apps/multiplatform/common/build/intermediates/packaged_res/release/packageReleaseResources/values-el/values-el.xml:2150:4: Multiple substitutions specified in non-positional format of string resource string/total_files_count_and_size. Did you mean to add the formatted="false" attribute?
/Users/forkman03/project/nome/simplex-chat/apps/multiplatform/common/build/intermediates/packaged_res/release/packageReleaseResources/values-cs/values-cs.xml:995:4: Multiple substitutions specified in non-positional format of string resource string/group_members_2. Did you mean to add the formatted="false" attribute?
/Users/forkman03/project/nome/simplex-chat/apps/multiplatform/common/build/intermediates/packaged_res/release/packageReleaseResources/values-cs/values-cs.xml:1012:4: Multiple substitutions specified in non-positional format of string resource string/group_members_n. Did you mean to add the formatted="false" attribute?
/Users/forkman03/project/nome/simplex-chat/apps/multiplatform/common/build/intermediates/packaged_res/release/packageReleaseResources/values-bg/values-bg.xml:1599:4: Multiple substitutions specified in non-positional format of string resource string/rcv_group_event_2_members_connected. Did you mean to add the formatted="false" attribute?
/Users/forkman03/project/nome/simplex-chat/apps/multiplatform/common/build/intermediates/packaged_res/release/packageReleaseResources/values-bg/values-bg.xml:1600:4: Multiple substitutions specified in non-positional format of string resource string/rcv_group_event_3_members_connected. Did you mean to add the formatted="false" attribute?
/Users/forkman03/project/nome/simplex-chat/apps/multiplatform/common/build/intermediates/packaged_res/release/packageReleaseResources/values-bg/values-bg.xml:1601:4: Multiple substitutions specified in non-positional format of string resource string/rcv_group_event_changed_member_role. Did you mean to add the formatted="false" attribute?
/Users/forkman03/project/nome/simplex-chat/apps/multiplatform/common/build/intermediates/packaged_res/release/packageReleaseResources/values-cs/values-cs.xml:1385:4: Multiple substitutions specified in non-positional format of string resource string/mtr_error_different. Did you mean to add the formatted="false" attribute?
/Users/forkman03/project/nome/simplex-chat/apps/multiplatform/common/build/intermediates/packaged_res/release/packageReleaseResources/values-bg/values-bg.xml:1613:4: Multiple substitutions specified in non-positional format of string resource string/rcv_group_event_n_members_connected. Did you mean to add the formatted="false" attribute?
/Users/forkman03/project/nome/simplex-chat/apps/multiplatform/common/build/intermediates/packaged_res/release/packageReleaseResources/values-bg/values-bg.xml:1648:4: Multiple substitutions specified in non-positional format of string resource string/recipient_colon_delivery_status. Did you mean to add the formatted="false" attribute?
/Users/forkman03/project/nome/simplex-chat/apps/multiplatform/common/build/intermediates/packaged_res/release/packageReleaseResources/values-es/values-es.xml:1394:4: Multiple substitutions specified in non-positional format of string resource string/mtr_error_different. Did you mean to add the formatted="false" attribute?
/Users/forkman03/project/nome/simplex-chat/apps/multiplatform/common/build/intermediates/packaged_res/release/packageReleaseResources/values-bg/values-bg.xml:1670:4: Multiple substitutions specified in non-positional format of string resource string/remote_host_disconnected_from. Did you mean to add the formatted="false" attribute?
/Users/forkman03/project/nome/simplex-chat/apps/multiplatform/common/build/intermediates/packaged_res/release/packageReleaseResources/values-bg/values-bg.xml:1799:4: Multiple substitutions specified in non-positional format of string resource string/sender_at_ts. Did you mean to add the formatted="false" attribute?
/Users/forkman03/project/nome/simplex-chat/apps/multiplatform/common/build/intermediates/packaged_res/release/packageReleaseResources/values-fi/values-fi.xml:262:4: Multiple substitutions specified in non-positional format of string resource string/core_simplexmq_version. Did you mean to add the formatted="false" attribute?
/Users/forkman03/project/nome/simplex-chat/apps/multiplatform/common/build/intermediates/packaged_res/release/packageReleaseResources/values-cs/values-cs.xml:1775:4: Multiple substitutions specified in non-positional format of string resource string/rcv_group_event_2_members_connected. Did you mean to add the formatted="false" attribute?
/Users/forkman03/project/nome/simplex-chat/apps/multiplatform/common/build/intermediates/packaged_res/release/packageReleaseResources/values-es/values-es.xml:1795:4: Multiple substitutions specified in non-positional format of string resource string/rcv_group_event_2_members_connected. Did you mean to add the formatted="false" attribute?
/Users/forkman03/project/nome/simplex-chat/apps/multiplatform/common/build/intermediates/packaged_res/release/packageReleaseResources/values-fi/values-fi.xml:479:4: Multiple substitutions specified in non-positional format of string resource string/feature_offered_item_with_param. Did you mean to add the formatted="false" attribute?
/Users/forkman03/project/nome/simplex-chat/apps/multiplatform/common/build/intermediates/packaged_res/release/packageReleaseResources/values-cs/values-cs.xml:1776:4: Multiple substitutions specified in non-positional format of string resource string/rcv_group_event_3_members_connected. Did you mean to add the formatted="false" attribute?
/Users/forkman03/project/nome/simplex-chat/apps/multiplatform/common/build/intermediates/packaged_res/release/packageReleaseResources/values-fi/values-fi.xml:536:4: Multiple substitutions specified in non-positional format of string resource string/group_members_2. Did you mean to add the formatted="false" attribute?
/Users/forkman03/project/nome/simplex-chat/apps/multiplatform/common/build/intermediates/packaged_res/release/packageReleaseResources/values-fi/values-fi.xml:544:4: Multiple substitutions specified in non-positional format of string resource string/group_members_n. Did you mean to add the formatted="false" attribute?
/Users/forkman03/project/nome/simplex-chat/apps/multiplatform/common/build/intermediates/packaged_res/release/packageReleaseResources/values-es/values-es.xml:1796:4: Multiple substitutions specified in non-positional format of string resource string/rcv_group_event_3_members_connected. Did you mean to add the formatted="false" attribute?
/Users/forkman03/project/nome/simplex-chat/apps/multiplatform/common/build/intermediates/packaged_res/release/packageReleaseResources/values-cs/values-cs.xml:1777:4: Multiple substitutions specified in non-positional format of string resource string/rcv_group_event_changed_member_role. Did you mean to add the formatted="false" attribute?
/Users/forkman03/project/nome/simplex-chat/apps/multiplatform/common/build/intermediates/packaged_res/release/packageReleaseResources/values-es/values-es.xml:1797:4: Multiple substitutions specified in non-positional format of string resource string/rcv_group_event_changed_member_role. Did you mean to add the formatted="false" attribute?
/Users/forkman03/project/nome/simplex-chat/apps/multiplatform/common/build/intermediates/packaged_res/release/packageReleaseResources/values-fi/values-fi.xml:779:4: Multiple substitutions specified in non-positional format of string resource string/mtr_error_different. Did you mean to add the formatted="false" attribute?
/Users/forkman03/project/nome/simplex-chat/apps/multiplatform/common/build/intermediates/packaged_res/release/packageReleaseResources/values-es/values-es.xml:1809:4: Multiple substitutions specified in non-positional format of string resource string/rcv_group_event_n_members_connected. Did you mean to add the formatted="false" attribute?
/Users/forkman03/project/nome/simplex-chat/apps/multiplatform/common/build/intermediates/packaged_res/release/packageReleaseResources/values-cs/values-cs.xml:1789:4: Multiple substitutions specified in non-positional format of string resource string/rcv_group_event_n_members_connected. Did you mean to add the formatted="false" attribute?
/Users/forkman03/project/nome/simplex-chat/apps/multiplatform/common/build/intermediates/packaged_res/release/packageReleaseResources/values-es/values-es.xml:1848:4: Multiple substitutions specified in non-positional format of string resource string/recipient_colon_delivery_status. Did you mean to add the formatted="false" attribute?
/Users/forkman03/project/nome/simplex-chat/apps/multiplatform/common/build/intermediates/packaged_res/release/packageReleaseResources/values-fi/values-fi.xml:950:4: Multiple substitutions specified in non-positional format of string resource string/rcv_group_event_2_members_connected. Did you mean to add the formatted="false" attribute?
/Users/forkman03/project/nome/simplex-chat/apps/multiplatform/common/build/intermediates/packaged_res/release/packageReleaseResources/values-fi/values-fi.xml:951:4: Multiple substitutions specified in non-positional format of string resource string/rcv_group_event_3_members_connected. Did you mean to add the formatted="false" attribute?
/Users/forkman03/project/nome/simplex-chat/apps/multiplatform/common/build/intermediates/packaged_res/release/packageReleaseResources/values-fi/values-fi.xml:952:4: Multiple substitutions specified in non-positional format of string resource string/rcv_group_event_changed_member_role. Did you mean to add the formatted="false" attribute?
/Users/forkman03/project/nome/simplex-chat/apps/multiplatform/common/build/intermediates/packaged_res/release/packageReleaseResources/values-fi/values-fi.xml:959:4: Multiple substitutions specified in non-positional format of string resource string/rcv_group_event_n_members_connected. Did you mean to add the formatted="false" attribute?
/Users/forkman03/project/nome/simplex-chat/apps/multiplatform/common/build/intermediates/packaged_res/release/packageReleaseResources/values-fi/values-fi.xml:989:4: Multiple substitutions specified in non-positional format of string resource string/recipient_colon_delivery_status. Did you mean to add the formatted="false" attribute?
/Users/forkman03/project/nome/simplex-chat/apps/multiplatform/common/build/intermediates/packaged_res/release/packageReleaseResources/values-es/values-es.xml:1913:4: Multiple substitutions specified in non-positional format of string resource string/remote_host_disconnected_from. Did you mean to add the formatted="false" attribute?
/Users/forkman03/project/nome/simplex-chat/apps/multiplatform/common/build/intermediates/packaged_res/release/packageReleaseResources/values-cs/values-cs.xml:1827:4: Multiple substitutions specified in non-positional format of string resource string/recipient_colon_delivery_status. Did you mean to add the formatted="false" attribute?
/Users/forkman03/project/nome/simplex-chat/apps/multiplatform/common/build/intermediates/packaged_res/release/packageReleaseResources/values-fi/values-fi.xml:1066:4: Multiple substitutions specified in non-positional format of string resource string/sender_at_ts. Did you mean to add the formatted="false" attribute?
/Users/forkman03/project/nome/simplex-chat/apps/multiplatform/common/build/intermediates/packaged_res/release/packageReleaseResources/values-fi/values-fi.xml:1200:4: Multiple substitutions specified in non-positional format of string resource string/snd_group_event_changed_member_role. Did you mean to add the formatted="false" attribute?
/Users/forkman03/project/nome/simplex-chat/apps/multiplatform/common/build/intermediates/packaged_res/release/packageReleaseResources/values-fi/values-fi.xml:1268:4: Multiple substitutions specified in non-positional format of string resource string/total_files_count_and_size. Did you mean to add the formatted="false" attribute?
/Users/forkman03/project/nome/simplex-chat/apps/multiplatform/common/build/intermediates/packaged_res/release/packageReleaseResources/values-cs/values-cs.xml:1886:4: Multiple substitutions specified in non-positional format of string resource string/remote_host_disconnected_from. Did you mean to add the formatted="false" attribute?
/Users/forkman03/project/nome/simplex-chat/apps/multiplatform/common/build/intermediates/packaged_res/release/packageReleaseResources/values-es/values-es.xml:2046:4: Multiple substitutions specified in non-positional format of string resource string/sender_at_ts. Did you mean to add the formatted="false" attribute?
/Users/forkman03/project/nome/simplex-chat/apps/multiplatform/common/build/intermediates/packaged_res/release/packageReleaseResources/values-es/values-es.xml:2279:4: Multiple substitutions specified in non-positional format of string resource string/snd_group_event_changed_member_role. Did you mean to add the formatted="false" attribute?
/Users/forkman03/project/nome/simplex-chat/apps/multiplatform/common/build/intermediates/packaged_res/release/packageReleaseResources/values-cs/values-cs.xml:2019:4: Multiple substitutions specified in non-positional format of string resource string/sender_at_ts. Did you mean to add the formatted="false" attribute?
/Users/forkman03/project/nome/simplex-chat/apps/multiplatform/common/build/intermediates/packaged_res/release/packageReleaseResources/values-es/values-es.xml:2384:4: Multiple substitutions specified in non-positional format of string resource string/total_files_count_and_size. Did you mean to add the formatted="false" attribute?
/Users/forkman03/project/nome/simplex-chat/apps/multiplatform/common/build/intermediates/packaged_res/release/packageReleaseResources/values-cs/values-cs.xml:2252:4: Multiple substitutions specified in non-positional format of string resource string/snd_group_event_changed_member_role. Did you mean to add the formatted="false" attribute?
/Users/forkman03/project/nome/simplex-chat/apps/multiplatform/common/build/intermediates/packaged_res/release/packageReleaseResources/values-bg/values-bg.xml:2025:4: Multiple substitutions specified in non-positional format of string resource string/snd_group_event_changed_member_role. Did you mean to add the formatted="false" attribute?
/Users/forkman03/project/nome/simplex-chat/apps/multiplatform/common/build/intermediates/packaged_res/release/packageReleaseResources/values-nl/values-nl.xml:95:4: Multiple substitutions specified in non-positional format of string resource string/app_check_for_updates_button_download. Did you mean to add the formatted="false" attribute?
/Users/forkman03/project/nome/simplex-chat/apps/multiplatform/common/build/intermediates/packaged_res/release/packageReleaseResources/values-bg/values-bg.xml:2124:4: Multiple substitutions specified in non-positional format of string resource string/total_files_count_and_size. Did you mean to add the formatted="false" attribute?
/Users/forkman03/project/nome/simplex-chat/apps/multiplatform/common/build/intermediates/packaged_res/release/packageReleaseResources/values-nl/values-nl.xml:447:4: Multiple substitutions specified in non-positional format of string resource string/core_simplexmq_version. Did you mean to add the formatted="false" attribute?
/Users/forkman03/project/nome/simplex-chat/apps/multiplatform/common/build/intermediates/packaged_res/release/packageReleaseResources/values-nl/values-nl.xml:752:4: Multiple substitutions specified in non-positional format of string resource string/feature_offered_item_with_param. Did you mean to add the formatted="false" attribute?
/Users/forkman03/project/nome/simplex-chat/apps/multiplatform/common/build/intermediates/packaged_res/release/packageReleaseResources/values-nl/values-nl.xml:846:4: Multiple substitutions specified in non-positional format of string resource string/group_members_2. Did you mean to add the formatted="false" attribute?
/Users/forkman03/project/nome/simplex-chat/apps/multiplatform/common/build/intermediates/packaged_res/release/packageReleaseResources/values-nl/values-nl.xml:855:4: Multiple substitutions specified in non-positional format of string resource string/group_members_n. Did you mean to add the formatted="false" attribute?
/Users/forkman03/project/nome/simplex-chat/apps/multiplatform/common/build/intermediates/packaged_res/release/packageReleaseResources/values-cs/values-cs.xml:2357:4: Multiple substitutions specified in non-positional format of string resource string/total_files_count_and_size. Did you mean to add the formatted="false" attribute?
/Users/forkman03/project/nome/simplex-chat/apps/multiplatform/common/build/intermediates/packaged_res/release/packageReleaseResources/values-nl/values-nl.xml:1202:4: Multiple substitutions specified in non-positional format of string resource string/mtr_error_different. Did you mean to add the formatted="false" attribute?
/Users/forkman03/project/nome/simplex-chat/apps/multiplatform/common/build/intermediates/packaged_res/release/packageReleaseResources/values-pt-rBR/values-pt-rBR.xml:92:4: Multiple substitutions specified in non-positional format of string resource string/app_check_for_updates_button_download. Did you mean to add the formatted="false" attribute?
/Users/forkman03/project/nome/simplex-chat/apps/multiplatform/common/build/intermediates/packaged_res/release/packageReleaseResources/values-pt-rBR/values-pt-rBR.xml:428:4: Multiple substitutions specified in non-positional format of string resource string/core_simplexmq_version. Did you mean to add the formatted="false" attribute?
/Users/forkman03/project/nome/simplex-chat/apps/multiplatform/common/build/intermediates/packaged_res/release/packageReleaseResources/values-zh-rCN/values-zh-rCN.xml:111:4: Multiple substitutions specified in non-positional format of string resource string/app_check_for_updates_button_download. Did you mean to add the formatted="false" attribute?
/Users/forkman03/project/nome/simplex-chat/apps/multiplatform/common/build/intermediates/packaged_res/release/packageReleaseResources/values-zh-rCN/values-zh-rCN.xml:563:4: Multiple substitutions specified in non-positional format of string resource string/core_simplexmq_version. Did you mean to add the formatted="false" attribute?
/Users/forkman03/project/nome/simplex-chat/apps/multiplatform/common/build/intermediates/packaged_res/release/packageReleaseResources/values-pt-rBR/values-pt-rBR.xml:728:4: Multiple substitutions specified in non-positional format of string resource string/feature_offered_item_with_param. Did you mean to add the formatted="false" attribute?
/Users/forkman03/project/nome/simplex-chat/apps/multiplatform/common/build/intermediates/packaged_res/release/packageReleaseResources/values-zh-rCN/values-zh-rCN.xml:904:4: Multiple substitutions specified in non-positional format of string resource string/feature_offered_item_with_param. Did you mean to add the formatted="false" attribute?
/Users/forkman03/project/nome/simplex-chat/apps/multiplatform/common/build/intermediates/packaged_res/release/packageReleaseResources/values-pt-rBR/values-pt-rBR.xml:819:4: Multiple substitutions specified in non-positional format of string resource string/group_members_2. Did you mean to add the formatted="false" attribute?
/Users/forkman03/project/nome/simplex-chat/apps/multiplatform/common/build/intermediates/packaged_res/release/packageReleaseResources/values-pt-rBR/values-pt-rBR.xml:828:4: Multiple substitutions specified in non-positional format of string resource string/group_members_n. Did you mean to add the formatted="false" attribute?
/Users/forkman03/project/nome/simplex-chat/apps/multiplatform/common/build/intermediates/packaged_res/release/packageReleaseResources/values-zh-rCN/values-zh-rCN.xml:1004:4: Multiple substitutions specified in non-positional format of string resource string/group_members_2. Did you mean to add the formatted="false" attribute?
/Users/forkman03/project/nome/simplex-chat/apps/multiplatform/common/build/intermediates/packaged_res/release/packageReleaseResources/values-zh-rCN/values-zh-rCN.xml:1021:4: Multiple substitutions specified in non-positional format of string resource string/group_members_n. Did you mean to add the formatted="false" attribute?
/Users/forkman03/project/nome/simplex-chat/apps/multiplatform/common/build/intermediates/packaged_res/release/packageReleaseResources/values-pt-rBR/values-pt-rBR.xml:1169:4: Multiple substitutions specified in non-positional format of string resource string/mtr_error_different. Did you mean to add the formatted="false" attribute?
/Users/forkman03/project/nome/simplex-chat/apps/multiplatform/common/build/intermediates/packaged_res/release/packageReleaseResources/values-zh-rCN/values-zh-rCN.xml:1398:4: Multiple substitutions specified in non-positional format of string resource string/mtr_error_different. Did you mean to add the formatted="false" attribute?
/Users/forkman03/project/nome/simplex-chat/apps/multiplatform/common/build/intermediates/packaged_res/release/packageReleaseResources/values-pt-rBR/values-pt-rBR.xml:1508:4: Multiple substitutions specified in non-positional format of string resource string/rcv_group_event_2_members_connected. Did you mean to add the formatted="false" attribute?
/Users/forkman03/project/nome/simplex-chat/apps/multiplatform/common/build/intermediates/packaged_res/release/packageReleaseResources/values-pt-rBR/values-pt-rBR.xml:1509:4: Multiple substitutions specified in non-positional format of string resource string/rcv_group_event_3_members_connected. Did you mean to add the formatted="false" attribute?
/Users/forkman03/project/nome/simplex-chat/apps/multiplatform/common/build/intermediates/packaged_res/release/packageReleaseResources/values-pt-rBR/values-pt-rBR.xml:1510:4: Multiple substitutions specified in non-positional format of string resource string/rcv_group_event_changed_member_role. Did you mean to add the formatted="false" attribute?
/Users/forkman03/project/nome/simplex-chat/apps/multiplatform/common/build/intermediates/packaged_res/release/packageReleaseResources/values-pt-rBR/values-pt-rBR.xml:1522:4: Multiple substitutions specified in non-positional format of string resource string/rcv_group_event_n_members_connected. Did you mean to add the formatted="false" attribute?
/Users/forkman03/project/nome/simplex-chat/apps/multiplatform/common/build/intermediates/packaged_res/release/packageReleaseResources/values-pt-rBR/values-pt-rBR.xml:1556:4: Multiple substitutions specified in non-positional format of string resource string/recipient_colon_delivery_status. Did you mean to add the formatted="false" attribute?
/Users/forkman03/project/nome/simplex-chat/apps/multiplatform/common/build/intermediates/packaged_res/release/packageReleaseResources/values-zh-rCN/values-zh-rCN.xml:1842:4: Multiple substitutions specified in non-positional format of string resource string/rcv_group_event_2_members_connected. Did you mean to add the formatted="false" attribute?
/Users/forkman03/project/nome/simplex-chat/apps/multiplatform/common/build/intermediates/packaged_res/release/packageReleaseResources/values-pt-rBR/values-pt-rBR.xml:1575:4: Multiple substitutions specified in non-positional format of string resource string/remote_host_disconnected_from. Did you mean to add the formatted="false" attribute?
/Users/forkman03/project/nome/simplex-chat/apps/multiplatform/common/build/intermediates/packaged_res/release/packageReleaseResources/values-pt-rBR/values-pt-rBR.xml:1699:4: Multiple substitutions specified in non-positional format of string resource string/sender_at_ts. Did you mean to add the formatted="false" attribute?
/Users/forkman03/project/nome/simplex-chat/apps/multiplatform/common/build/intermediates/packaged_res/release/packageReleaseResources/values-pt-rBR/values-pt-rBR.xml:1910:4: Multiple substitutions specified in non-positional format of string resource string/snd_group_event_changed_member_role. Did you mean to add the formatted="false" attribute?
/Users/forkman03/project/nome/simplex-chat/apps/multiplatform/common/build/intermediates/packaged_res/release/packageReleaseResources/values-pt-rBR/values-pt-rBR.xml:2003:4: Multiple substitutions specified in non-positional format of string resource string/total_files_count_and_size. Did you mean to add the formatted="false" attribute?
/Users/forkman03/project/nome/simplex-chat/apps/multiplatform/common/build/intermediates/packaged_res/release/packageReleaseResources/values-ja/values-ja.xml:89:4: Multiple substitutions specified in non-positional format of string resource string/app_check_for_updates_button_download. Did you mean to add the formatted="false" attribute?
/Users/forkman03/project/nome/simplex-chat/apps/multiplatform/common/build/intermediates/packaged_res/release/packageReleaseResources/values-ja/values-ja.xml:384:4: Multiple substitutions specified in non-positional format of string resource string/core_simplexmq_version. Did you mean to add the formatted="false" attribute?
/Users/forkman03/project/nome/simplex-chat/apps/multiplatform/common/build/intermediates/packaged_res/release/packageReleaseResources/values-ja/values-ja.xml:659:4: Multiple substitutions specified in non-positional format of string resource string/feature_offered_item_with_param. Did you mean to add the formatted="false" attribute?
/Users/forkman03/project/nome/simplex-chat/apps/multiplatform/common/build/intermediates/packaged_res/release/packageReleaseResources/values-ja/values-ja.xml:737:4: Multiple substitutions specified in non-positional format of string resource string/group_members_2. Did you mean to add the formatted="false" attribute?
/Users/forkman03/project/nome/simplex-chat/apps/multiplatform/common/build/intermediates/packaged_res/release/packageReleaseResources/values-ja/values-ja.xml:745:4: Multiple substitutions specified in non-positional format of string resource string/group_members_n. Did you mean to add the formatted="false" attribute?
/Users/forkman03/project/nome/simplex-chat/apps/multiplatform/common/build/intermediates/packaged_res/release/packageReleaseResources/values-ja/values-ja.xml:1047:4: Multiple substitutions specified in non-positional format of string resource string/mtr_error_different. Did you mean to add the formatted="false" attribute?
/Users/forkman03/project/nome/simplex-chat/apps/multiplatform/common/build/intermediates/packaged_res/release/packageReleaseResources/values-ja/values-ja.xml:1303:4: Multiple substitutions specified in non-positional format of string resource string/rcv_group_event_2_members_connected. Did you mean to add the formatted="false" attribute?
/Users/forkman03/project/nome/simplex-chat/apps/multiplatform/common/build/intermediates/packaged_res/release/packageReleaseResources/values-ja/values-ja.xml:1304:4: Multiple substitutions specified in non-positional format of string resource string/rcv_group_event_3_members_connected. Did you mean to add the formatted="false" attribute?
/Users/forkman03/project/nome/simplex-chat/apps/multiplatform/common/build/intermediates/packaged_res/release/packageReleaseResources/values-ja/values-ja.xml:1305:4: Multiple substitutions specified in non-positional format of string resource string/rcv_group_event_changed_member_role. Did you mean to add the formatted="false" attribute?
/Users/forkman03/project/nome/simplex-chat/apps/multiplatform/common/build/intermediates/packaged_res/release/packageReleaseResources/values-ja/values-ja.xml:1316:4: Multiple substitutions specified in non-positional format of string resource string/rcv_group_event_n_members_connected. Did you mean to add the formatted="false" attribute?
/Users/forkman03/project/nome/simplex-chat/apps/multiplatform/common/build/intermediates/packaged_res/release/packageReleaseResources/values-ja/values-ja.xml:1349:4: Multiple substitutions specified in non-positional format of string resource string/recipient_colon_delivery_status. Did you mean to add the formatted="false" attribute?
/Users/forkman03/project/nome/simplex-chat/apps/multiplatform/common/build/intermediates/packaged_res/release/packageReleaseResources/values-ja/values-ja.xml:1366:4: Multiple substitutions specified in non-positional format of string resource string/remote_host_disconnected_from. Did you mean to add the formatted="false" attribute?
/Users/forkman03/project/nome/simplex-chat/apps/multiplatform/common/build/intermediates/packaged_res/release/packageReleaseResources/values-ja/values-ja.xml:1470:4: Multiple substitutions specified in non-positional format of string resource string/sender_at_ts. Did you mean to add the formatted="false" attribute?
/Users/forkman03/project/nome/simplex-chat/apps/multiplatform/common/build/intermediates/packaged_res/release/packageReleaseResources/values-ja/values-ja.xml:1647:4: Multiple substitutions specified in non-positional format of string resource string/snd_group_event_changed_member_role. Did you mean to add the formatted="false" attribute?
/Users/forkman03/project/nome/simplex-chat/apps/multiplatform/common/build/intermediates/packaged_res/release/packageReleaseResources/values-ja/values-ja.xml:1727:4: Multiple substitutions specified in non-positional format of string resource string/total_files_count_and_size. Did you mean to add the formatted="false" attribute?
/Users/forkman03/project/nome/simplex-chat/apps/multiplatform/common/build/intermediates/packaged_res/release/packageReleaseResources/values-fa/values-fa.xml:99:4: Multiple substitutions specified in non-positional format of string resource string/app_check_for_updates_button_download. Did you mean to add the formatted="false" attribute?
/Users/forkman03/project/nome/simplex-chat/apps/multiplatform/common/build/intermediates/packaged_res/release/packageReleaseResources/values-fa/values-fa.xml:477:4: Multiple substitutions specified in non-positional format of string resource string/core_simplexmq_version. Did you mean to add the formatted="false" attribute?
/Users/forkman03/project/nome/simplex-chat/apps/multiplatform/common/build/intermediates/packaged_res/release/packageReleaseResources/values-fa/values-fa.xml:788:4: Multiple substitutions specified in non-positional format of string resource string/feature_offered_item_with_param. Did you mean to add the formatted="false" attribute?
/Users/forkman03/project/nome/simplex-chat/apps/multiplatform/common/build/intermediates/packaged_res/release/packageReleaseResources/values-fa/values-fa.xml:884:4: Multiple substitutions specified in non-positional format of string resource string/group_members_2. Did you mean to add the formatted="false" attribute?
/Users/forkman03/project/nome/simplex-chat/apps/multiplatform/common/build/intermediates/packaged_res/release/packageReleaseResources/values-fa/values-fa.xml:893:4: Multiple substitutions specified in non-positional format of string resource string/group_members_n. Did you mean to add the formatted="false" attribute?
/Users/forkman03/project/nome/simplex-chat/apps/multiplatform/common/build/intermediates/packaged_res/release/packageReleaseResources/values-fa/values-fa.xml:1244:4: Multiple substitutions specified in non-positional format of string resource string/mtr_error_different. Did you mean to add the formatted="false" attribute?
/Users/forkman03/project/nome/simplex-chat/apps/multiplatform/common/build/intermediates/packaged_res/release/packageReleaseResources/values-fa/values-fa.xml:1602:4: Multiple substitutions specified in non-positional format of string resource string/rcv_group_event_2_members_connected. Did you mean to add the formatted="false" attribute?
/Users/forkman03/project/nome/simplex-chat/apps/multiplatform/common/build/intermediates/packaged_res/release/packageReleaseResources/values-fa/values-fa.xml:1603:4: Multiple substitutions specified in non-positional format of string resource string/rcv_group_event_3_members_connected. Did you mean to add the formatted="false" attribute?

> Task :android:packageReleaseResources
> Task :android:createReleaseCompatibleScreenManifests
> Task :android:processReleaseManifest
> Task :common:generateAndroidReleaseNonAndroidBuildConfig SKIPPED
> Task :android:javaPreCompileRelease
> Task :common:parseReleaseLocalResources
> Task :common:mergeReleaseJniLibFolders
> Task :android:parseReleaseLocalResources
> Task :common:mergeReleaseNativeLibs NO-SOURCE
> Task :common:stripReleaseDebugSymbols NO-SOURCE
> Task :common:extractDeepLinksForAarRelease
> Task :common:mergeReleaseShaders
> Task :common:compileReleaseShaders NO-SOURCE
> Task :common:generateReleaseAssets UP-TO-DATE
> Task :common:releaseAssetsCopyForAGP NO-SOURCE
> Task :common:packageReleaseAssets
> Task :common:prepareReleaseArtProfile
> Task :common:writeReleaseLintModelMetadata
> Task :android:configureCMakeRelWithDebInfo[arm64-v8a]
> Task :android:buildCMakeRelWithDebInfo[arm64-v8a]
> Task :android:configureCMakeRelWithDebInfo[armeabi-v7a]
> Task :android:buildCMakeRelWithDebInfo[armeabi-v7a]
> Task :common:copyReleaseJniLibsProjectAndLocalJars
> Task :android:mergeReleaseJniLibFolders
> Task :common:copyReleaseJniLibsProjectOnly
> Task :common:generateReleaseRFile
> Task :common:javaPreCompileRelease
> Task :android:checkReleaseDuplicateClasses
> Task :android:desugarReleaseFileDependencies
> Task :android:mergeReleaseStartupProfile

> Task :android:mergeReleaseResources
/Users/forkman03/project/nome/simplex-chat/apps/multiplatform/common/build/intermediates/packaged_res/release/packageReleaseResources/values-fa/values-fa.xml:1604:4: Multiple substitutions specified in non-positional format of string resource string/rcv_group_event_changed_member_role. Did you mean to add the formatted="false" attribute?
/Users/forkman03/project/nome/simplex-chat/apps/multiplatform/common/build/intermediates/packaged_res/release/packageReleaseResources/values-fa/values-fa.xml:1616:4: Multiple substitutions specified in non-positional format of string resource string/rcv_group_event_n_members_connected. Did you mean to add the formatted="false" attribute?
/Users/forkman03/project/nome/simplex-chat/apps/multiplatform/common/build/intermediates/packaged_res/release/packageReleaseResources/values-fa/values-fa.xml:1651:4: Multiple substitutions specified in non-positional format of string resource string/recipient_colon_delivery_status. Did you mean to add the formatted="false" attribute?
/Users/forkman03/project/nome/simplex-chat/apps/multiplatform/common/build/intermediates/packaged_res/release/packageReleaseResources/values-fa/values-fa.xml:1673:4: Multiple substitutions specified in non-positional format of string resource string/remote_host_disconnected_from. Did you mean to add the formatted="false" attribute?
/Users/forkman03/project/nome/simplex-chat/apps/multiplatform/common/build/intermediates/packaged_res/release/packageReleaseResources/values-fa/values-fa.xml:1802:4: Multiple substitutions specified in non-positional format of string resource string/sender_at_ts. Did you mean to add the formatted="false" attribute?
/Users/forkman03/project/nome/simplex-chat/apps/multiplatform/common/build/intermediates/packaged_res/release/packageReleaseResources/values-nl/values-nl.xml:1546:4: Multiple substitutions specified in non-positional format of string resource string/rcv_group_event_2_members_connected. Did you mean to add the formatted="false" attribute?
/Users/forkman03/project/nome/simplex-chat/apps/multiplatform/common/build/intermediates/packaged_res/release/packageReleaseResources/values-fa/values-fa.xml:2029:4: Multiple substitutions specified in non-positional format of string resource string/snd_group_event_changed_member_role. Did you mean to add the formatted="false" attribute?
/Users/forkman03/project/nome/simplex-chat/apps/multiplatform/common/build/intermediates/packaged_res/release/packageReleaseResources/values-nl/values-nl.xml:1547:4: Multiple substitutions specified in non-positional format of string resource string/rcv_group_event_3_members_connected. Did you mean to add the formatted="false" attribute?
/Users/forkman03/project/nome/simplex-chat/apps/multiplatform/common/build/intermediates/packaged_res/release/packageReleaseResources/values-nl/values-nl.xml:1548:4: Multiple substitutions specified in non-positional format of string resource string/rcv_group_event_changed_member_role. Did you mean to add the formatted="false" attribute?
/Users/forkman03/project/nome/simplex-chat/apps/multiplatform/common/build/intermediates/packaged_res/release/packageReleaseResources/values-nl/values-nl.xml:1560:4: Multiple substitutions specified in non-positional format of string resource string/rcv_group_event_n_members_connected. Did you mean to add the formatted="false" attribute?
/Users/forkman03/project/nome/simplex-chat/apps/multiplatform/common/build/intermediates/packaged_res/release/packageReleaseResources/values-nl/values-nl.xml:1595:4: Multiple substitutions specified in non-positional format of string resource string/recipient_colon_delivery_status. Did you mean to add the formatted="false" attribute?
/Users/forkman03/project/nome/simplex-chat/apps/multiplatform/common/build/intermediates/packaged_res/release/packageReleaseResources/values-nl/values-nl.xml:1616:4: Multiple substitutions specified in non-positional format of string resource string/remote_host_disconnected_from. Did you mean to add the formatted="false" attribute?
/Users/forkman03/project/nome/simplex-chat/apps/multiplatform/common/build/intermediates/packaged_res/release/packageReleaseResources/values-zh-rCN/values-zh-rCN.xml:1843:4: Multiple substitutions specified in non-positional format of string resource string/rcv_group_event_3_members_connected. Did you mean to add the formatted="false" attribute?
/Users/forkman03/project/nome/simplex-chat/apps/multiplatform/common/build/intermediates/packaged_res/release/packageReleaseResources/values-nl/values-nl.xml:1744:4: Multiple substitutions specified in non-positional format of string resource string/sender_at_ts. Did you mean to add the formatted="false" attribute?
/Users/forkman03/project/nome/simplex-chat/apps/multiplatform/common/build/intermediates/packaged_res/release/packageReleaseResources/values-zh-rCN/values-zh-rCN.xml:1844:4: Multiple substitutions specified in non-positional format of string resource string/rcv_group_event_changed_member_role. Did you mean to add the formatted="false" attribute?
/Users/forkman03/project/nome/simplex-chat/apps/multiplatform/common/build/intermediates/packaged_res/release/packageReleaseResources/values-nl/values-nl.xml:1959:4: Multiple substitutions specified in non-positional format of string resource string/snd_group_event_changed_member_role. Did you mean to add the formatted="false" attribute?
/Users/forkman03/project/nome/simplex-chat/apps/multiplatform/common/build/intermediates/packaged_res/release/packageReleaseResources/values-zh-rCN/values-zh-rCN.xml:1856:4: Multiple substitutions specified in non-positional format of string resource string/rcv_group_event_n_members_connected. Did you mean to add the formatted="false" attribute?
/Users/forkman03/project/nome/simplex-chat/apps/multiplatform/common/build/intermediates/packaged_res/release/packageReleaseResources/values-zh-rCN/values-zh-rCN.xml:1895:4: Multiple substitutions specified in non-positional format of string resource string/recipient_colon_delivery_status. Did you mean to add the formatted="false" attribute?
/Users/forkman03/project/nome/simplex-chat/apps/multiplatform/common/build/intermediates/packaged_res/release/packageReleaseResources/values-nl/values-nl.xml:2055:4: Multiple substitutions specified in non-positional format of string resource string/total_files_count_and_size. Did you mean to add the formatted="false" attribute?
/Users/forkman03/project/nome/simplex-chat/apps/multiplatform/common/build/intermediates/packaged_res/release/packageReleaseResources/values-zh-rCN/values-zh-rCN.xml:1961:4: Multiple substitutions specified in non-positional format of string resource string/remote_host_disconnected_from. Did you mean to add the formatted="false" attribute?
/Users/forkman03/project/nome/simplex-chat/apps/multiplatform/common/build/intermediates/packaged_res/release/packageReleaseResources/values-zh-rCN/values-zh-rCN.xml:2094:4: Multiple substitutions specified in non-positional format of string resource string/sender_at_ts. Did you mean to add the formatted="false" attribute?
/Users/forkman03/project/nome/simplex-chat/apps/multiplatform/common/build/intermediates/packaged_res/release/packageReleaseResources/values-zh-rCN/values-zh-rCN.xml:2327:4: Multiple substitutions specified in non-positional format of string resource string/snd_group_event_changed_member_role. Did you mean to add the formatted="false" attribute?
/Users/forkman03/project/nome/simplex-chat/apps/multiplatform/common/build/intermediates/packaged_res/release/packageReleaseResources/values-zh-rCN/values-zh-rCN.xml:2432:4: Multiple substitutions specified in non-positional format of string resource string/total_files_count_and_size. Did you mean to add the formatted="false" attribute?
/Users/forkman03/project/nome/simplex-chat/apps/multiplatform/common/build/intermediates/packaged_res/release/packageReleaseResources/values-vi/values-vi.xml:95:4: Multiple substitutions specified in non-positional format of string resource string/app_check_for_updates_button_download. Did you mean to add the formatted="false" attribute?
/Users/forkman03/project/nome/simplex-chat/apps/multiplatform/common/build/intermediates/packaged_res/release/packageReleaseResources/values-vi/values-vi.xml:442:4: Multiple substitutions specified in non-positional format of string resource string/core_simplexmq_version. Did you mean to add the formatted="false" attribute?
/Users/forkman03/project/nome/simplex-chat/apps/multiplatform/common/build/intermediates/packaged_res/release/packageReleaseResources/values-vi/values-vi.xml:746:4: Multiple substitutions specified in non-positional format of string resource string/feature_offered_item_with_param. Did you mean to add the formatted="false" attribute?
/Users/forkman03/project/nome/simplex-chat/apps/multiplatform/common/build/intermediates/packaged_res/release/packageReleaseResources/values-vi/values-vi.xml:840:4: Multiple substitutions specified in non-positional format of string resource string/group_members_2. Did you mean to add the formatted="false" attribute?
/Users/forkman03/project/nome/simplex-chat/apps/multiplatform/common/build/intermediates/packaged_res/release/packageReleaseResources/values-vi/values-vi.xml:849:4: Multiple substitutions specified in non-positional format of string resource string/group_members_n. Did you mean to add the formatted="false" attribute?
/Users/forkman03/project/nome/simplex-chat/apps/multiplatform/common/build/intermediates/packaged_res/release/packageReleaseResources/values-vi/values-vi.xml:1196:4: Multiple substitutions specified in non-positional format of string resource string/mtr_error_different. Did you mean to add the formatted="false" attribute?
/Users/forkman03/project/nome/simplex-chat/apps/multiplatform/common/build/intermediates/packaged_res/release/packageReleaseResources/values-vi/values-vi.xml:1539:4: Multiple substitutions specified in non-positional format of string resource string/rcv_group_event_2_members_connected. Did you mean to add the formatted="false" attribute?
/Users/forkman03/project/nome/simplex-chat/apps/multiplatform/common/build/intermediates/packaged_res/release/packageReleaseResources/values-vi/values-vi.xml:1540:4: Multiple substitutions specified in non-positional format of string resource string/rcv_group_event_3_members_connected. Did you mean to add the formatted="false" attribute?
/Users/forkman03/project/nome/simplex-chat/apps/multiplatform/common/build/intermediates/packaged_res/release/packageReleaseResources/values-vi/values-vi.xml:1541:4: Multiple substitutions specified in non-positional format of string resource string/rcv_group_event_changed_member_role. Did you mean to add the formatted="false" attribute?
/Users/forkman03/project/nome/simplex-chat/apps/multiplatform/common/build/intermediates/packaged_res/release/packageReleaseResources/values-vi/values-vi.xml:1553:4: Multiple substitutions specified in non-positional format of string resource string/rcv_group_event_n_members_connected. Did you mean to add the formatted="false" attribute?
/Users/forkman03/project/nome/simplex-chat/apps/multiplatform/common/build/intermediates/packaged_res/release/packageReleaseResources/values-vi/values-vi.xml:1588:4: Multiple substitutions specified in non-positional format of string resource string/recipient_colon_delivery_status. Did you mean to add the formatted="false" attribute?
/Users/forkman03/project/nome/simplex-chat/apps/multiplatform/common/build/intermediates/packaged_res/release/packageReleaseResources/values-vi/values-vi.xml:1609:4: Multiple substitutions specified in non-positional format of string resource string/remote_host_disconnected_from. Did you mean to add the formatted="false" attribute?
/Users/forkman03/project/nome/simplex-chat/apps/multiplatform/common/build/intermediates/packaged_res/release/packageReleaseResources/values-vi/values-vi.xml:1737:4: Multiple substitutions specified in non-positional format of string resource string/sender_at_ts. Did you mean to add the formatted="false" attribute?
/Users/forkman03/project/nome/simplex-chat/apps/multiplatform/common/build/intermediates/packaged_res/release/packageReleaseResources/values-vi/values-vi.xml:1951:4: Multiple substitutions specified in non-positional format of string resource string/snd_group_event_changed_member_role. Did you mean to add the formatted="false" attribute?
/Users/forkman03/project/nome/simplex-chat/apps/multiplatform/common/build/intermediates/packaged_res/release/packageReleaseResources/values-vi/values-vi.xml:2047:4: Multiple substitutions specified in non-positional format of string resource string/total_files_count_and_size. Did you mean to add the formatted="false" attribute?
/Users/forkman03/project/nome/simplex-chat/apps/multiplatform/common/build/intermediates/packaged_res/release/packageReleaseResources/values-ro/values-ro.xml:99:4: Multiple substitutions specified in non-positional format of string resource string/app_check_for_updates_button_download. Did you mean to add the formatted="false" attribute?
/Users/forkman03/project/nome/simplex-chat/apps/multiplatform/common/build/intermediates/packaged_res/release/packageReleaseResources/values-ro/values-ro.xml:475:4: Multiple substitutions specified in non-positional format of string resource string/core_simplexmq_version. Did you mean to add the formatted="false" attribute?
/Users/forkman03/project/nome/simplex-chat/apps/multiplatform/common/build/intermediates/packaged_res/release/packageReleaseResources/values-ro/values-ro.xml:786:4: Multiple substitutions specified in non-positional format of string resource string/feature_offered_item_with_param. Did you mean to add the formatted="false" attribute?
/Users/forkman03/project/nome/simplex-chat/apps/multiplatform/common/build/intermediates/packaged_res/release/packageReleaseResources/values-ro/values-ro.xml:882:4: Multiple substitutions specified in non-positional format of string resource string/group_members_2. Did you mean to add the formatted="false" attribute?
/Users/forkman03/project/nome/simplex-chat/apps/multiplatform/common/build/intermediates/packaged_res/release/packageReleaseResources/values-ro/values-ro.xml:891:4: Multiple substitutions specified in non-positional format of string resource string/group_members_n. Did you mean to add the formatted="false" attribute?
/Users/forkman03/project/nome/simplex-chat/apps/multiplatform/common/build/intermediates/packaged_res/release/packageReleaseResources/values-ro/values-ro.xml:1242:4: Multiple substitutions specified in non-positional format of string resource string/mtr_error_different. Did you mean to add the formatted="false" attribute?
/Users/forkman03/project/nome/simplex-chat/apps/multiplatform/common/build/intermediates/packaged_res/release/packageReleaseResources/values-ro/values-ro.xml:1598:4: Multiple substitutions specified in non-positional format of string resource string/rcv_group_event_2_members_connected. Did you mean to add the formatted="false" attribute?
/Users/forkman03/project/nome/simplex-chat/apps/multiplatform/common/build/intermediates/packaged_res/release/packageReleaseResources/values-ro/values-ro.xml:1599:4: Multiple substitutions specified in non-positional format of string resource string/rcv_group_event_3_members_connected. Did you mean to add the formatted="false" attribute?
/Users/forkman03/project/nome/simplex-chat/apps/multiplatform/common/build/intermediates/packaged_res/release/packageReleaseResources/values-ro/values-ro.xml:1600:4: Multiple substitutions specified in non-positional format of string resource string/rcv_group_event_changed_member_role. Did you mean to add the formatted="false" attribute?
/Users/forkman03/project/nome/simplex-chat/apps/multiplatform/common/build/intermediates/packaged_res/release/packageReleaseResources/values-ro/values-ro.xml:1612:4: Multiple substitutions specified in non-positional format of string resource string/rcv_group_event_n_members_connected. Did you mean to add the formatted="false" attribute?
/Users/forkman03/project/nome/simplex-chat/apps/multiplatform/common/build/intermediates/packaged_res/release/packageReleaseResources/values-ro/values-ro.xml:1647:4: Multiple substitutions specified in non-positional format of string resource string/recipient_colon_delivery_status. Did you mean to add the formatted="false" attribute?
/Users/forkman03/project/nome/simplex-chat/apps/multiplatform/common/build/intermediates/packaged_res/release/packageReleaseResources/values-ro/values-ro.xml:1669:4: Multiple substitutions specified in non-positional format of string resource string/remote_host_disconnected_from. Did you mean to add the formatted="false" attribute?
/Users/forkman03/project/nome/simplex-chat/apps/multiplatform/common/build/intermediates/packaged_res/release/packageReleaseResources/values-ro/values-ro.xml:1798:4: Multiple substitutions specified in non-positional format of string resource string/sender_at_ts. Did you mean to add the formatted="false" attribute?
/Users/forkman03/project/nome/simplex-chat/apps/multiplatform/common/build/intermediates/packaged_res/release/packageReleaseResources/values-ro/values-ro.xml:2024:4: Multiple substitutions specified in non-positional format of string resource string/snd_group_event_changed_member_role. Did you mean to add the formatted="false" attribute?
/Users/forkman03/project/nome/simplex-chat/apps/multiplatform/common/build/intermediates/packaged_res/release/packageReleaseResources/values-ro/values-ro.xml:2123:4: Multiple substitutions specified in non-positional format of string resource string/total_files_count_and_size. Did you mean to add the formatted="false" attribute?
/Users/forkman03/project/nome/simplex-chat/apps/multiplatform/common/build/intermediates/packaged_res/release/packageReleaseResources/values-fa/values-fa.xml:2128:4: Multiple substitutions specified in non-positional format of string resource string/total_files_count_and_size. Did you mean to add the formatted="false" attribute?
/Users/forkman03/project/nome/simplex-chat/apps/multiplatform/common/build/intermediates/packaged_res/release/packageReleaseResources/values-th/values-th.xml:226:4: Multiple substitutions specified in non-positional format of string resource string/core_simplexmq_version. Did you mean to add the formatted="false" attribute?
/Users/forkman03/project/nome/simplex-chat/apps/multiplatform/common/build/intermediates/packaged_res/release/packageReleaseResources/values-th/values-th.xml:420:4: Multiple substitutions specified in non-positional format of string resource string/feature_offered_item_with_param. Did you mean to add the formatted="false" attribute?
/Users/forkman03/project/nome/simplex-chat/apps/multiplatform/common/build/intermediates/packaged_res/release/packageReleaseResources/values-th/values-th.xml:689:4: Multiple substitutions specified in non-positional format of string resource string/mtr_error_different. Did you mean to add the formatted="false" attribute?
/Users/forkman03/project/nome/simplex-chat/apps/multiplatform/common/build/intermediates/packaged_res/release/packageReleaseResources/values-th/values-th.xml:832:4: Multiple substitutions specified in non-positional format of string resource string/rcv_group_event_changed_member_role. Did you mean to add the formatted="false" attribute?
/Users/forkman03/project/nome/simplex-chat/apps/multiplatform/common/build/intermediates/packaged_res/release/packageReleaseResources/values-th/values-th.xml:867:4: Multiple substitutions specified in non-positional format of string resource string/recipient_colon_delivery_status. Did you mean to add the formatted="false" attribute?
/Users/forkman03/project/nome/simplex-chat/apps/multiplatform/common/build/intermediates/packaged_res/release/packageReleaseResources/values-th/values-th.xml:937:4: Multiple substitutions specified in non-positional format of string resource string/sender_at_ts. Did you mean to add the formatted="false" attribute?
/Users/forkman03/project/nome/simplex-chat/apps/multiplatform/common/build/intermediates/packaged_res/release/packageReleaseResources/values-th/values-th.xml:1056:4: Multiple substitutions specified in non-positional format of string resource string/snd_group_event_changed_member_role. Did you mean to add the formatted="false" attribute?
/Users/forkman03/project/nome/simplex-chat/apps/multiplatform/common/build/intermediates/packaged_res/release/packageReleaseResources/values-th/values-th.xml:1113:4: Multiple substitutions specified in non-positional format of string resource string/total_files_count_and_size. Did you mean to add the formatted="false" attribute?
/Users/forkman03/project/nome/simplex-chat/apps/multiplatform/common/build/intermediates/packaged_res/release/packageReleaseResources/values-fr/values-fr.xml:92:4: Multiple substitutions specified in non-positional format of string resource string/app_check_for_updates_button_download. Did you mean to add the formatted="false" attribute?
/Users/forkman03/project/nome/simplex-chat/apps/multiplatform/common/build/intermediates/packaged_res/release/packageReleaseResources/values-fr/values-fr.xml:445:4: Multiple substitutions specified in non-positional format of string resource string/core_simplexmq_version. Did you mean to add the formatted="false" attribute?
/Users/forkman03/project/nome/simplex-chat/apps/multiplatform/common/build/intermediates/packaged_res/release/packageReleaseResources/values-fr/values-fr.xml:754:4: Multiple substitutions specified in non-positional format of string resource string/feature_offered_item_with_param. Did you mean to add the formatted="false" attribute?
/Users/forkman03/project/nome/simplex-chat/apps/multiplatform/common/build/intermediates/packaged_res/release/packageReleaseResources/values-fr/values-fr.xml:846:4: Multiple substitutions specified in non-positional format of string resource string/group_members_2. Did you mean to add the formatted="false" attribute?
/Users/forkman03/project/nome/simplex-chat/apps/multiplatform/common/build/intermediates/packaged_res/release/packageReleaseResources/values-fr/values-fr.xml:855:4: Multiple substitutions specified in non-positional format of string resource string/group_members_n. Did you mean to add the formatted="false" attribute?
/Users/forkman03/project/nome/simplex-chat/apps/multiplatform/common/build/intermediates/packaged_res/release/packageReleaseResources/values-fr/values-fr.xml:1201:4: Multiple substitutions specified in non-positional format of string resource string/mtr_error_different. Did you mean to add the formatted="false" attribute?
/Users/forkman03/project/nome/simplex-chat/apps/multiplatform/common/build/intermediates/packaged_res/release/packageReleaseResources/values-fr/values-fr.xml:1538:4: Multiple substitutions specified in non-positional format of string resource string/rcv_group_event_2_members_connected. Did you mean to add the formatted="false" attribute?
/Users/forkman03/project/nome/simplex-chat/apps/multiplatform/common/build/intermediates/packaged_res/release/packageReleaseResources/values-fr/values-fr.xml:1539:4: Multiple substitutions specified in non-positional format of string resource string/rcv_group_event_3_members_connected. Did you mean to add the formatted="false" attribute?
/Users/forkman03/project/nome/simplex-chat/apps/multiplatform/common/build/intermediates/packaged_res/release/packageReleaseResources/values-fr/values-fr.xml:1540:4: Multiple substitutions specified in non-positional format of string resource string/rcv_group_event_changed_member_role. Did you mean to add the formatted="false" attribute?
/Users/forkman03/project/nome/simplex-chat/apps/multiplatform/common/build/intermediates/packaged_res/release/packageReleaseResources/values-fr/values-fr.xml:1551:4: Multiple substitutions specified in non-positional format of string resource string/rcv_group_event_n_members_connected. Did you mean to add the formatted="false" attribute?
/Users/forkman03/project/nome/simplex-chat/apps/multiplatform/common/build/intermediates/packaged_res/release/packageReleaseResources/values-fr/values-fr.xml:1585:4: Multiple substitutions specified in non-positional format of string resource string/recipient_colon_delivery_status. Did you mean to add the formatted="false" attribute?
/Users/forkman03/project/nome/simplex-chat/apps/multiplatform/common/build/intermediates/packaged_res/release/packageReleaseResources/values-fr/values-fr.xml:1615:4: Multiple substitutions specified in non-positional format of string resource string/remote_host_disconnected_from. Did you mean to add the formatted="false" attribute?
/Users/forkman03/project/nome/simplex-chat/apps/multiplatform/common/build/intermediates/packaged_res/release/packageReleaseResources/values-fr/values-fr.xml:1740:4: Multiple substitutions specified in non-positional format of string resource string/sender_at_ts. Did you mean to add the formatted="false" attribute?
/Users/forkman03/project/nome/simplex-chat/apps/multiplatform/common/build/intermediates/packaged_res/release/packageReleaseResources/values-fr/values-fr.xml:1961:4: Multiple substitutions specified in non-positional format of string resource string/snd_group_event_changed_member_role. Did you mean to add the formatted="false" attribute?
/Users/forkman03/project/nome/simplex-chat/apps/multiplatform/common/build/intermediates/packaged_res/release/packageReleaseResources/values-fr/values-fr.xml:2057:4: Multiple substitutions specified in non-positional format of string resource string/total_files_count_and_size. Did you mean to add the formatted="false" attribute?

> Task :common:compileReleaseLibraryResources
> Task :android:mergeReleaseShaders
> Task :android:compileReleaseShaders NO-SOURCE
> Task :android:generateReleaseAssets UP-TO-DATE
> Task :android:mergeReleaseAssets
> Task :android:mergeReleaseArtProfile
> Task :android:compressReleaseAssets
> Task :android:extractReleaseVersionControlInfo
> Task :android:collectReleaseDependencies
> Task :android:sdkReleaseDependencyData
> Task :android:writeReleaseAppMetadata
> Task :android:writeReleaseSigningConfigVersions
> Task :android:processReleaseManifestForPackage
> Task :android:mergeReleaseNativeLibs
> Task :android:stripReleaseDebugSymbols
> Task :android:extractReleaseNativeSymbolTables
> Task :android:mergeReleaseNativeDebugMetadata NO-SOURCE
> Task :android:processReleaseResources
> Task :android:mergeExtDexDebug
> Task :android:optimizeReleaseResources
> Task :android:mergeExtDexRelease
> Task :common:compileDebugKotlinAndroid
> Task :common:compileReleaseKotlinAndroid

> Task :common:compileReleaseKotlinAndroid FAILED
