> Task :common:checkKotlinGradlePluginConfigurationErrors SKIPPED
> Task :common:convertXmlValueResourcesForCommonMain NO-SOURCE
> Task :common:copyNonXmlValueResourcesForCommonMain NO-SOURCE
> Task :common:prepareComposeResourcesTaskForCommonMain NO-SOURCE
> Task :common:generateResourceAccessorsForCommonMain SKIPPED
> Task :common:convertXmlValueResourcesForDesktopMain NO-SOURCE
> Task :common:copyNonXmlValueResourcesForDesktopMain NO-SOURCE
> Task :common:prepareComposeResourcesTaskForDesktopMain NO-SOURCE
> Task :common:generateResourceAccessorsForDesktopMain SKIPPED
> Task :common:generateActualResourceCollectorsForDesktopMain SKIPPED
> Task :common:generateComposeResClass SKIPPED
> Task :common:generateDesktopMainNonAndroidBuildConfig SKIPPED
> Task :common:generateExpectResourceCollectorsForCommonMain SKIPPED
> Task :common:adjustFormatting
> Task :common:cleanSimplexAssets UP-TO-DATE
> Task :common:generateMRcommonMain
> Task :common:generateMRdesktopMain
> Task :common:generateNonAndroidBuildConfig
> Task :common:assembleDesktopMainResources
> Task :common:desktopProcessResources
> Task :common:processDesktopMainResources SKIPPED
> Task :common:generateDesktopTestNonAndroidBuildConfig SKIPPED
> Task :common:convertXmlValueResourcesForCommonTest NO-SOURCE
> Task :common:copyNonXmlValueResourcesForCommonTest NO-SOURCE
> Task :common:prepareComposeResourcesTaskForCommonTest NO-SOURCE
> Task :common:generateResourceAccessorsForCommonTest SKIPPED
> Task :common:convertXmlValueResourcesForDesktopTest NO-SOURCE
> Task :common:copyNonXmlValueResourcesForDesktopTest NO-SOURCE
> Task :common:prepareComposeResourcesTaskForDesktopTest NO-SOURCE
> Task :common:generateResourceAccessorsForDesktopTest SKIPPED
> Task :common:generateTestNonAndroidBuildConfig SKIPPED
> Task :common:assembleDesktopTestResources
> Task :common:desktopTestProcessResources
> Task :common:processDesktopTestResources SKIPPED
> Task :android:checkKotlinGradlePluginConfigurationErrors SKIPPED
> Task :android:preBuild UP-TO-DATE
> Task :android:preDebugBuild UP-TO-DATE
> Task :android:generateDebugBuildConfig
> Task :common:preBuild UP-TO-DATE
> Task :common:preDebugBuild UP-TO-DATE
> Task :android:generateDebugResValues
> Task :common:writeDebugAarMetadata
> Task :common:generateMRandroidMain
> Task :common:generateDebugResValues
> Task :common:generateDebugResources
> Task :android:checkDebugAarMetadata
> Task :common:packageDebugResources
> Task :android:mapDebugSourceSetPaths
> Task :android:generateDebugResources

> Task :android:mergeDebugResources
/Users/forkman03/project/nome/simplex-chat/apps/multiplatform/common/build/intermediates/packaged_res/debug/packageDebugResources/values-hi/values-hi.xml:206:4: Multiple substitutions specified in non-positional format of string resource string/rcv_group_event_changed_member_role. Did you mean to add the formatted="false" attribute?
/Users/forkman03/project/nome/simplex-chat/apps/multiplatform/common/build/intermediates/packaged_res/debug/packageDebugResources/values-hr/values-hr.xml:59:4: Multiple substitutions specified in non-positional format of string resource string/app_check_for_updates_button_download. Did you mean to add the formatted="false" attribute?
/Users/forkman03/project/nome/simplex-chat/apps/multiplatform/common/build/intermediates/packaged_res/debug/packageDebugResources/values-pt/values-pt.xml:63:4: Multiple substitutions specified in non-positional format of string resource string/app_check_for_updates_button_download. Did you mean to add the formatted="false" attribute?
/Users/forkman03/project/nome/simplex-chat/apps/multiplatform/common/build/intermediates/packaged_res/debug/packageDebugResources/values-hu/values-hu.xml:111:4: Multiple substitutions specified in non-positional format of string resource string/app_check_for_updates_button_download. Did you mean to add the formatted="false" attribute?
/Users/forkman03/project/nome/simplex-chat/apps/multiplatform/common/build/intermediates/packaged_res/debug/packageDebugResources/values-in/values-in.xml:99:4: Multiple substitutions specified in non-positional format of string resource string/app_check_for_updates_button_download. Did you mean to add the formatted="false" attribute?
/Users/forkman03/project/nome/simplex-chat/apps/multiplatform/common/build/intermediates/packaged_res/debug/packageDebugResources/values-pt/values-pt.xml:406:4: Multiple substitutions specified in non-positional format of string resource string/feature_offered_item_with_param. Did you mean to add the formatted="false" attribute?
/Users/forkman03/project/nome/simplex-chat/apps/multiplatform/common/build/intermediates/packaged_res/debug/packageDebugResources/values-pt/values-pt.xml:444:4: Multiple substitutions specified in non-positional format of string resource string/group_members_n. Did you mean to add the formatted="false" attribute?
/Users/forkman03/project/nome/simplex-chat/apps/multiplatform/common/build/intermediates/packaged_res/debug/packageDebugResources/values-ca/values-ca.xml:99:4: Multiple substitutions specified in non-positional format of string resource string/app_check_for_updates_button_download. Did you mean to add the formatted="false" attribute?
/Users/forkman03/project/nome/simplex-chat/apps/multiplatform/common/build/intermediates/packaged_res/debug/packageDebugResources/values-pt/values-pt.xml:573:4: Multiple substitutions specified in non-positional format of string resource string/mtr_error_different. Did you mean to add the formatted="false" attribute?
/Users/forkman03/project/nome/simplex-chat/apps/multiplatform/common/build/intermediates/packaged_res/debug/packageDebugResources/values-hr/values-hr.xml:302:4: Multiple substitutions specified in non-positional format of string resource string/core_simplexmq_version. Did you mean to add the formatted="false" attribute?
/Users/forkman03/project/nome/simplex-chat/apps/multiplatform/common/build/intermediates/packaged_res/debug/packageDebugResources/values-in/values-in.xml:478:4: Multiple substitutions specified in non-positional format of string resource string/core_simplexmq_version. Did you mean to add the formatted="false" attribute?
/Users/forkman03/project/nome/simplex-chat/apps/multiplatform/common/build/intermediates/packaged_res/debug/packageDebugResources/values-hr/values-hr.xml:554:4: Multiple substitutions specified in non-positional format of string resource string/group_members_2. Did you mean to add the formatted="false" attribute?
/Users/forkman03/project/nome/simplex-chat/apps/multiplatform/common/build/intermediates/packaged_res/debug/packageDebugResources/values-hu/values-hu.xml:562:4: Multiple substitutions specified in non-positional format of string resource string/core_simplexmq_version. Did you mean to add the formatted="false" attribute?
/Users/forkman03/project/nome/simplex-chat/apps/multiplatform/common/build/intermediates/packaged_res/debug/packageDebugResources/values-hr/values-hr.xml:556:4: Multiple substitutions specified in non-positional format of string resource string/group_members_n. Did you mean to add the formatted="false" attribute?
/Users/forkman03/project/nome/simplex-chat/apps/multiplatform/common/build/intermediates/packaged_res/debug/packageDebugResources/values-pt/values-pt.xml:659:4: Multiple substitutions specified in non-positional format of string resource string/rcv_group_event_3_members_connected. Did you mean to add the formatted="false" attribute?
/Users/forkman03/project/nome/simplex-chat/apps/multiplatform/common/build/intermediates/packaged_res/debug/packageDebugResources/values-pt/values-pt.xml:660:4: Multiple substitutions specified in non-positional format of string resource string/rcv_group_event_changed_member_role. Did you mean to add the formatted="false" attribute?
/Users/forkman03/project/nome/simplex-chat/apps/multiplatform/common/build/intermediates/packaged_res/debug/packageDebugResources/values-pt/values-pt.xml:666:4: Multiple substitutions specified in non-positional format of string resource string/rcv_group_event_n_members_connected. Did you mean to add the formatted="false" attribute?
/Users/forkman03/project/nome/simplex-chat/apps/multiplatform/common/build/intermediates/packaged_res/debug/packageDebugResources/values-pt/values-pt.xml:689:4: Multiple substitutions specified in non-positional format of string resource string/remote_host_disconnected_from. Did you mean to add the formatted="false" attribute?
/Users/forkman03/project/nome/simplex-chat/apps/multiplatform/common/build/intermediates/packaged_res/debug/packageDebugResources/values-ja/values-ja.xml:89:4: Multiple substitutions specified in non-positional format of string resource string/app_check_for_updates_button_download. Did you mean to add the formatted="false" attribute?
/Users/forkman03/project/nome/simplex-chat/apps/multiplatform/common/build/intermediates/packaged_res/debug/packageDebugResources/values-ca/values-ca.xml:478:4: Multiple substitutions specified in non-positional format of string resource string/core_simplexmq_version. Did you mean to add the formatted="false" attribute?
/Users/forkman03/project/nome/simplex-chat/apps/multiplatform/common/build/intermediates/packaged_res/debug/packageDebugResources/values-in/values-in.xml:790:4: Multiple substitutions specified in non-positional format of string resource string/feature_offered_item_with_param. Did you mean to add the formatted="false" attribute?
/Users/forkman03/project/nome/simplex-chat/apps/multiplatform/common/build/intermediates/packaged_res/debug/packageDebugResources/values-ja/values-ja.xml:384:4: Multiple substitutions specified in non-positional format of string resource string/core_simplexmq_version. Did you mean to add the formatted="false" attribute?
/Users/forkman03/project/nome/simplex-chat/apps/multiplatform/common/build/intermediates/packaged_res/debug/packageDebugResources/values-hr/values-hr.xml:986:4: Multiple substitutions specified in non-positional format of string resource string/rcv_group_event_2_members_connected. Did you mean to add the formatted="false" attribute?
/Users/forkman03/project/nome/simplex-chat/apps/multiplatform/common/build/intermediates/packaged_res/debug/packageDebugResources/values-pt/values-pt.xml:801:4: Multiple substitutions specified in non-positional format of string resource string/snd_group_event_changed_member_role. Did you mean to add the formatted="false" attribute?
/Users/forkman03/project/nome/simplex-chat/apps/multiplatform/common/build/intermediates/packaged_res/debug/packageDebugResources/values-hu/values-hu.xml:903:4: Multiple substitutions specified in non-positional format of string resource string/feature_offered_item_with_param. Did you mean to add the formatted="false" attribute?
/Users/forkman03/project/nome/simplex-chat/apps/multiplatform/common/build/intermediates/packaged_res/debug/packageDebugResources/values-pt/values-pt.xml:835:4: Multiple substitutions specified in non-positional format of string resource string/total_files_count_and_size. Did you mean to add the formatted="false" attribute?
/Users/forkman03/project/nome/simplex-chat/apps/multiplatform/common/build/intermediates/packaged_res/debug/packageDebugResources/values-hr/values-hr.xml:987:4: Multiple substitutions specified in non-positional format of string resource string/rcv_group_event_3_members_connected. Did you mean to add the formatted="false" attribute?
/Users/forkman03/project/nome/simplex-chat/apps/multiplatform/common/build/intermediates/packaged_res/debug/packageDebugResources/values-ja/values-ja.xml:659:4: Multiple substitutions specified in non-positional format of string resource string/feature_offered_item_with_param. Did you mean to add the formatted="false" attribute?
/Users/forkman03/project/nome/simplex-chat/apps/multiplatform/common/build/intermediates/packaged_res/debug/packageDebugResources/values-in/values-in.xml:886:4: Multiple substitutions specified in non-positional format of string resource string/group_members_2. Did you mean to add the formatted="false" attribute?
/Users/forkman03/project/nome/simplex-chat/apps/multiplatform/common/build/intermediates/packaged_res/debug/packageDebugResources/values-ca/values-ca.xml:790:4: Multiple substitutions specified in non-positional format of string resource string/feature_offered_item_with_param. Did you mean to add the formatted="false" attribute?
/Users/forkman03/project/nome/simplex-chat/apps/multiplatform/common/build/intermediates/packaged_res/debug/packageDebugResources/values-in/values-in.xml:895:4: Multiple substitutions specified in non-positional format of string resource string/group_members_n. Did you mean to add the formatted="false" attribute?
/Users/forkman03/project/nome/simplex-chat/apps/multiplatform/common/build/intermediates/packaged_res/debug/packageDebugResources/values-hr/values-hr.xml:988:4: Multiple substitutions specified in non-positional format of string resource string/rcv_group_event_changed_member_role. Did you mean to add the formatted="false" attribute?
/Users/forkman03/project/nome/simplex-chat/apps/multiplatform/common/build/intermediates/packaged_res/debug/packageDebugResources/values-lt/values-lt.xml:305:4: Multiple substitutions specified in non-positional format of string resource string/core_simplexmq_version. Did you mean to add the formatted="false" attribute?
/Users/forkman03/project/nome/simplex-chat/apps/multiplatform/common/build/intermediates/packaged_res/debug/packageDebugResources/values-ja/values-ja.xml:737:4: Multiple substitutions specified in non-positional format of string resource string/group_members_2. Did you mean to add the formatted="false" attribute?
/Users/forkman03/project/nome/simplex-chat/apps/multiplatform/common/build/intermediates/packaged_res/debug/packageDebugResources/values-hu/values-hu.xml:1003:4: Multiple substitutions specified in non-positional format of string resource string/group_members_2. Did you mean to add the formatted="false" attribute?
/Users/forkman03/project/nome/simplex-chat/apps/multiplatform/common/build/intermediates/packaged_res/debug/packageDebugResources/values-hr/values-hr.xml:998:4: Multiple substitutions specified in non-positional format of string resource string/rcv_group_event_n_members_connected. Did you mean to add the formatted="false" attribute?
/Users/forkman03/project/nome/simplex-chat/apps/multiplatform/common/build/intermediates/packaged_res/debug/packageDebugResources/values-lt/values-lt.xml:549:4: Multiple substitutions specified in non-positional format of string resource string/feature_offered_item_with_param. Did you mean to add the formatted="false" attribute?
/Users/forkman03/project/nome/simplex-chat/apps/multiplatform/common/build/intermediates/packaged_res/debug/packageDebugResources/values-iw/values-iw.xml:93:4: Multiple substitutions specified in non-positional format of string resource string/app_check_for_updates_button_download. Did you mean to add the formatted="false" attribute?
/Users/forkman03/project/nome/simplex-chat/apps/multiplatform/common/build/intermediates/packaged_res/debug/packageDebugResources/values/values.xml:111:4: Multiple substitutions specified in non-positional format of string resource string/app_check_for_updates_button_download. Did you mean to add the formatted="false" attribute?
/Users/forkman03/project/nome/simplex-chat/apps/multiplatform/common/build/intermediates/packaged_res/debug/packageDebugResources/values-ca/values-ca.xml:886:4: Multiple substitutions specified in non-positional format of string resource string/group_members_2. Did you mean to add the formatted="false" attribute?
/Users/forkman03/project/nome/simplex-chat/apps/multiplatform/common/build/intermediates/packaged_res/debug/packageDebugResources/values-hr/values-hr.xml:1013:4: Multiple substitutions specified in non-positional format of string resource string/recipient_colon_delivery_status. Did you mean to add the formatted="false" attribute?
/Users/forkman03/project/nome/simplex-chat/apps/multiplatform/common/build/intermediates/packaged_res/debug/packageDebugResources/values-in/values-in.xml:1247:4: Multiple substitutions specified in non-positional format of string resource string/mtr_error_different. Did you mean to add the formatted="false" attribute?
/Users/forkman03/project/nome/simplex-chat/apps/multiplatform/common/build/intermediates/packaged_res/debug/packageDebugResources/values-lt/values-lt.xml:617:4: Multiple substitutions specified in non-positional format of string resource string/group_members_2. Did you mean to add the formatted="false" attribute?
/Users/forkman03/project/nome/simplex-chat/apps/multiplatform/common/build/intermediates/packaged_res/debug/packageDebugResources/values-hr/values-hr.xml:1098:4: Multiple substitutions specified in non-positional format of string resource string/sender_at_ts. Did you mean to add the formatted="false" attribute?
/Users/forkman03/project/nome/simplex-chat/apps/multiplatform/common/build/intermediates/packaged_res/debug/packageDebugResources/values-ja/values-ja.xml:745:4: Multiple substitutions specified in non-positional format of string resource string/group_members_n. Did you mean to add the formatted="false" attribute?
/Users/forkman03/project/nome/simplex-chat/apps/multiplatform/common/build/intermediates/packaged_res/debug/packageDebugResources/values-hu/values-hu.xml:1020:4: Multiple substitutions specified in non-positional format of string resource string/group_members_n. Did you mean to add the formatted="false" attribute?
/Users/forkman03/project/nome/simplex-chat/apps/multiplatform/common/build/intermediates/packaged_res/debug/packageDebugResources/values-lt/values-lt.xml:625:4: Multiple substitutions specified in non-positional format of string resource string/group_members_n. Did you mean to add the formatted="false" attribute?
/Users/forkman03/project/nome/simplex-chat/apps/multiplatform/common/build/intermediates/packaged_res/debug/packageDebugResources/values-ca/values-ca.xml:895:4: Multiple substitutions specified in non-positional format of string resource string/group_members_n. Did you mean to add the formatted="false" attribute?
/Users/forkman03/project/nome/simplex-chat/apps/multiplatform/common/build/intermediates/packaged_res/debug/packageDebugResources/values-in/values-in.xml:1606:4: Multiple substitutions specified in non-positional format of string resource string/rcv_group_event_2_members_connected. Did you mean to add the formatted="false" attribute?
/Users/forkman03/project/nome/simplex-chat/apps/multiplatform/common/build/intermediates/packaged_res/debug/packageDebugResources/values-ja/values-ja.xml:1047:4: Multiple substitutions specified in non-positional format of string resource string/mtr_error_different. Did you mean to add the formatted="false" attribute?
/Users/forkman03/project/nome/simplex-chat/apps/multiplatform/common/build/intermediates/packaged_res/debug/packageDebugResources/values-iw/values-iw.xml:400:4: Multiple substitutions specified in non-positional format of string resource string/core_simplexmq_version. Did you mean to add the formatted="false" attribute?
/Users/forkman03/project/nome/simplex-chat/apps/multiplatform/common/build/intermediates/packaged_res/debug/packageDebugResources/values-hr/values-hr.xml:1254:4: Multiple substitutions specified in non-positional format of string resource string/snd_group_event_changed_member_role. Did you mean to add the formatted="false" attribute?
/Users/forkman03/project/nome/simplex-chat/apps/multiplatform/common/build/intermediates/packaged_res/debug/packageDebugResources/values-ca/values-ca.xml:1247:4: Multiple substitutions specified in non-positional format of string resource string/mtr_error_different. Did you mean to add the formatted="false" attribute?
/Users/forkman03/project/nome/simplex-chat/apps/multiplatform/common/build/intermediates/packaged_res/debug/packageDebugResources/values-ja/values-ja.xml:1303:4: Multiple substitutions specified in non-positional format of string resource string/rcv_group_event_2_members_connected. Did you mean to add the formatted="false" attribute?
/Users/forkman03/project/nome/simplex-chat/apps/multiplatform/common/build/intermediates/packaged_res/debug/packageDebugResources/values-in/values-in.xml:1607:4: Multiple substitutions specified in non-positional format of string resource string/rcv_group_event_3_members_connected. Did you mean to add the formatted="false" attribute?
/Users/forkman03/project/nome/simplex-chat/apps/multiplatform/common/build/intermediates/packaged_res/debug/packageDebugResources/values-ja/values-ja.xml:1304:4: Multiple substitutions specified in non-positional format of string resource string/rcv_group_event_3_members_connected. Did you mean to add the formatted="false" attribute?
/Users/forkman03/project/nome/simplex-chat/apps/multiplatform/common/build/intermediates/packaged_res/debug/packageDebugResources/values-in/values-in.xml:1608:4: Multiple substitutions specified in non-positional format of string resource string/rcv_group_event_changed_member_role. Did you mean to add the formatted="false" attribute?
/Users/forkman03/project/nome/simplex-chat/apps/multiplatform/common/build/intermediates/packaged_res/debug/packageDebugResources/values-ja/values-ja.xml:1305:4: Multiple substitutions specified in non-positional format of string resource string/rcv_group_event_changed_member_role. Did you mean to add the formatted="false" attribute?
/Users/forkman03/project/nome/simplex-chat/apps/multiplatform/common/build/intermediates/packaged_res/debug/packageDebugResources/values-lt/values-lt.xml:913:4: Multiple substitutions specified in non-positional format of string resource string/mtr_error_different. Did you mean to add the formatted="false" attribute?
/Users/forkman03/project/nome/simplex-chat/apps/multiplatform/common/build/intermediates/packaged_res/debug/packageDebugResources/values-in/values-in.xml:1620:4: Multiple substitutions specified in non-positional format of string resource string/rcv_group_event_n_members_connected. Did you mean to add the formatted="false" attribute?
/Users/forkman03/project/nome/simplex-chat/apps/multiplatform/common/build/intermediates/packaged_res/debug/packageDebugResources/values/values.xml:574:4: Multiple substitutions specified in non-positional format of string resource string/core_simplexmq_version. Did you mean to add the formatted="false" attribute?
/Users/forkman03/project/nome/simplex-chat/apps/multiplatform/common/build/intermediates/packaged_res/debug/packageDebugResources/values-ja/values-ja.xml:1316:4: Multiple substitutions specified in non-positional format of string resource string/rcv_group_event_n_members_connected. Did you mean to add the formatted="false" attribute?
/Users/forkman03/project/nome/simplex-chat/apps/multiplatform/common/build/intermediates/packaged_res/debug/packageDebugResources/values-in/values-in.xml:1655:4: Multiple substitutions specified in non-positional format of string resource string/recipient_colon_delivery_status. Did you mean to add the formatted="false" attribute?
/Users/forkman03/project/nome/simplex-chat/apps/multiplatform/common/build/intermediates/packaged_res/debug/packageDebugResources/values-in/values-in.xml:1677:4: Multiple substitutions specified in non-positional format of string resource string/remote_host_disconnected_from. Did you mean to add the formatted="false" attribute?
/Users/forkman03/project/nome/simplex-chat/apps/multiplatform/common/build/intermediates/packaged_res/debug/packageDebugResources/values-ja/values-ja.xml:1349:4: Multiple substitutions specified in non-positional format of string resource string/recipient_colon_delivery_status. Did you mean to add the formatted="false" attribute?
/Users/forkman03/project/nome/simplex-chat/apps/multiplatform/common/build/intermediates/packaged_res/debug/packageDebugResources/values-ja/values-ja.xml:1366:4: Multiple substitutions specified in non-positional format of string resource string/remote_host_disconnected_from. Did you mean to add the formatted="false" attribute?
/Users/forkman03/project/nome/simplex-chat/apps/multiplatform/common/build/intermediates/packaged_res/debug/packageDebugResources/values-iw/values-iw.xml:683:4: Multiple substitutions specified in non-positional format of string resource string/feature_offered_item_with_param. Did you mean to add the formatted="false" attribute?
/Users/forkman03/project/nome/simplex-chat/apps/multiplatform/common/build/intermediates/packaged_res/debug/packageDebugResources/values-in/values-in.xml:1807:4: Multiple substitutions specified in non-positional format of string resource string/sender_at_ts. Did you mean to add the formatted="false" attribute?
/Users/forkman03/project/nome/simplex-chat/apps/multiplatform/common/build/intermediates/packaged_res/debug/packageDebugResources/values-lt/values-lt.xml:1115:4: Multiple substitutions specified in non-positional format of string resource string/rcv_group_event_2_members_connected. Did you mean to add the formatted="false" attribute?
/Users/forkman03/project/nome/simplex-chat/apps/multiplatform/common/build/intermediates/packaged_res/debug/packageDebugResources/values-lt/values-lt.xml:1116:4: Multiple substitutions specified in non-positional format of string resource string/rcv_group_event_3_members_connected. Did you mean to add the formatted="false" attribute?
/Users/forkman03/project/nome/simplex-chat/apps/multiplatform/common/build/intermediates/packaged_res/debug/packageDebugResources/values-ja/values-ja.xml:1470:4: Multiple substitutions specified in non-positional format of string resource string/sender_at_ts. Did you mean to add the formatted="false" attribute?
/Users/forkman03/project/nome/simplex-chat/apps/multiplatform/common/build/intermediates/packaged_res/debug/packageDebugResources/values-lt/values-lt.xml:1117:4: Multiple substitutions specified in non-positional format of string resource string/rcv_group_event_changed_member_role. Did you mean to add the formatted="false" attribute?
/Users/forkman03/project/nome/simplex-chat/apps/multiplatform/common/build/intermediates/packaged_res/debug/packageDebugResources/values-lt/values-lt.xml:1128:4: Multiple substitutions specified in non-positional format of string resource string/rcv_group_event_n_members_connected. Did you mean to add the formatted="false" attribute?
/Users/forkman03/project/nome/simplex-chat/apps/multiplatform/common/build/intermediates/packaged_res/debug/packageDebugResources/values-in/values-in.xml:2035:4: Multiple substitutions specified in non-positional format of string resource string/snd_group_event_changed_member_role. Did you mean to add the formatted="false" attribute?
/Users/forkman03/project/nome/simplex-chat/apps/multiplatform/common/build/intermediates/packaged_res/debug/packageDebugResources/values-ca/values-ca.xml:1606:4: Multiple substitutions specified in non-positional format of string resource string/rcv_group_event_2_members_connected. Did you mean to add the formatted="false" attribute?
/Users/forkman03/project/nome/simplex-chat/apps/multiplatform/common/build/intermediates/packaged_res/debug/packageDebugResources/values-hu/values-hu.xml:1397:4: Multiple substitutions specified in non-positional format of string resource string/mtr_error_different. Did you mean to add the formatted="false" attribute?
/Users/forkman03/project/nome/simplex-chat/apps/multiplatform/common/build/intermediates/packaged_res/debug/packageDebugResources/values-lt/values-lt.xml:1161:4: Multiple substitutions specified in non-positional format of string resource string/recipient_colon_delivery_status. Did you mean to add the formatted="false" attribute?
/Users/forkman03/project/nome/simplex-chat/apps/multiplatform/common/build/intermediates/packaged_res/debug/packageDebugResources/values-in/values-in.xml:2134:4: Multiple substitutions specified in non-positional format of string resource string/total_files_count_and_size. Did you mean to add the formatted="false" attribute?
/Users/forkman03/project/nome/simplex-chat/apps/multiplatform/common/build/intermediates/packaged_res/debug/packageDebugResources/values-ca/values-ca.xml:1607:4: Multiple substitutions specified in non-positional format of string resource string/rcv_group_event_3_members_connected. Did you mean to add the formatted="false" attribute?
/Users/forkman03/project/nome/simplex-chat/apps/multiplatform/common/build/intermediates/packaged_res/debug/packageDebugResources/values-lt/values-lt.xml:1177:4: Multiple substitutions specified in non-positional format of string resource string/remote_host_disconnected_from. Did you mean to add the formatted="false" attribute?
/Users/forkman03/project/nome/simplex-chat/apps/multiplatform/common/build/intermediates/packaged_res/debug/packageDebugResources/values-ca/values-ca.xml:1608:4: Multiple substitutions specified in non-positional format of string resource string/rcv_group_event_changed_member_role. Did you mean to add the formatted="false" attribute?
/Users/forkman03/project/nome/simplex-chat/apps/multiplatform/common/build/intermediates/packaged_res/debug/packageDebugResources/values-iw/values-iw.xml:771:4: Multiple substitutions specified in non-positional format of string resource string/group_members_2. Did you mean to add the formatted="false" attribute?
/Users/forkman03/project/nome/simplex-chat/apps/multiplatform/common/build/intermediates/packaged_res/debug/packageDebugResources/values-ca/values-ca.xml:1620:4: Multiple substitutions specified in non-positional format of string resource string/rcv_group_event_n_members_connected. Did you mean to add the formatted="false" attribute?
/Users/forkman03/project/nome/simplex-chat/apps/multiplatform/common/build/intermediates/packaged_res/debug/packageDebugResources/values-iw/values-iw.xml:780:4: Multiple substitutions specified in non-positional format of string resource string/group_members_n. Did you mean to add the formatted="false" attribute?
/Users/forkman03/project/nome/simplex-chat/apps/multiplatform/common/build/intermediates/packaged_res/debug/packageDebugResources/values-ca/values-ca.xml:1655:4: Multiple substitutions specified in non-positional format of string resource string/recipient_colon_delivery_status. Did you mean to add the formatted="false" attribute?
/Users/forkman03/project/nome/simplex-chat/apps/multiplatform/common/build/intermediates/packaged_res/debug/packageDebugResources/values-ca/values-ca.xml:1677:4: Multiple substitutions specified in non-positional format of string resource string/remote_host_disconnected_from. Did you mean to add the formatted="false" attribute?
/Users/forkman03/project/nome/simplex-chat/apps/multiplatform/common/build/intermediates/packaged_res/debug/packageDebugResources/values-ca/values-ca.xml:1807:4: Multiple substitutions specified in non-positional format of string resource string/sender_at_ts. Did you mean to add the formatted="false" attribute?
/Users/forkman03/project/nome/simplex-chat/apps/multiplatform/common/build/intermediates/packaged_res/debug/packageDebugResources/values-iw/values-iw.xml:1093:4: Multiple substitutions specified in non-positional format of string resource string/mtr_error_different. Did you mean to add the formatted="false" attribute?
/Users/forkman03/project/nome/simplex-chat/apps/multiplatform/common/build/intermediates/packaged_res/debug/packageDebugResources/values-ja/values-ja.xml:1647:4: Multiple substitutions specified in non-positional format of string resource string/snd_group_event_changed_member_role. Did you mean to add the formatted="false" attribute?
/Users/forkman03/project/nome/simplex-chat/apps/multiplatform/common/build/intermediates/packaged_res/debug/packageDebugResources/values-lt/values-lt.xml:1266:4: Multiple substitutions specified in non-positional format of string resource string/sender_at_ts. Did you mean to add the formatted="false" attribute?
/Users/forkman03/project/nome/simplex-chat/apps/multiplatform/common/build/intermediates/packaged_res/debug/packageDebugResources/values-lt/values-lt.xml:1403:4: Multiple substitutions specified in non-positional format of string resource string/snd_group_event_changed_member_role. Did you mean to add the formatted="false" attribute?
/Users/forkman03/project/nome/simplex-chat/apps/multiplatform/common/build/intermediates/packaged_res/debug/packageDebugResources/values-ja/values-ja.xml:1727:4: Multiple substitutions specified in non-positional format of string resource string/total_files_count_and_size. Did you mean to add the formatted="false" attribute?
/Users/forkman03/project/nome/simplex-chat/apps/multiplatform/common/build/intermediates/packaged_res/debug/packageDebugResources/values/values.xml:915:4: Multiple substitutions specified in non-positional format of string resource string/feature_offered_item_with_param. Did you mean to add the formatted="false" attribute?
/Users/forkman03/project/nome/simplex-chat/apps/multiplatform/common/build/intermediates/packaged_res/debug/packageDebugResources/values-lt/values-lt.xml:1478:4: Multiple substitutions specified in non-positional format of string resource string/total_files_count_and_size. Did you mean to add the formatted="false" attribute?
/Users/forkman03/project/nome/simplex-chat/apps/multiplatform/common/build/intermediates/packaged_res/debug/packageDebugResources/values-hu/values-hu.xml:1798:4: Multiple substitutions specified in non-positional format of string resource string/rcv_group_event_2_members_connected. Did you mean to add the formatted="false" attribute?
/Users/forkman03/project/nome/simplex-chat/apps/multiplatform/common/build/intermediates/packaged_res/debug/packageDebugResources/values-ca/values-ca.xml:2035:4: Multiple substitutions specified in non-positional format of string resource string/snd_group_event_changed_member_role. Did you mean to add the formatted="false" attribute?
/Users/forkman03/project/nome/simplex-chat/apps/multiplatform/common/build/intermediates/packaged_res/debug/packageDebugResources/values-hu/values-hu.xml:1799:4: Multiple substitutions specified in non-positional format of string resource string/rcv_group_event_3_members_connected. Did you mean to add the formatted="false" attribute?
/Users/forkman03/project/nome/simplex-chat/apps/multiplatform/common/build/intermediates/packaged_res/debug/packageDebugResources/values-ca/values-ca.xml:2134:4: Multiple substitutions specified in non-positional format of string resource string/total_files_count_and_size. Did you mean to add the formatted="false" attribute?
/Users/forkman03/project/nome/simplex-chat/apps/multiplatform/common/build/intermediates/packaged_res/debug/packageDebugResources/values-hu/values-hu.xml:1800:4: Multiple substitutions specified in non-positional format of string resource string/rcv_group_event_changed_member_role. Did you mean to add the formatted="false" attribute?
/Users/forkman03/project/nome/simplex-chat/apps/multiplatform/common/build/intermediates/packaged_res/debug/packageDebugResources/values-hu/values-hu.xml:1812:4: Multiple substitutions specified in non-positional format of string resource string/rcv_group_event_n_members_connected. Did you mean to add the formatted="false" attribute?
/Users/forkman03/project/nome/simplex-chat/apps/multiplatform/common/build/intermediates/packaged_res/debug/packageDebugResources/values-hu/values-hu.xml:1851:4: Multiple substitutions specified in non-positional format of string resource string/recipient_colon_delivery_status. Did you mean to add the formatted="false" attribute?
/Users/forkman03/project/nome/simplex-chat/apps/multiplatform/common/build/intermediates/packaged_res/debug/packageDebugResources/values-hu/values-hu.xml:1917:4: Multiple substitutions specified in non-positional format of string resource string/remote_host_disconnected_from. Did you mean to add the formatted="false" attribute?
/Users/forkman03/project/nome/simplex-chat/apps/multiplatform/common/build/intermediates/packaged_res/debug/packageDebugResources/values-hu/values-hu.xml:2050:4: Multiple substitutions specified in non-positional format of string resource string/sender_at_ts. Did you mean to add the formatted="false" attribute?
/Users/forkman03/project/nome/simplex-chat/apps/multiplatform/common/build/intermediates/packaged_res/debug/packageDebugResources/values-ar/values-ar.xml:111:4: Multiple substitutions specified in non-positional format of string resource string/app_check_for_updates_button_download. Did you mean to add the formatted="false" attribute?
/Users/forkman03/project/nome/simplex-chat/apps/multiplatform/common/build/intermediates/packaged_res/debug/packageDebugResources/values-vi/values-vi.xml:95:4: Multiple substitutions specified in non-positional format of string resource string/app_check_for_updates_button_download. Did you mean to add the formatted="false" attribute?
/Users/forkman03/project/nome/simplex-chat/apps/multiplatform/common/build/intermediates/packaged_res/debug/packageDebugResources/values/values.xml:1016:4: Multiple substitutions specified in non-positional format of string resource string/group_members_2. Did you mean to add the formatted="false" attribute?
/Users/forkman03/project/nome/simplex-chat/apps/multiplatform/common/build/intermediates/packaged_res/debug/packageDebugResources/values-iw/values-iw.xml:1364:4: Multiple substitutions specified in non-positional format of string resource string/rcv_group_event_2_members_connected. Did you mean to add the formatted="false" attribute?
/Users/forkman03/project/nome/simplex-chat/apps/multiplatform/common/build/intermediates/packaged_res/debug/packageDebugResources/values-iw/values-iw.xml:1365:4: Multiple substitutions specified in non-positional format of string resource string/rcv_group_event_3_members_connected. Did you mean to add the formatted="false" attribute?
/Users/forkman03/project/nome/simplex-chat/apps/multiplatform/common/build/intermediates/packaged_res/debug/packageDebugResources/values/values.xml:1033:4: Multiple substitutions specified in non-positional format of string resource string/group_members_n. Did you mean to add the formatted="false" attribute?
/Users/forkman03/project/nome/simplex-chat/apps/multiplatform/common/build/intermediates/packaged_res/debug/packageDebugResources/values-iw/values-iw.xml:1366:4: Multiple substitutions specified in non-positional format of string resource string/rcv_group_event_changed_member_role. Did you mean to add the formatted="false" attribute?
/Users/forkman03/project/nome/simplex-chat/apps/multiplatform/common/build/intermediates/packaged_res/debug/packageDebugResources/values-hu/values-hu.xml:2283:4: Multiple substitutions specified in non-positional format of string resource string/snd_group_event_changed_member_role. Did you mean to add the formatted="false" attribute?
/Users/forkman03/project/nome/simplex-chat/apps/multiplatform/common/build/intermediates/packaged_res/debug/packageDebugResources/values-iw/values-iw.xml:1378:4: Multiple substitutions specified in non-positional format of string resource string/rcv_group_event_n_members_connected. Did you mean to add the formatted="false" attribute?
/Users/forkman03/project/nome/simplex-chat/apps/multiplatform/common/build/intermediates/packaged_res/debug/packageDebugResources/values-iw/values-iw.xml:1413:4: Multiple substitutions specified in non-positional format of string resource string/recipient_colon_delivery_status. Did you mean to add the formatted="false" attribute?
/Users/forkman03/project/nome/simplex-chat/apps/multiplatform/common/build/intermediates/packaged_res/debug/packageDebugResources/values-iw/values-iw.xml:1434:4: Multiple substitutions specified in non-positional format of string resource string/remote_host_disconnected_from. Did you mean to add the formatted="false" attribute?
/Users/forkman03/project/nome/simplex-chat/apps/multiplatform/common/build/intermediates/packaged_res/debug/packageDebugResources/values-hu/values-hu.xml:2388:4: Multiple substitutions specified in non-positional format of string resource string/total_files_count_and_size. Did you mean to add the formatted="false" attribute?
/Users/forkman03/project/nome/simplex-chat/apps/multiplatform/common/build/intermediates/packaged_res/debug/packageDebugResources/values-iw/values-iw.xml:1539:4: Multiple substitutions specified in non-positional format of string resource string/sender_at_ts. Did you mean to add the formatted="false" attribute?
/Users/forkman03/project/nome/simplex-chat/apps/multiplatform/common/build/intermediates/packaged_res/debug/packageDebugResources/values-vi/values-vi.xml:442:4: Multiple substitutions specified in non-positional format of string resource string/core_simplexmq_version. Did you mean to add the formatted="false" attribute?
/Users/forkman03/project/nome/simplex-chat/apps/multiplatform/common/build/intermediates/packaged_res/debug/packageDebugResources/values/values.xml:1410:4: Multiple substitutions specified in non-positional format of string resource string/mtr_error_different. Did you mean to add the formatted="false" attribute?
/Users/forkman03/project/nome/simplex-chat/apps/multiplatform/common/build/intermediates/packaged_res/debug/packageDebugResources/values-iw/values-iw.xml:1731:4: Multiple substitutions specified in non-positional format of string resource string/snd_group_event_changed_member_role. Did you mean to add the formatted="false" attribute?
/Users/forkman03/project/nome/simplex-chat/apps/multiplatform/common/build/intermediates/packaged_res/debug/packageDebugResources/values-iw/values-iw.xml:1814:4: Multiple substitutions specified in non-positional format of string resource string/total_files_count_and_size. Did you mean to add the formatted="false" attribute?
/Users/forkman03/project/nome/simplex-chat/apps/multiplatform/common/build/intermediates/packaged_res/debug/packageDebugResources/values-ro/values-ro.xml:99:4: Multiple substitutions specified in non-positional format of string resource string/app_check_for_updates_button_download. Did you mean to add the formatted="false" attribute?
/Users/forkman03/project/nome/simplex-chat/apps/multiplatform/common/build/intermediates/packaged_res/debug/packageDebugResources/values/values.xml:1812:4: Multiple substitutions specified in non-positional format of string resource string/rcv_group_event_2_members_connected. Did you mean to add the formatted="false" attribute?
/Users/forkman03/project/nome/simplex-chat/apps/multiplatform/common/build/intermediates/packaged_res/debug/packageDebugResources/values/values.xml:1813:4: Multiple substitutions specified in non-positional format of string resource string/rcv_group_event_3_members_connected. Did you mean to add the formatted="false" attribute?
/Users/forkman03/project/nome/simplex-chat/apps/multiplatform/common/build/intermediates/packaged_res/debug/packageDebugResources/values/values.xml:1814:4: Multiple substitutions specified in non-positional format of string resource string/rcv_group_event_changed_member_role. Did you mean to add the formatted="false" attribute?
/Users/forkman03/project/nome/simplex-chat/apps/multiplatform/common/build/intermediates/packaged_res/debug/packageDebugResources/values/values.xml:1826:4: Multiple substitutions specified in non-positional format of string resource string/rcv_group_event_n_members_connected. Did you mean to add the formatted="false" attribute?
/Users/forkman03/project/nome/simplex-chat/apps/multiplatform/common/build/intermediates/packaged_res/debug/packageDebugResources/values/values.xml:1865:4: Multiple substitutions specified in non-positional format of string resource string/recipient_colon_delivery_status. Did you mean to add the formatted="false" attribute?
/Users/forkman03/project/nome/simplex-chat/apps/multiplatform/common/build/intermediates/packaged_res/debug/packageDebugResources/values/values.xml:1931:4: Multiple substitutions specified in non-positional format of string resource string/remote_host_disconnected_from. Did you mean to add the formatted="false" attribute?
/Users/forkman03/project/nome/simplex-chat/apps/multiplatform/common/build/intermediates/packaged_res/debug/packageDebugResources/values-ro/values-ro.xml:475:4: Multiple substitutions specified in non-positional format of string resource string/core_simplexmq_version. Did you mean to add the formatted="false" attribute?
/Users/forkman03/project/nome/simplex-chat/apps/multiplatform/common/build/intermediates/packaged_res/debug/packageDebugResources/values-vi/values-vi.xml:746:4: Multiple substitutions specified in non-positional format of string resource string/feature_offered_item_with_param. Did you mean to add the formatted="false" attribute?
/Users/forkman03/project/nome/simplex-chat/apps/multiplatform/common/build/intermediates/packaged_res/debug/packageDebugResources/values-de/values-de.xml:111:4: Multiple substitutions specified in non-positional format of string resource string/app_check_for_updates_button_download. Did you mean to add the formatted="false" attribute?
/Users/forkman03/project/nome/simplex-chat/apps/multiplatform/common/build/intermediates/packaged_res/debug/packageDebugResources/values-vi/values-vi.xml:840:4: Multiple substitutions specified in non-positional format of string resource string/group_members_2. Did you mean to add the formatted="false" attribute?
/Users/forkman03/project/nome/simplex-chat/apps/multiplatform/common/build/intermediates/packaged_res/debug/packageDebugResources/values-vi/values-vi.xml:849:4: Multiple substitutions specified in non-positional format of string resource string/group_members_n. Did you mean to add the formatted="false" attribute?
/Users/forkman03/project/nome/simplex-chat/apps/multiplatform/common/build/intermediates/packaged_res/debug/packageDebugResources/values/values.xml:2064:4: Multiple substitutions specified in non-positional format of string resource string/sender_at_ts. Did you mean to add the formatted="false" attribute?
/Users/forkman03/project/nome/simplex-chat/apps/multiplatform/common/build/intermediates/packaged_res/debug/packageDebugResources/values-ar/values-ar.xml:562:4: Multiple substitutions specified in non-positional format of string resource string/core_simplexmq_version. Did you mean to add the formatted="false" attribute?
/Users/forkman03/project/nome/simplex-chat/apps/multiplatform/common/build/intermediates/packaged_res/debug/packageDebugResources/values/values.xml:2299:4: Multiple substitutions specified in non-positional format of string resource string/snd_group_event_changed_member_role. Did you mean to add the formatted="false" attribute?
/Users/forkman03/project/nome/simplex-chat/apps/multiplatform/common/build/intermediates/packaged_res/debug/packageDebugResources/values-de/values-de.xml:563:4: Multiple substitutions specified in non-positional format of string resource string/core_simplexmq_version. Did you mean to add the formatted="false" attribute?
/Users/forkman03/project/nome/simplex-chat/apps/multiplatform/common/build/intermediates/packaged_res/debug/packageDebugResources/values-ru/values-ru.xml:109:4: Multiple substitutions specified in non-positional format of string resource string/app_check_for_updates_button_download. Did you mean to add the formatted="false" attribute?
/Users/forkman03/project/nome/simplex-chat/apps/multiplatform/common/build/intermediates/packaged_res/debug/packageDebugResources/values-fi/values-fi.xml:262:4: Multiple substitutions specified in non-positional format of string resource string/core_simplexmq_version. Did you mean to add the formatted="false" attribute?
/Users/forkman03/project/nome/simplex-chat/apps/multiplatform/common/build/intermediates/packaged_res/debug/packageDebugResources/values/values.xml:2404:4: Multiple substitutions specified in non-positional format of string resource string/total_files_count_and_size. Did you mean to add the formatted="false" attribute?
/Users/forkman03/project/nome/simplex-chat/apps/multiplatform/common/build/intermediates/packaged_res/debug/packageDebugResources/values-ar/values-ar.xml:903:4: Multiple substitutions specified in non-positional format of string resource string/feature_offered_item_with_param. Did you mean to add the formatted="false" attribute?
/Users/forkman03/project/nome/simplex-chat/apps/multiplatform/common/build/intermediates/packaged_res/debug/packageDebugResources/values-ro/values-ro.xml:786:4: Multiple substitutions specified in non-positional format of string resource string/feature_offered_item_with_param. Did you mean to add the formatted="false" attribute?
/Users/forkman03/project/nome/simplex-chat/apps/multiplatform/common/build/intermediates/packaged_res/debug/packageDebugResources/values-vi/values-vi.xml:1196:4: Multiple substitutions specified in non-positional format of string resource string/mtr_error_different. Did you mean to add the formatted="false" attribute?
/Users/forkman03/project/nome/simplex-chat/apps/multiplatform/common/build/intermediates/packaged_res/debug/packageDebugResources/values-fi/values-fi.xml:479:4: Multiple substitutions specified in non-positional format of string resource string/feature_offered_item_with_param. Did you mean to add the formatted="false" attribute?
/Users/forkman03/project/nome/simplex-chat/apps/multiplatform/common/build/intermediates/packaged_res/debug/packageDebugResources/values-tr/values-tr.xml:97:4: Multiple substitutions specified in non-positional format of string resource string/app_check_for_updates_button_download. Did you mean to add the formatted="false" attribute?
/Users/forkman03/project/nome/simplex-chat/apps/multiplatform/common/build/intermediates/packaged_res/debug/packageDebugResources/values-ar/values-ar.xml:1003:4: Multiple substitutions specified in non-positional format of string resource string/group_members_2. Did you mean to add the formatted="false" attribute?
/Users/forkman03/project/nome/simplex-chat/apps/multiplatform/common/build/intermediates/packaged_res/debug/packageDebugResources/values-ro/values-ro.xml:882:4: Multiple substitutions specified in non-positional format of string resource string/group_members_2. Did you mean to add the formatted="false" attribute?
/Users/forkman03/project/nome/simplex-chat/apps/multiplatform/common/build/intermediates/packaged_res/debug/packageDebugResources/values-ro/values-ro.xml:891:4: Multiple substitutions specified in non-positional format of string resource string/group_members_n. Did you mean to add the formatted="false" attribute?
/Users/forkman03/project/nome/simplex-chat/apps/multiplatform/common/build/intermediates/packaged_res/debug/packageDebugResources/values-ar/values-ar.xml:1020:4: Multiple substitutions specified in non-positional format of string resource string/group_members_n. Did you mean to add the formatted="false" attribute?
/Users/forkman03/project/nome/simplex-chat/apps/multiplatform/common/build/intermediates/packaged_res/debug/packageDebugResources/values-fi/values-fi.xml:536:4: Multiple substitutions specified in non-positional format of string resource string/group_members_2. Did you mean to add the formatted="false" attribute?
/Users/forkman03/project/nome/simplex-chat/apps/multiplatform/common/build/intermediates/packaged_res/debug/packageDebugResources/values-fi/values-fi.xml:544:4: Multiple substitutions specified in non-positional format of string resource string/group_members_n. Did you mean to add the formatted="false" attribute?
/Users/forkman03/project/nome/simplex-chat/apps/multiplatform/common/build/intermediates/packaged_res/debug/packageDebugResources/values-vi/values-vi.xml:1539:4: Multiple substitutions specified in non-positional format of string resource string/rcv_group_event_2_members_connected. Did you mean to add the formatted="false" attribute?
/Users/forkman03/project/nome/simplex-chat/apps/multiplatform/common/build/intermediates/packaged_res/debug/packageDebugResources/values-de/values-de.xml:904:4: Multiple substitutions specified in non-positional format of string resource string/feature_offered_item_with_param. Did you mean to add the formatted="false" attribute?
/Users/forkman03/project/nome/simplex-chat/apps/multiplatform/common/build/intermediates/packaged_res/debug/packageDebugResources/values-vi/values-vi.xml:1540:4: Multiple substitutions specified in non-positional format of string resource string/rcv_group_event_3_members_connected. Did you mean to add the formatted="false" attribute?
/Users/forkman03/project/nome/simplex-chat/apps/multiplatform/common/build/intermediates/packaged_res/debug/packageDebugResources/values-fi/values-fi.xml:779:4: Multiple substitutions specified in non-positional format of string resource string/mtr_error_different. Did you mean to add the formatted="false" attribute?
/Users/forkman03/project/nome/simplex-chat/apps/multiplatform/common/build/intermediates/packaged_res/debug/packageDebugResources/values-vi/values-vi.xml:1541:4: Multiple substitutions specified in non-positional format of string resource string/rcv_group_event_changed_member_role. Did you mean to add the formatted="false" attribute?
/Users/forkman03/project/nome/simplex-chat/apps/multiplatform/common/build/intermediates/packaged_res/debug/packageDebugResources/values-de/values-de.xml:1004:4: Multiple substitutions specified in non-positional format of string resource string/group_members_2. Did you mean to add the formatted="false" attribute?
/Users/forkman03/project/nome/simplex-chat/apps/multiplatform/common/build/intermediates/packaged_res/debug/packageDebugResources/values-vi/values-vi.xml:1553:4: Multiple substitutions specified in non-positional format of string resource string/rcv_group_event_n_members_connected. Did you mean to add the formatted="false" attribute?
/Users/forkman03/project/nome/simplex-chat/apps/multiplatform/common/build/intermediates/packaged_res/debug/packageDebugResources/values-vi/values-vi.xml:1588:4: Multiple substitutions specified in non-positional format of string resource string/recipient_colon_delivery_status. Did you mean to add the formatted="false" attribute?
/Users/forkman03/project/nome/simplex-chat/apps/multiplatform/common/build/intermediates/packaged_res/debug/packageDebugResources/values-vi/values-vi.xml:1609:4: Multiple substitutions specified in non-positional format of string resource string/remote_host_disconnected_from. Did you mean to add the formatted="false" attribute?
/Users/forkman03/project/nome/simplex-chat/apps/multiplatform/common/build/intermediates/packaged_res/debug/packageDebugResources/values-fi/values-fi.xml:950:4: Multiple substitutions specified in non-positional format of string resource string/rcv_group_event_2_members_connected. Did you mean to add the formatted="false" attribute?
/Users/forkman03/project/nome/simplex-chat/apps/multiplatform/common/build/intermediates/packaged_res/debug/packageDebugResources/values-fi/values-fi.xml:951:4: Multiple substitutions specified in non-positional format of string resource string/rcv_group_event_3_members_connected. Did you mean to add the formatted="false" attribute?
/Users/forkman03/project/nome/simplex-chat/apps/multiplatform/common/build/intermediates/packaged_res/debug/packageDebugResources/values-fi/values-fi.xml:952:4: Multiple substitutions specified in non-positional format of string resource string/rcv_group_event_changed_member_role. Did you mean to add the formatted="false" attribute?
/Users/forkman03/project/nome/simplex-chat/apps/multiplatform/common/build/intermediates/packaged_res/debug/packageDebugResources/values-fi/values-fi.xml:959:4: Multiple substitutions specified in non-positional format of string resource string/rcv_group_event_n_members_connected. Did you mean to add the formatted="false" attribute?
/Users/forkman03/project/nome/simplex-chat/apps/multiplatform/common/build/intermediates/packaged_res/debug/packageDebugResources/values-vi/values-vi.xml:1737:4: Multiple substitutions specified in non-positional format of string resource string/sender_at_ts. Did you mean to add the formatted="false" attribute?
/Users/forkman03/project/nome/simplex-chat/apps/multiplatform/common/build/intermediates/packaged_res/debug/packageDebugResources/values-ar/values-ar.xml:1397:4: Multiple substitutions specified in non-positional format of string resource string/mtr_error_different. Did you mean to add the formatted="false" attribute?
/Users/forkman03/project/nome/simplex-chat/apps/multiplatform/common/build/intermediates/packaged_res/debug/packageDebugResources/values-de/values-de.xml:1021:4: Multiple substitutions specified in non-positional format of string resource string/group_members_n. Did you mean to add the formatted="false" attribute?
/Users/forkman03/project/nome/simplex-chat/apps/multiplatform/common/build/intermediates/packaged_res/debug/packageDebugResources/values-vi/values-vi.xml:1951:4: Multiple substitutions specified in non-positional format of string resource string/snd_group_event_changed_member_role. Did you mean to add the formatted="false" attribute?
/Users/forkman03/project/nome/simplex-chat/apps/multiplatform/common/build/intermediates/packaged_res/debug/packageDebugResources/values-ru/values-ru.xml:553:4: Multiple substitutions specified in non-positional format of string resource string/core_simplexmq_version. Did you mean to add the formatted="false" attribute?
/Users/forkman03/project/nome/simplex-chat/apps/multiplatform/common/build/intermediates/packaged_res/debug/packageDebugResources/values-fi/values-fi.xml:989:4: Multiple substitutions specified in non-positional format of string resource string/recipient_colon_delivery_status. Did you mean to add the formatted="false" attribute?
/Users/forkman03/project/nome/simplex-chat/apps/multiplatform/common/build/intermediates/packaged_res/debug/packageDebugResources/values-tr/values-tr.xml:473:4: Multiple substitutions specified in non-positional format of string resource string/core_simplexmq_version. Did you mean to add the formatted="false" attribute?
/Users/forkman03/project/nome/simplex-chat/apps/multiplatform/common/build/intermediates/packaged_res/debug/packageDebugResources/values-fi/values-fi.xml:1066:4: Multiple substitutions specified in non-positional format of string resource string/sender_at_ts. Did you mean to add the formatted="false" attribute?
/Users/forkman03/project/nome/simplex-chat/apps/multiplatform/common/build/intermediates/packaged_res/debug/packageDebugResources/values-ro/values-ro.xml:1242:4: Multiple substitutions specified in non-positional format of string resource string/mtr_error_different. Did you mean to add the formatted="false" attribute?
/Users/forkman03/project/nome/simplex-chat/apps/multiplatform/common/build/intermediates/packaged_res/debug/packageDebugResources/values-fi/values-fi.xml:1200:4: Multiple substitutions specified in non-positional format of string resource string/snd_group_event_changed_member_role. Did you mean to add the formatted="false" attribute?
/Users/forkman03/project/nome/simplex-chat/apps/multiplatform/common/build/intermediates/packaged_res/debug/packageDebugResources/values-vi/values-vi.xml:2047:4: Multiple substitutions specified in non-positional format of string resource string/total_files_count_and_size. Did you mean to add the formatted="false" attribute?
/Users/forkman03/project/nome/simplex-chat/apps/multiplatform/common/build/intermediates/packaged_res/debug/packageDebugResources/values-fi/values-fi.xml:1268:4: Multiple substitutions specified in non-positional format of string resource string/total_files_count_and_size. Did you mean to add the formatted="false" attribute?
/Users/forkman03/project/nome/simplex-chat/apps/multiplatform/common/build/intermediates/packaged_res/debug/packageDebugResources/values-de/values-de.xml:1398:4: Multiple substitutions specified in non-positional format of string resource string/mtr_error_different. Did you mean to add the formatted="false" attribute?
/Users/forkman03/project/nome/simplex-chat/apps/multiplatform/common/build/intermediates/packaged_res/debug/packageDebugResources/values-tr/values-tr.xml:782:4: Multiple substitutions specified in non-positional format of string resource string/feature_offered_item_with_param. Did you mean to add the formatted="false" attribute?
/Users/forkman03/project/nome/simplex-chat/apps/multiplatform/common/build/intermediates/packaged_res/debug/packageDebugResources/values-ru/values-ru.xml:892:4: Multiple substitutions specified in non-positional format of string resource string/feature_offered_item_with_param. Did you mean to add the formatted="false" attribute?
/Users/forkman03/project/nome/simplex-chat/apps/multiplatform/common/build/intermediates/packaged_res/debug/packageDebugResources/values-cs/values-cs.xml:109:4: Multiple substitutions specified in non-positional format of string resource string/app_check_for_updates_button_download. Did you mean to add the formatted="false" attribute?
/Users/forkman03/project/nome/simplex-chat/apps/multiplatform/common/build/intermediates/packaged_res/debug/packageDebugResources/values-ar/values-ar.xml:1798:4: Multiple substitutions specified in non-positional format of string resource string/rcv_group_event_2_members_connected. Did you mean to add the formatted="false" attribute?
/Users/forkman03/project/nome/simplex-chat/apps/multiplatform/common/build/intermediates/packaged_res/debug/packageDebugResources/values-ar/values-ar.xml:1799:4: Multiple substitutions specified in non-positional format of string resource string/rcv_group_event_3_members_connected. Did you mean to add the formatted="false" attribute?
/Users/forkman03/project/nome/simplex-chat/apps/multiplatform/common/build/intermediates/packaged_res/debug/packageDebugResources/values-ar/values-ar.xml:1800:4: Multiple substitutions specified in non-positional format of string resource string/rcv_group_event_changed_member_role. Did you mean to add the formatted="false" attribute?
/Users/forkman03/project/nome/simplex-chat/apps/multiplatform/common/build/intermediates/packaged_res/debug/packageDebugResources/values-tr/values-tr.xml:877:4: Multiple substitutions specified in non-positional format of string resource string/group_members_2. Did you mean to add the formatted="false" attribute?
/Users/forkman03/project/nome/simplex-chat/apps/multiplatform/common/build/intermediates/packaged_res/debug/packageDebugResources/values-ar/values-ar.xml:1812:4: Multiple substitutions specified in non-positional format of string resource string/rcv_group_event_n_members_connected. Did you mean to add the formatted="false" attribute?
/Users/forkman03/project/nome/simplex-chat/apps/multiplatform/common/build/intermediates/packaged_res/debug/packageDebugResources/values-ro/values-ro.xml:1598:4: Multiple substitutions specified in non-positional format of string resource string/rcv_group_event_2_members_connected. Did you mean to add the formatted="false" attribute?
/Users/forkman03/project/nome/simplex-chat/apps/multiplatform/common/build/intermediates/packaged_res/debug/packageDebugResources/values-tr/values-tr.xml:886:4: Multiple substitutions specified in non-positional format of string resource string/group_members_n. Did you mean to add the formatted="false" attribute?
/Users/forkman03/project/nome/simplex-chat/apps/multiplatform/common/build/intermediates/packaged_res/debug/packageDebugResources/values-ro/values-ro.xml:1599:4: Multiple substitutions specified in non-positional format of string resource string/rcv_group_event_3_members_connected. Did you mean to add the formatted="false" attribute?
/Users/forkman03/project/nome/simplex-chat/apps/multiplatform/common/build/intermediates/packaged_res/debug/packageDebugResources/values-ro/values-ro.xml:1600:4: Multiple substitutions specified in non-positional format of string resource string/rcv_group_event_changed_member_role. Did you mean to add the formatted="false" attribute?
/Users/forkman03/project/nome/simplex-chat/apps/multiplatform/common/build/intermediates/packaged_res/debug/packageDebugResources/values-ro/values-ro.xml:1612:4: Multiple substitutions specified in non-positional format of string resource string/rcv_group_event_n_members_connected. Did you mean to add the formatted="false" attribute?
/Users/forkman03/project/nome/simplex-chat/apps/multiplatform/common/build/intermediates/packaged_res/debug/packageDebugResources/values-ru/values-ru.xml:991:4: Multiple substitutions specified in non-positional format of string resource string/group_members_2. Did you mean to add the formatted="false" attribute?
/Users/forkman03/project/nome/simplex-chat/apps/multiplatform/common/build/intermediates/packaged_res/debug/packageDebugResources/values-ro/values-ro.xml:1647:4: Multiple substitutions specified in non-positional format of string resource string/recipient_colon_delivery_status. Did you mean to add the formatted="false" attribute?
/Users/forkman03/project/nome/simplex-chat/apps/multiplatform/common/build/intermediates/packaged_res/debug/packageDebugResources/values-ar/values-ar.xml:1851:4: Multiple substitutions specified in non-positional format of string resource string/recipient_colon_delivery_status. Did you mean to add the formatted="false" attribute?
/Users/forkman03/project/nome/simplex-chat/apps/multiplatform/common/build/intermediates/packaged_res/debug/packageDebugResources/values-ro/values-ro.xml:1669:4: Multiple substitutions specified in non-positional format of string resource string/remote_host_disconnected_from. Did you mean to add the formatted="false" attribute?
/Users/forkman03/project/nome/simplex-chat/apps/multiplatform/common/build/intermediates/packaged_res/debug/packageDebugResources/values-ru/values-ru.xml:1008:4: Multiple substitutions specified in non-positional format of string resource string/group_members_n. Did you mean to add the formatted="false" attribute?
/Users/forkman03/project/nome/simplex-chat/apps/multiplatform/common/build/intermediates/packaged_res/debug/packageDebugResources/values-ar/values-ar.xml:1917:4: Multiple substitutions specified in non-positional format of string resource string/remote_host_disconnected_from. Did you mean to add the formatted="false" attribute?
/Users/forkman03/project/nome/simplex-chat/apps/multiplatform/common/build/intermediates/packaged_res/debug/packageDebugResources/values-ro/values-ro.xml:1798:4: Multiple substitutions specified in non-positional format of string resource string/sender_at_ts. Did you mean to add the formatted="false" attribute?
/Users/forkman03/project/nome/simplex-chat/apps/multiplatform/common/build/intermediates/packaged_res/debug/packageDebugResources/values-cs/values-cs.xml:556:4: Multiple substitutions specified in non-positional format of string resource string/core_simplexmq_version. Did you mean to add the formatted="false" attribute?
/Users/forkman03/project/nome/simplex-chat/apps/multiplatform/common/build/intermediates/packaged_res/debug/packageDebugResources/values-ru/values-ru.xml:1382:4: Multiple substitutions specified in non-positional format of string resource string/mtr_error_different. Did you mean to add the formatted="false" attribute?
/Users/forkman03/project/nome/simplex-chat/apps/multiplatform/common/build/intermediates/packaged_res/debug/packageDebugResources/values-ar/values-ar.xml:2050:4: Multiple substitutions specified in non-positional format of string resource string/sender_at_ts. Did you mean to add the formatted="false" attribute?
/Users/forkman03/project/nome/simplex-chat/apps/multiplatform/common/build/intermediates/packaged_res/debug/packageDebugResources/values-tr/values-tr.xml:1237:4: Multiple substitutions specified in non-positional format of string resource string/mtr_error_different. Did you mean to add the formatted="false" attribute?
/Users/forkman03/project/nome/simplex-chat/apps/multiplatform/common/build/intermediates/packaged_res/debug/packageDebugResources/values-ro/values-ro.xml:2024:4: Multiple substitutions specified in non-positional format of string resource string/snd_group_event_changed_member_role. Did you mean to add the formatted="false" attribute?
/Users/forkman03/project/nome/simplex-chat/apps/multiplatform/common/build/intermediates/packaged_res/debug/packageDebugResources/values-de/values-de.xml:1799:4: Multiple substitutions specified in non-positional format of string resource string/rcv_group_event_2_members_connected. Did you mean to add the formatted="false" attribute?
/Users/forkman03/project/nome/simplex-chat/apps/multiplatform/common/build/intermediates/packaged_res/debug/packageDebugResources/values-de/values-de.xml:1800:4: Multiple substitutions specified in non-positional format of string resource string/rcv_group_event_3_members_connected. Did you mean to add the formatted="false" attribute?
/Users/forkman03/project/nome/simplex-chat/apps/multiplatform/common/build/intermediates/packaged_res/debug/packageDebugResources/values-de/values-de.xml:1801:4: Multiple substitutions specified in non-positional format of string resource string/rcv_group_event_changed_member_role. Did you mean to add the formatted="false" attribute?
/Users/forkman03/project/nome/simplex-chat/apps/multiplatform/common/build/intermediates/packaged_res/debug/packageDebugResources/values-de/values-de.xml:1813:4: Multiple substitutions specified in non-positional format of string resource string/rcv_group_event_n_members_connected. Did you mean to add the formatted="false" attribute?
/Users/forkman03/project/nome/simplex-chat/apps/multiplatform/common/build/intermediates/packaged_res/debug/packageDebugResources/values-de/values-de.xml:1852:4: Multiple substitutions specified in non-positional format of string resource string/recipient_colon_delivery_status. Did you mean to add the formatted="false" attribute?
/Users/forkman03/project/nome/simplex-chat/apps/multiplatform/common/build/intermediates/packaged_res/debug/packageDebugResources/values-ro/values-ro.xml:2123:4: Multiple substitutions specified in non-positional format of string resource string/total_files_count_and_size. Did you mean to add the formatted="false" attribute?
/Users/forkman03/project/nome/simplex-chat/apps/multiplatform/common/build/intermediates/packaged_res/debug/packageDebugResources/values-de/values-de.xml:1918:4: Multiple substitutions specified in non-positional format of string resource string/remote_host_disconnected_from. Did you mean to add the formatted="false" attribute?
/Users/forkman03/project/nome/simplex-chat/apps/multiplatform/common/build/intermediates/packaged_res/debug/packageDebugResources/values-ar/values-ar.xml:2283:4: Multiple substitutions specified in non-positional format of string resource string/snd_group_event_changed_member_role. Did you mean to add the formatted="false" attribute?
/Users/forkman03/project/nome/simplex-chat/apps/multiplatform/common/build/intermediates/packaged_res/debug/packageDebugResources/values-de/values-de.xml:2051:4: Multiple substitutions specified in non-positional format of string resource string/sender_at_ts. Did you mean to add the formatted="false" attribute?
/Users/forkman03/project/nome/simplex-chat/apps/multiplatform/common/build/intermediates/packaged_res/debug/packageDebugResources/values-cs/values-cs.xml:895:4: Multiple substitutions specified in non-positional format of string resource string/feature_offered_item_with_param. Did you mean to add the formatted="false" attribute?
/Users/forkman03/project/nome/simplex-chat/apps/multiplatform/common/build/intermediates/packaged_res/debug/packageDebugResources/values-cs/values-cs.xml:995:4: Multiple substitutions specified in non-positional format of string resource string/group_members_2. Did you mean to add the formatted="false" attribute?
/Users/forkman03/project/nome/simplex-chat/apps/multiplatform/common/build/intermediates/packaged_res/debug/packageDebugResources/values-cs/values-cs.xml:1012:4: Multiple substitutions specified in non-positional format of string resource string/group_members_n. Did you mean to add the formatted="false" attribute?
/Users/forkman03/project/nome/simplex-chat/apps/multiplatform/common/build/intermediates/packaged_res/debug/packageDebugResources/values-ar/values-ar.xml:2388:4: Multiple substitutions specified in non-positional format of string resource string/total_files_count_and_size. Did you mean to add the formatted="false" attribute?

> Task :android:packageDebugResources
> Task :android:createDebugCompatibleScreenManifests
> Task :android:extractDeepLinksDebug
> Task :common:extractDeepLinksDebug
> Task :common:convertXmlValueResourcesForAndroidMain NO-SOURCE
> Task :common:copyNonXmlValueResourcesForAndroidMain NO-SOURCE
> Task :common:prepareComposeResourcesTaskForAndroidMain NO-SOURCE
> Task :common:generateResourceAccessorsForAndroidMain SKIPPED
> Task :common:generateActualResourceCollectorsForAndroidMain SKIPPED
> Task :common:generateAndroidDebugNonAndroidBuildConfig SKIPPED
> Task :common:generateAndroidMainNonAndroidBuildConfig SKIPPED
> Task :common:convertXmlValueResourcesForAndroidDebug NO-SOURCE
> Task :common:copyNonXmlValueResourcesForAndroidDebug NO-SOURCE
> Task :common:prepareComposeResourcesTaskForAndroidDebug NO-SOURCE
> Task :common:generateResourceAccessorsForAndroidDebug SKIPPED
> Task :android:preDebugUnitTestBuild UP-TO-DATE

> Task :common:processDebugManifest
package="chat.simplex.common" found in source AndroidManifest.xml: /Users/forkman03/project/nome/simplex-chat/apps/multiplatform/common/src/androidMain/AndroidManifest.xml.
Setting the namespace via the package attribute in the source AndroidManifest.xml is no longer supported, and the value is ignored.
Recommendation: remove package="chat.simplex.common" from the source AndroidManifest.xml: /Users/forkman03/project/nome/simplex-chat/apps/multiplatform/common/src/androidMain/AndroidManifest.xml.

> Task :android:processDebugMainManifest
package="chat.simplex.app" found in source AndroidManifest.xml: /Users/forkman03/project/nome/simplex-chat/apps/multiplatform/android/src/main/AndroidManifest.xml.
Setting the namespace via the package attribute in the source AndroidManifest.xml is no longer supported, and the value is ignored.
Recommendation: remove package="chat.simplex.app" from the source AndroidManifest.xml: /Users/forkman03/project/nome/simplex-chat/apps/multiplatform/android/src/main/AndroidManifest.xml.
/Users/forkman03/project/nome/simplex-chat/apps/multiplatform/android/src/main/AndroidManifest.xml:45:7-57 Warning:
	android:extractNativeLibs should not be specified in this source AndroidManifest.xml file. See https://d.android.com/guide/topics/manifest/application-element#extractNativeLibs for more information.
The AGP Upgrade Assistant can remove the attribute from the AndroidManifest.xml file and update the build file accordingly. See https://d.android.com/studio/build/agp-upgrade-assistant for more information.

> Task :android:processDebugManifest
> Task :android:javaPreCompileDebug
> Task :android:javaPreCompileDebugUnitTest
> Task :common:mergeDebugJniLibFolders
> Task :common:mergeDebugNativeLibs NO-SOURCE
> Task :common:stripDebugDebugSymbols NO-SOURCE
> Task :common:copyDebugJniLibsProjectAndLocalJars
> Task :common:extractDeepLinksForAarDebug
> Task :common:mergeDebugShaders
> Task :common:compileDebugShaders NO-SOURCE
> Task :common:copyDebugComposeResourcesToAndroidAssets
> Task :common:debugAssetsCopyForAGP NO-SOURCE
> Task :common:generateDebugAssets UP-TO-DATE
> Task :android:parseDebugLocalResources
> Task :common:packageDebugAssets
> Task :common:prepareDebugArtProfile
> Task :android:preDebugAndroidTestBuild SKIPPED
> Task :android:generateDebugAndroidTestResValues
> Task :common:writeDebugLintModelMetadata
> Task :android:extractProguardFiles
> Task :common:extractProguardFiles
> Task :common:preDebugAndroidTestBuild UP-TO-DATE
> Task :common:generateDebugAndroidTestResValues
> Task :common:preDebugUnitTestBuild UP-TO-DATE
> Task :android:mergeDebugNativeDebugMetadata NO-SOURCE
> Task :android:mergeDebugShaders
> Task :android:compileDebugShaders NO-SOURCE
> Task :android:generateDebugAssets UP-TO-DATE
> Task :common:parseDebugLocalResources
> Task :common:prepareLintJarForPublish
> Task :android:mergeDebugAssets
> Task :android:processDebugManifestForPackage
> Task :common:compileDebugLibraryResources
> Task :android:compressDebugAssets
> Task :common:javaPreCompileDebug
> Task :android:desugarDebugFileDependencies
> Task :android:configureCMakeDebug[arm64-v8a]
> Task :android:buildCMakeDebug[arm64-v8a]
> Task :android:configureCMakeDebug[armeabi-v7a]
> Task :common:generateDebugRFile
> Task :android:buildCMakeDebug[armeabi-v7a]
> Task :android:checkDebugDuplicateClasses

> Task :android:mergeDebugResources
/Users/forkman03/project/nome/simplex-chat/apps/multiplatform/common/build/intermediates/packaged_res/debug/packageDebugResources/values-ru/values-ru.xml:1780:4: Multiple substitutions specified in non-positional format of string resource string/rcv_group_event_2_members_connected. Did you mean to add the formatted="false" attribute?
/Users/forkman03/project/nome/simplex-chat/apps/multiplatform/common/build/intermediates/packaged_res/debug/packageDebugResources/values-ru/values-ru.xml:1781:4: Multiple substitutions specified in non-positional format of string resource string/rcv_group_event_3_members_connected. Did you mean to add the formatted="false" attribute?
/Users/forkman03/project/nome/simplex-chat/apps/multiplatform/common/build/intermediates/packaged_res/debug/packageDebugResources/values-ru/values-ru.xml:1782:4: Multiple substitutions specified in non-positional format of string resource string/rcv_group_event_changed_member_role. Did you mean to add the formatted="false" attribute?
/Users/forkman03/project/nome/simplex-chat/apps/multiplatform/common/build/intermediates/packaged_res/debug/packageDebugResources/values-cs/values-cs.xml:1385:4: Multiple substitutions specified in non-positional format of string resource string/mtr_error_different. Did you mean to add the formatted="false" attribute?
/Users/forkman03/project/nome/simplex-chat/apps/multiplatform/common/build/intermediates/packaged_res/debug/packageDebugResources/values-ru/values-ru.xml:1794:4: Multiple substitutions specified in non-positional format of string resource string/rcv_group_event_n_members_connected. Did you mean to add the formatted="false" attribute?
/Users/forkman03/project/nome/simplex-chat/apps/multiplatform/common/build/intermediates/packaged_res/debug/packageDebugResources/values-ru/values-ru.xml:1833:4: Multiple substitutions specified in non-positional format of string resource string/recipient_colon_delivery_status. Did you mean to add the formatted="false" attribute?
/Users/forkman03/project/nome/simplex-chat/apps/multiplatform/common/build/intermediates/packaged_res/debug/packageDebugResources/values-tr/values-tr.xml:1588:4: Multiple substitutions specified in non-positional format of string resource string/rcv_group_event_2_members_connected. Did you mean to add the formatted="false" attribute?
/Users/forkman03/project/nome/simplex-chat/apps/multiplatform/common/build/intermediates/packaged_res/debug/packageDebugResources/values-tr/values-tr.xml:1589:4: Multiple substitutions specified in non-positional format of string resource string/rcv_group_event_3_members_connected. Did you mean to add the formatted="false" attribute?
/Users/forkman03/project/nome/simplex-chat/apps/multiplatform/common/build/intermediates/packaged_res/debug/packageDebugResources/values-tr/values-tr.xml:1590:4: Multiple substitutions specified in non-positional format of string resource string/rcv_group_event_changed_member_role. Did you mean to add the formatted="false" attribute?
/Users/forkman03/project/nome/simplex-chat/apps/multiplatform/common/build/intermediates/packaged_res/debug/packageDebugResources/values-tr/values-tr.xml:1602:4: Multiple substitutions specified in non-positional format of string resource string/rcv_group_event_n_members_connected. Did you mean to add the formatted="false" attribute?
/Users/forkman03/project/nome/simplex-chat/apps/multiplatform/common/build/intermediates/packaged_res/debug/packageDebugResources/values-de/values-de.xml:2284:4: Multiple substitutions specified in non-positional format of string resource string/snd_group_event_changed_member_role. Did you mean to add the formatted="false" attribute?
/Users/forkman03/project/nome/simplex-chat/apps/multiplatform/common/build/intermediates/packaged_res/debug/packageDebugResources/values-tr/values-tr.xml:1637:4: Multiple substitutions specified in non-positional format of string resource string/recipient_colon_delivery_status. Did you mean to add the formatted="false" attribute?
/Users/forkman03/project/nome/simplex-chat/apps/multiplatform/common/build/intermediates/packaged_res/debug/packageDebugResources/values-tr/values-tr.xml:1659:4: Multiple substitutions specified in non-positional format of string resource string/remote_host_disconnected_from. Did you mean to add the formatted="false" attribute?
/Users/forkman03/project/nome/simplex-chat/apps/multiplatform/common/build/intermediates/packaged_res/debug/packageDebugResources/values-de/values-de.xml:2389:4: Multiple substitutions specified in non-positional format of string resource string/total_files_count_and_size. Did you mean to add the formatted="false" attribute?
/Users/forkman03/project/nome/simplex-chat/apps/multiplatform/common/build/intermediates/packaged_res/debug/packageDebugResources/values-tr/values-tr.xml:1787:4: Multiple substitutions specified in non-positional format of string resource string/sender_at_ts. Did you mean to add the formatted="false" attribute?
/Users/forkman03/project/nome/simplex-chat/apps/multiplatform/common/build/intermediates/packaged_res/debug/packageDebugResources/values-cs/values-cs.xml:1775:4: Multiple substitutions specified in non-positional format of string resource string/rcv_group_event_2_members_connected. Did you mean to add the formatted="false" attribute?
/Users/forkman03/project/nome/simplex-chat/apps/multiplatform/common/build/intermediates/packaged_res/debug/packageDebugResources/values-ru/values-ru.xml:1894:4: Multiple substitutions specified in non-positional format of string resource string/remote_host_disconnected_from. Did you mean to add the formatted="false" attribute?
/Users/forkman03/project/nome/simplex-chat/apps/multiplatform/common/build/intermediates/packaged_res/debug/packageDebugResources/values-cs/values-cs.xml:1776:4: Multiple substitutions specified in non-positional format of string resource string/rcv_group_event_3_members_connected. Did you mean to add the formatted="false" attribute?
/Users/forkman03/project/nome/simplex-chat/apps/multiplatform/common/build/intermediates/packaged_res/debug/packageDebugResources/values-cs/values-cs.xml:1777:4: Multiple substitutions specified in non-positional format of string resource string/rcv_group_event_changed_member_role. Did you mean to add the formatted="false" attribute?
/Users/forkman03/project/nome/simplex-chat/apps/multiplatform/common/build/intermediates/packaged_res/debug/packageDebugResources/values-cs/values-cs.xml:1789:4: Multiple substitutions specified in non-positional format of string resource string/rcv_group_event_n_members_connected. Did you mean to add the formatted="false" attribute?
/Users/forkman03/project/nome/simplex-chat/apps/multiplatform/common/build/intermediates/packaged_res/debug/packageDebugResources/values-cs/values-cs.xml:1827:4: Multiple substitutions specified in non-positional format of string resource string/recipient_colon_delivery_status. Did you mean to add the formatted="false" attribute?
/Users/forkman03/project/nome/simplex-chat/apps/multiplatform/common/build/intermediates/packaged_res/debug/packageDebugResources/values-ru/values-ru.xml:2026:4: Multiple substitutions specified in non-positional format of string resource string/sender_at_ts. Did you mean to add the formatted="false" attribute?
/Users/forkman03/project/nome/simplex-chat/apps/multiplatform/common/build/intermediates/packaged_res/debug/packageDebugResources/values-cs/values-cs.xml:1886:4: Multiple substitutions specified in non-positional format of string resource string/remote_host_disconnected_from. Did you mean to add the formatted="false" attribute?
/Users/forkman03/project/nome/simplex-chat/apps/multiplatform/common/build/intermediates/packaged_res/debug/packageDebugResources/values-tr/values-tr.xml:2010:4: Multiple substitutions specified in non-positional format of string resource string/snd_group_event_changed_member_role. Did you mean to add the formatted="false" attribute?
/Users/forkman03/project/nome/simplex-chat/apps/multiplatform/common/build/intermediates/packaged_res/debug/packageDebugResources/values-tr/values-tr.xml:2108:4: Multiple substitutions specified in non-positional format of string resource string/total_files_count_and_size. Did you mean to add the formatted="false" attribute?
/Users/forkman03/project/nome/simplex-chat/apps/multiplatform/common/build/intermediates/packaged_res/debug/packageDebugResources/values-cs/values-cs.xml:2019:4: Multiple substitutions specified in non-positional format of string resource string/sender_at_ts. Did you mean to add the formatted="false" attribute?
/Users/forkman03/project/nome/simplex-chat/apps/multiplatform/common/build/intermediates/packaged_res/debug/packageDebugResources/values-ru/values-ru.xml:2259:4: Multiple substitutions specified in non-positional format of string resource string/snd_group_event_changed_member_role. Did you mean to add the formatted="false" attribute?
/Users/forkman03/project/nome/simplex-chat/apps/multiplatform/common/build/intermediates/packaged_res/debug/packageDebugResources/values-ru/values-ru.xml:2364:4: Multiple substitutions specified in non-positional format of string resource string/total_files_count_and_size. Did you mean to add the formatted="false" attribute?
/Users/forkman03/project/nome/simplex-chat/apps/multiplatform/common/build/intermediates/packaged_res/debug/packageDebugResources/values-ml/values-ml.xml:277:4: Multiple substitutions specified in non-positional format of string resource string/rcv_group_event_changed_member_role. Did you mean to add the formatted="false" attribute?
/Users/forkman03/project/nome/simplex-chat/apps/multiplatform/common/build/intermediates/packaged_res/debug/packageDebugResources/values-ml/values-ml.xml:352:4: Multiple substitutions specified in non-positional format of string resource string/snd_group_event_changed_member_role. Did you mean to add the formatted="false" attribute?
/Users/forkman03/project/nome/simplex-chat/apps/multiplatform/common/build/intermediates/packaged_res/debug/packageDebugResources/values-bg/values-bg.xml:99:4: Multiple substitutions specified in non-positional format of string resource string/app_check_for_updates_button_download. Did you mean to add the formatted="false" attribute?
/Users/forkman03/project/nome/simplex-chat/apps/multiplatform/common/build/intermediates/packaged_res/debug/packageDebugResources/values-cs/values-cs.xml:2252:4: Multiple substitutions specified in non-positional format of string resource string/snd_group_event_changed_member_role. Did you mean to add the formatted="false" attribute?
/Users/forkman03/project/nome/simplex-chat/apps/multiplatform/common/build/intermediates/packaged_res/debug/packageDebugResources/values-bg/values-bg.xml:476:4: Multiple substitutions specified in non-positional format of string resource string/core_simplexmq_version. Did you mean to add the formatted="false" attribute?
/Users/forkman03/project/nome/simplex-chat/apps/multiplatform/common/build/intermediates/packaged_res/debug/packageDebugResources/values-bg/values-bg.xml:787:4: Multiple substitutions specified in non-positional format of string resource string/feature_offered_item_with_param. Did you mean to add the formatted="false" attribute?
/Users/forkman03/project/nome/simplex-chat/apps/multiplatform/common/build/intermediates/packaged_res/debug/packageDebugResources/values-cs/values-cs.xml:2357:4: Multiple substitutions specified in non-positional format of string resource string/total_files_count_and_size. Did you mean to add the formatted="false" attribute?
/Users/forkman03/project/nome/simplex-chat/apps/multiplatform/common/build/intermediates/packaged_res/debug/packageDebugResources/values-bg/values-bg.xml:883:4: Multiple substitutions specified in non-positional format of string resource string/group_members_2. Did you mean to add the formatted="false" attribute?
/Users/forkman03/project/nome/simplex-chat/apps/multiplatform/common/build/intermediates/packaged_res/debug/packageDebugResources/values-bg/values-bg.xml:892:4: Multiple substitutions specified in non-positional format of string resource string/group_members_n. Did you mean to add the formatted="false" attribute?
/Users/forkman03/project/nome/simplex-chat/apps/multiplatform/common/build/intermediates/packaged_res/debug/packageDebugResources/values-es/values-es.xml:109:4: Multiple substitutions specified in non-positional format of string resource string/app_check_for_updates_button_download. Did you mean to add the formatted="false" attribute?
/Users/forkman03/project/nome/simplex-chat/apps/multiplatform/common/build/intermediates/packaged_res/debug/packageDebugResources/values-es/values-es.xml:561:4: Multiple substitutions specified in non-positional format of string resource string/core_simplexmq_version. Did you mean to add the formatted="false" attribute?
/Users/forkman03/project/nome/simplex-chat/apps/multiplatform/common/build/intermediates/packaged_res/debug/packageDebugResources/values-ku/values-ku.xml:35:4: Multiple substitutions specified in non-positional format of string resource string/app_check_for_updates_button_download. Did you mean to add the formatted="false" attribute?
/Users/forkman03/project/nome/simplex-chat/apps/multiplatform/common/build/intermediates/packaged_res/debug/packageDebugResources/values-ku/values-ku.xml:174:4: Multiple substitutions specified in non-positional format of string resource string/core_simplexmq_version. Did you mean to add the formatted="false" attribute?
/Users/forkman03/project/nome/simplex-chat/apps/multiplatform/common/build/intermediates/packaged_res/debug/packageDebugResources/values-ku/values-ku.xml:320:4: Multiple substitutions specified in non-positional format of string resource string/group_members_2. Did you mean to add the formatted="false" attribute?
/Users/forkman03/project/nome/simplex-chat/apps/multiplatform/common/build/intermediates/packaged_res/debug/packageDebugResources/values-ku/values-ku.xml:323:4: Multiple substitutions specified in non-positional format of string resource string/group_members_n. Did you mean to add the formatted="false" attribute?
/Users/forkman03/project/nome/simplex-chat/apps/multiplatform/common/build/intermediates/packaged_res/debug/packageDebugResources/values-ku/values-ku.xml:542:4: Multiple substitutions specified in non-positional format of string resource string/rcv_group_event_changed_member_role. Did you mean to add the formatted="false" attribute?
/Users/forkman03/project/nome/simplex-chat/apps/multiplatform/common/build/intermediates/packaged_res/debug/packageDebugResources/values-ku/values-ku.xml:554:4: Multiple substitutions specified in non-positional format of string resource string/recipient_colon_delivery_status. Did you mean to add the formatted="false" attribute?
/Users/forkman03/project/nome/simplex-chat/apps/multiplatform/common/build/intermediates/packaged_res/debug/packageDebugResources/values-th/values-th.xml:226:4: Multiple substitutions specified in non-positional format of string resource string/core_simplexmq_version. Did you mean to add the formatted="false" attribute?
/Users/forkman03/project/nome/simplex-chat/apps/multiplatform/common/build/intermediates/packaged_res/debug/packageDebugResources/values-th/values-th.xml:420:4: Multiple substitutions specified in non-positional format of string resource string/feature_offered_item_with_param. Did you mean to add the formatted="false" attribute?
/Users/forkman03/project/nome/simplex-chat/apps/multiplatform/common/build/intermediates/packaged_res/debug/packageDebugResources/values-th/values-th.xml:689:4: Multiple substitutions specified in non-positional format of string resource string/mtr_error_different. Did you mean to add the formatted="false" attribute?
/Users/forkman03/project/nome/simplex-chat/apps/multiplatform/common/build/intermediates/packaged_res/debug/packageDebugResources/values-th/values-th.xml:832:4: Multiple substitutions specified in non-positional format of string resource string/rcv_group_event_changed_member_role. Did you mean to add the formatted="false" attribute?
/Users/forkman03/project/nome/simplex-chat/apps/multiplatform/common/build/intermediates/packaged_res/debug/packageDebugResources/values-th/values-th.xml:867:4: Multiple substitutions specified in non-positional format of string resource string/recipient_colon_delivery_status. Did you mean to add the formatted="false" attribute?
/Users/forkman03/project/nome/simplex-chat/apps/multiplatform/common/build/intermediates/packaged_res/debug/packageDebugResources/values-th/values-th.xml:937:4: Multiple substitutions specified in non-positional format of string resource string/sender_at_ts. Did you mean to add the formatted="false" attribute?
/Users/forkman03/project/nome/simplex-chat/apps/multiplatform/common/build/intermediates/packaged_res/debug/packageDebugResources/values-th/values-th.xml:1056:4: Multiple substitutions specified in non-positional format of string resource string/snd_group_event_changed_member_role. Did you mean to add the formatted="false" attribute?
/Users/forkman03/project/nome/simplex-chat/apps/multiplatform/common/build/intermediates/packaged_res/debug/packageDebugResources/values-th/values-th.xml:1113:4: Multiple substitutions specified in non-positional format of string resource string/total_files_count_and_size. Did you mean to add the formatted="false" attribute?
/Users/forkman03/project/nome/simplex-chat/apps/multiplatform/common/build/intermediates/packaged_res/debug/packageDebugResources/values-ku/values-ku.xml:745:4: Multiple substitutions specified in non-positional format of string resource string/total_files_count_and_size. Did you mean to add the formatted="false" attribute?
/Users/forkman03/project/nome/simplex-chat/apps/multiplatform/common/build/intermediates/packaged_res/debug/packageDebugResources/values-bg/values-bg.xml:1243:4: Multiple substitutions specified in non-positional format of string resource string/mtr_error_different. Did you mean to add the formatted="false" attribute?
/Users/forkman03/project/nome/simplex-chat/apps/multiplatform/common/build/intermediates/packaged_res/debug/packageDebugResources/values-bg/values-bg.xml:1599:4: Multiple substitutions specified in non-positional format of string resource string/rcv_group_event_2_members_connected. Did you mean to add the formatted="false" attribute?
/Users/forkman03/project/nome/simplex-chat/apps/multiplatform/common/build/intermediates/packaged_res/debug/packageDebugResources/values-bg/values-bg.xml:1600:4: Multiple substitutions specified in non-positional format of string resource string/rcv_group_event_3_members_connected. Did you mean to add the formatted="false" attribute?
/Users/forkman03/project/nome/simplex-chat/apps/multiplatform/common/build/intermediates/packaged_res/debug/packageDebugResources/values-bg/values-bg.xml:1601:4: Multiple substitutions specified in non-positional format of string resource string/rcv_group_event_changed_member_role. Did you mean to add the formatted="false" attribute?
/Users/forkman03/project/nome/simplex-chat/apps/multiplatform/common/build/intermediates/packaged_res/debug/packageDebugResources/values-bg/values-bg.xml:1613:4: Multiple substitutions specified in non-positional format of string resource string/rcv_group_event_n_members_connected. Did you mean to add the formatted="false" attribute?
/Users/forkman03/project/nome/simplex-chat/apps/multiplatform/common/build/intermediates/packaged_res/debug/packageDebugResources/values-zh-rTW/values-zh-rTW.xml:92:4: Multiple substitutions specified in non-positional format of string resource string/app_check_for_updates_button_download. Did you mean to add the formatted="false" attribute?
/Users/forkman03/project/nome/simplex-chat/apps/multiplatform/common/build/intermediates/packaged_res/debug/packageDebugResources/values-bg/values-bg.xml:1648:4: Multiple substitutions specified in non-positional format of string resource string/recipient_colon_delivery_status. Did you mean to add the formatted="false" attribute?
/Users/forkman03/project/nome/simplex-chat/apps/multiplatform/common/build/intermediates/packaged_res/debug/packageDebugResources/values-bg/values-bg.xml:1670:4: Multiple substitutions specified in non-positional format of string resource string/remote_host_disconnected_from. Did you mean to add the formatted="false" attribute?
/Users/forkman03/project/nome/simplex-chat/apps/multiplatform/common/build/intermediates/packaged_res/debug/packageDebugResources/values-bg/values-bg.xml:1799:4: Multiple substitutions specified in non-positional format of string resource string/sender_at_ts. Did you mean to add the formatted="false" attribute?
/Users/forkman03/project/nome/simplex-chat/apps/multiplatform/common/build/intermediates/packaged_res/debug/packageDebugResources/values-zh-rTW/values-zh-rTW.xml:426:4: Multiple substitutions specified in non-positional format of string resource string/core_simplexmq_version. Did you mean to add the formatted="false" attribute?
/Users/forkman03/project/nome/simplex-chat/apps/multiplatform/common/build/intermediates/packaged_res/debug/packageDebugResources/values-bg/values-bg.xml:2025:4: Multiple substitutions specified in non-positional format of string resource string/snd_group_event_changed_member_role. Did you mean to add the formatted="false" attribute?
/Users/forkman03/project/nome/simplex-chat/apps/multiplatform/common/build/intermediates/packaged_res/debug/packageDebugResources/values-es/values-es.xml:902:4: Multiple substitutions specified in non-positional format of string resource string/feature_offered_item_with_param. Did you mean to add the formatted="false" attribute?
/Users/forkman03/project/nome/simplex-chat/apps/multiplatform/common/build/intermediates/packaged_res/debug/packageDebugResources/values-es/values-es.xml:1002:4: Multiple substitutions specified in non-positional format of string resource string/group_members_2. Did you mean to add the formatted="false" attribute?
/Users/forkman03/project/nome/simplex-chat/apps/multiplatform/common/build/intermediates/packaged_res/debug/packageDebugResources/values-es/values-es.xml:1019:4: Multiple substitutions specified in non-positional format of string resource string/group_members_n. Did you mean to add the formatted="false" attribute?
/Users/forkman03/project/nome/simplex-chat/apps/multiplatform/common/build/intermediates/packaged_res/debug/packageDebugResources/values-es/values-es.xml:1394:4: Multiple substitutions specified in non-positional format of string resource string/mtr_error_different. Did you mean to add the formatted="false" attribute?
/Users/forkman03/project/nome/simplex-chat/apps/multiplatform/common/build/intermediates/packaged_res/debug/packageDebugResources/values-bg/values-bg.xml:2124:4: Multiple substitutions specified in non-positional format of string resource string/total_files_count_and_size. Did you mean to add the formatted="false" attribute?
/Users/forkman03/project/nome/simplex-chat/apps/multiplatform/common/build/intermediates/packaged_res/debug/packageDebugResources/values-zh-rTW/values-zh-rTW.xml:708:4: Multiple substitutions specified in non-positional format of string resource string/feature_offered_item_with_param. Did you mean to add the formatted="false" attribute?
/Users/forkman03/project/nome/simplex-chat/apps/multiplatform/common/build/intermediates/packaged_res/debug/packageDebugResources/values-zh-rTW/values-zh-rTW.xml:796:4: Multiple substitutions specified in non-positional format of string resource string/group_members_2. Did you mean to add the formatted="false" attribute?
/Users/forkman03/project/nome/simplex-chat/apps/multiplatform/common/build/intermediates/packaged_res/debug/packageDebugResources/values-zh-rTW/values-zh-rTW.xml:804:4: Multiple substitutions specified in non-positional format of string resource string/group_members_n. Did you mean to add the formatted="false" attribute?
/Users/forkman03/project/nome/simplex-chat/apps/multiplatform/common/build/intermediates/packaged_res/debug/packageDebugResources/values-zh-rCN/values-zh-rCN.xml:111:4: Multiple substitutions specified in non-positional format of string resource string/app_check_for_updates_button_download. Did you mean to add the formatted="false" attribute?
/Users/forkman03/project/nome/simplex-chat/apps/multiplatform/common/build/intermediates/packaged_res/debug/packageDebugResources/values-es/values-es.xml:1795:4: Multiple substitutions specified in non-positional format of string resource string/rcv_group_event_2_members_connected. Did you mean to add the formatted="false" attribute?
/Users/forkman03/project/nome/simplex-chat/apps/multiplatform/common/build/intermediates/packaged_res/debug/packageDebugResources/values-es/values-es.xml:1796:4: Multiple substitutions specified in non-positional format of string resource string/rcv_group_event_3_members_connected. Did you mean to add the formatted="false" attribute?
/Users/forkman03/project/nome/simplex-chat/apps/multiplatform/common/build/intermediates/packaged_res/debug/packageDebugResources/values-es/values-es.xml:1797:4: Multiple substitutions specified in non-positional format of string resource string/rcv_group_event_changed_member_role. Did you mean to add the formatted="false" attribute?
/Users/forkman03/project/nome/simplex-chat/apps/multiplatform/common/build/intermediates/packaged_res/debug/packageDebugResources/values-es/values-es.xml:1809:4: Multiple substitutions specified in non-positional format of string resource string/rcv_group_event_n_members_connected. Did you mean to add the formatted="false" attribute?
/Users/forkman03/project/nome/simplex-chat/apps/multiplatform/common/build/intermediates/packaged_res/debug/packageDebugResources/values-es/values-es.xml:1848:4: Multiple substitutions specified in non-positional format of string resource string/recipient_colon_delivery_status. Did you mean to add the formatted="false" attribute?
/Users/forkman03/project/nome/simplex-chat/apps/multiplatform/common/build/intermediates/packaged_res/debug/packageDebugResources/values-zh-rCN/values-zh-rCN.xml:563:4: Multiple substitutions specified in non-positional format of string resource string/core_simplexmq_version. Did you mean to add the formatted="false" attribute?
/Users/forkman03/project/nome/simplex-chat/apps/multiplatform/common/build/intermediates/packaged_res/debug/packageDebugResources/values-es/values-es.xml:1913:4: Multiple substitutions specified in non-positional format of string resource string/remote_host_disconnected_from. Did you mean to add the formatted="false" attribute?
/Users/forkman03/project/nome/simplex-chat/apps/multiplatform/common/build/intermediates/packaged_res/debug/packageDebugResources/values-uk/values-uk.xml:99:4: Multiple substitutions specified in non-positional format of string resource string/app_check_for_updates_button_download. Did you mean to add the formatted="false" attribute?
/Users/forkman03/project/nome/simplex-chat/apps/multiplatform/common/build/intermediates/packaged_res/debug/packageDebugResources/values-uk/values-uk.xml:475:4: Multiple substitutions specified in non-positional format of string resource string/core_simplexmq_version. Did you mean to add the formatted="false" attribute?
/Users/forkman03/project/nome/simplex-chat/apps/multiplatform/common/build/intermediates/packaged_res/debug/packageDebugResources/values-fr/values-fr.xml:92:4: Multiple substitutions specified in non-positional format of string resource string/app_check_for_updates_button_download. Did you mean to add the formatted="false" attribute?
/Users/forkman03/project/nome/simplex-chat/apps/multiplatform/common/build/intermediates/packaged_res/debug/packageDebugResources/values-fr/values-fr.xml:445:4: Multiple substitutions specified in non-positional format of string resource string/core_simplexmq_version. Did you mean to add the formatted="false" attribute?
/Users/forkman03/project/nome/simplex-chat/apps/multiplatform/common/build/intermediates/packaged_res/debug/packageDebugResources/values-zh-rCN/values-zh-rCN.xml:904:4: Multiple substitutions specified in non-positional format of string resource string/feature_offered_item_with_param. Did you mean to add the formatted="false" attribute?
/Users/forkman03/project/nome/simplex-chat/apps/multiplatform/common/build/intermediates/packaged_res/debug/packageDebugResources/values-zh-rTW/values-zh-rTW.xml:1134:4: Multiple substitutions specified in non-positional format of string resource string/mtr_error_different. Did you mean to add the formatted="false" attribute?
/Users/forkman03/project/nome/simplex-chat/apps/multiplatform/common/build/intermediates/packaged_res/debug/packageDebugResources/values-es/values-es.xml:2046:4: Multiple substitutions specified in non-positional format of string resource string/sender_at_ts. Did you mean to add the formatted="false" attribute?
/Users/forkman03/project/nome/simplex-chat/apps/multiplatform/common/build/intermediates/packaged_res/debug/packageDebugResources/values-zh-rCN/values-zh-rCN.xml:1004:4: Multiple substitutions specified in non-positional format of string resource string/group_members_2. Did you mean to add the formatted="false" attribute?
/Users/forkman03/project/nome/simplex-chat/apps/multiplatform/common/build/intermediates/packaged_res/debug/packageDebugResources/values-zh-rCN/values-zh-rCN.xml:1021:4: Multiple substitutions specified in non-positional format of string resource string/group_members_n. Did you mean to add the formatted="false" attribute?
/Users/forkman03/project/nome/simplex-chat/apps/multiplatform/common/build/intermediates/packaged_res/debug/packageDebugResources/values-es/values-es.xml:2279:4: Multiple substitutions specified in non-positional format of string resource string/snd_group_event_changed_member_role. Did you mean to add the formatted="false" attribute?
/Users/forkman03/project/nome/simplex-chat/apps/multiplatform/common/build/intermediates/packaged_res/debug/packageDebugResources/values-zh-rTW/values-zh-rTW.xml:1429:4: Multiple substitutions specified in non-positional format of string resource string/rcv_group_event_changed_member_role. Did you mean to add the formatted="false" attribute?
/Users/forkman03/project/nome/simplex-chat/apps/multiplatform/common/build/intermediates/packaged_res/debug/packageDebugResources/values-zh-rTW/values-zh-rTW.xml:1466:4: Multiple substitutions specified in non-positional format of string resource string/recipient_colon_delivery_status. Did you mean to add the formatted="false" attribute?
/Users/forkman03/project/nome/simplex-chat/apps/multiplatform/common/build/intermediates/packaged_res/debug/packageDebugResources/values-pt-rBR/values-pt-rBR.xml:92:4: Multiple substitutions specified in non-positional format of string resource string/app_check_for_updates_button_download. Did you mean to add the formatted="false" attribute?
/Users/forkman03/project/nome/simplex-chat/apps/multiplatform/common/build/intermediates/packaged_res/debug/packageDebugResources/values-zh-rTW/values-zh-rTW.xml:1485:4: Multiple substitutions specified in non-positional format of string resource string/remote_host_disconnected_from. Did you mean to add the formatted="false" attribute?
/Users/forkman03/project/nome/simplex-chat/apps/multiplatform/common/build/intermediates/packaged_res/debug/packageDebugResources/values-es/values-es.xml:2384:4: Multiple substitutions specified in non-positional format of string resource string/total_files_count_and_size. Did you mean to add the formatted="false" attribute?
/Users/forkman03/project/nome/simplex-chat/apps/multiplatform/common/build/intermediates/packaged_res/debug/packageDebugResources/values-uk/values-uk.xml:786:4: Multiple substitutions specified in non-positional format of string resource string/feature_offered_item_with_param. Did you mean to add the formatted="false" attribute?
/Users/forkman03/project/nome/simplex-chat/apps/multiplatform/common/build/intermediates/packaged_res/debug/packageDebugResources/values-uk/values-uk.xml:882:4: Multiple substitutions specified in non-positional format of string resource string/group_members_2. Did you mean to add the formatted="false" attribute?
/Users/forkman03/project/nome/simplex-chat/apps/multiplatform/common/build/intermediates/packaged_res/debug/packageDebugResources/values-uk/values-uk.xml:891:4: Multiple substitutions specified in non-positional format of string resource string/group_members_n. Did you mean to add the formatted="false" attribute?
/Users/forkman03/project/nome/simplex-chat/apps/multiplatform/common/build/intermediates/packaged_res/debug/packageDebugResources/values-zh-rTW/values-zh-rTW.xml:1592:4: Multiple substitutions specified in non-positional format of string resource string/sender_at_ts. Did you mean to add the formatted="false" attribute?
/Users/forkman03/project/nome/simplex-chat/apps/multiplatform/common/build/intermediates/packaged_res/debug/packageDebugResources/values-zh-rCN/values-zh-rCN.xml:1398:4: Multiple substitutions specified in non-positional format of string resource string/mtr_error_different. Did you mean to add the formatted="false" attribute?
/Users/forkman03/project/nome/simplex-chat/apps/multiplatform/common/build/intermediates/packaged_res/debug/packageDebugResources/values-uk/values-uk.xml:1242:4: Multiple substitutions specified in non-positional format of string resource string/mtr_error_different. Did you mean to add the formatted="false" attribute?
/Users/forkman03/project/nome/simplex-chat/apps/multiplatform/common/build/intermediates/packaged_res/debug/packageDebugResources/values-fr/values-fr.xml:754:4: Multiple substitutions specified in non-positional format of string resource string/feature_offered_item_with_param. Did you mean to add the formatted="false" attribute?
/Users/forkman03/project/nome/simplex-chat/apps/multiplatform/common/build/intermediates/packaged_res/debug/packageDebugResources/values-fr/values-fr.xml:846:4: Multiple substitutions specified in non-positional format of string resource string/group_members_2. Did you mean to add the formatted="false" attribute?
/Users/forkman03/project/nome/simplex-chat/apps/multiplatform/common/build/intermediates/packaged_res/debug/packageDebugResources/values-fr/values-fr.xml:855:4: Multiple substitutions specified in non-positional format of string resource string/group_members_n. Did you mean to add the formatted="false" attribute?
/Users/forkman03/project/nome/simplex-chat/apps/multiplatform/common/build/intermediates/packaged_res/debug/packageDebugResources/values-pt-rBR/values-pt-rBR.xml:428:4: Multiple substitutions specified in non-positional format of string resource string/core_simplexmq_version. Did you mean to add the formatted="false" attribute?
/Users/forkman03/project/nome/simplex-chat/apps/multiplatform/common/build/intermediates/packaged_res/debug/packageDebugResources/values-fr/values-fr.xml:1201:4: Multiple substitutions specified in non-positional format of string resource string/mtr_error_different. Did you mean to add the formatted="false" attribute?
/Users/forkman03/project/nome/simplex-chat/apps/multiplatform/common/build/intermediates/packaged_res/debug/packageDebugResources/values-pt-rBR/values-pt-rBR.xml:728:4: Multiple substitutions specified in non-positional format of string resource string/feature_offered_item_with_param. Did you mean to add the formatted="false" attribute?
/Users/forkman03/project/nome/simplex-chat/apps/multiplatform/common/build/intermediates/packaged_res/debug/packageDebugResources/values-pt-rBR/values-pt-rBR.xml:819:4: Multiple substitutions specified in non-positional format of string resource string/group_members_2. Did you mean to add the formatted="false" attribute?
/Users/forkman03/project/nome/simplex-chat/apps/multiplatform/common/build/intermediates/packaged_res/debug/packageDebugResources/values-pt-rBR/values-pt-rBR.xml:828:4: Multiple substitutions specified in non-positional format of string resource string/group_members_n. Did you mean to add the formatted="false" attribute?
/Users/forkman03/project/nome/simplex-chat/apps/multiplatform/common/build/intermediates/packaged_res/debug/packageDebugResources/values-zh-rTW/values-zh-rTW.xml:1792:4: Multiple substitutions specified in non-positional format of string resource string/snd_group_event_changed_member_role. Did you mean to add the formatted="false" attribute?
/Users/forkman03/project/nome/simplex-chat/apps/multiplatform/common/build/intermediates/packaged_res/debug/packageDebugResources/values-pt-rBR/values-pt-rBR.xml:1169:4: Multiple substitutions specified in non-positional format of string resource string/mtr_error_different. Did you mean to add the formatted="false" attribute?
/Users/forkman03/project/nome/simplex-chat/apps/multiplatform/common/build/intermediates/packaged_res/debug/packageDebugResources/values-zh-rTW/values-zh-rTW.xml:1873:4: Multiple substitutions specified in non-positional format of string resource string/total_files_count_and_size. Did you mean to add the formatted="false" attribute?
/Users/forkman03/project/nome/simplex-chat/apps/multiplatform/common/build/intermediates/packaged_res/debug/packageDebugResources/values-zh-rCN/values-zh-rCN.xml:1799:4: Multiple substitutions specified in non-positional format of string resource string/rcv_group_event_2_members_connected. Did you mean to add the formatted="false" attribute?
/Users/forkman03/project/nome/simplex-chat/apps/multiplatform/common/build/intermediates/packaged_res/debug/packageDebugResources/values-fr/values-fr.xml:1538:4: Multiple substitutions specified in non-positional format of string resource string/rcv_group_event_2_members_connected. Did you mean to add the formatted="false" attribute?
/Users/forkman03/project/nome/simplex-chat/apps/multiplatform/common/build/intermediates/packaged_res/debug/packageDebugResources/values-fr/values-fr.xml:1539:4: Multiple substitutions specified in non-positional format of string resource string/rcv_group_event_3_members_connected. Did you mean to add the formatted="false" attribute?
/Users/forkman03/project/nome/simplex-chat/apps/multiplatform/common/build/intermediates/packaged_res/debug/packageDebugResources/values-zh-rCN/values-zh-rCN.xml:1800:4: Multiple substitutions specified in non-positional format of string resource string/rcv_group_event_3_members_connected. Did you mean to add the formatted="false" attribute?
/Users/forkman03/project/nome/simplex-chat/apps/multiplatform/common/build/intermediates/packaged_res/debug/packageDebugResources/values-fr/values-fr.xml:1540:4: Multiple substitutions specified in non-positional format of string resource string/rcv_group_event_changed_member_role. Did you mean to add the formatted="false" attribute?
/Users/forkman03/project/nome/simplex-chat/apps/multiplatform/common/build/intermediates/packaged_res/debug/packageDebugResources/values-uk/values-uk.xml:1599:4: Multiple substitutions specified in non-positional format of string resource string/rcv_group_event_2_members_connected. Did you mean to add the formatted="false" attribute?
/Users/forkman03/project/nome/simplex-chat/apps/multiplatform/common/build/intermediates/packaged_res/debug/packageDebugResources/values-fr/values-fr.xml:1551:4: Multiple substitutions specified in non-positional format of string resource string/rcv_group_event_n_members_connected. Did you mean to add the formatted="false" attribute?
/Users/forkman03/project/nome/simplex-chat/apps/multiplatform/common/build/intermediates/packaged_res/debug/packageDebugResources/values-zh-rCN/values-zh-rCN.xml:1801:4: Multiple substitutions specified in non-positional format of string resource string/rcv_group_event_changed_member_role. Did you mean to add the formatted="false" attribute?
/Users/forkman03/project/nome/simplex-chat/apps/multiplatform/common/build/intermediates/packaged_res/debug/packageDebugResources/values-fr/values-fr.xml:1585:4: Multiple substitutions specified in non-positional format of string resource string/recipient_colon_delivery_status. Did you mean to add the formatted="false" attribute?
/Users/forkman03/project/nome/simplex-chat/apps/multiplatform/common/build/intermediates/packaged_res/debug/packageDebugResources/values-zh-rCN/values-zh-rCN.xml:1813:4: Multiple substitutions specified in non-positional format of string resource string/rcv_group_event_n_members_connected. Did you mean to add the formatted="false" attribute?
/Users/forkman03/project/nome/simplex-chat/apps/multiplatform/common/build/intermediates/packaged_res/debug/packageDebugResources/values-fr/values-fr.xml:1615:4: Multiple substitutions specified in non-positional format of string resource string/remote_host_disconnected_from. Did you mean to add the formatted="false" attribute?
/Users/forkman03/project/nome/simplex-chat/apps/multiplatform/common/build/intermediates/packaged_res/debug/packageDebugResources/values-uk/values-uk.xml:1600:4: Multiple substitutions specified in non-positional format of string resource string/rcv_group_event_3_members_connected. Did you mean to add the formatted="false" attribute?
/Users/forkman03/project/nome/simplex-chat/apps/multiplatform/common/build/intermediates/packaged_res/debug/packageDebugResources/values-fr/values-fr.xml:1740:4: Multiple substitutions specified in non-positional format of string resource string/sender_at_ts. Did you mean to add the formatted="false" attribute?
/Users/forkman03/project/nome/simplex-chat/apps/multiplatform/common/build/intermediates/packaged_res/debug/packageDebugResources/values-uk/values-uk.xml:1601:4: Multiple substitutions specified in non-positional format of string resource string/rcv_group_event_changed_member_role. Did you mean to add the formatted="false" attribute?
/Users/forkman03/project/nome/simplex-chat/apps/multiplatform/common/build/intermediates/packaged_res/debug/packageDebugResources/values-uk/values-uk.xml:1613:4: Multiple substitutions specified in non-positional format of string resource string/rcv_group_event_n_members_connected. Did you mean to add the formatted="false" attribute?
/Users/forkman03/project/nome/simplex-chat/apps/multiplatform/common/build/intermediates/packaged_res/debug/packageDebugResources/values-uk/values-uk.xml:1648:4: Multiple substitutions specified in non-positional format of string resource string/recipient_colon_delivery_status. Did you mean to add the formatted="false" attribute?
/Users/forkman03/project/nome/simplex-chat/apps/multiplatform/common/build/intermediates/packaged_res/debug/packageDebugResources/values-uk/values-uk.xml:1670:4: Multiple substitutions specified in non-positional format of string resource string/remote_host_disconnected_from. Did you mean to add the formatted="false" attribute?
/Users/forkman03/project/nome/simplex-chat/apps/multiplatform/common/build/intermediates/packaged_res/debug/packageDebugResources/values-uk/values-uk.xml:1799:4: Multiple substitutions specified in non-positional format of string resource string/sender_at_ts. Did you mean to add the formatted="false" attribute?
/Users/forkman03/project/nome/simplex-chat/apps/multiplatform/common/build/intermediates/packaged_res/debug/packageDebugResources/values-fr/values-fr.xml:1961:4: Multiple substitutions specified in non-positional format of string resource string/snd_group_event_changed_member_role. Did you mean to add the formatted="false" attribute?
/Users/forkman03/project/nome/simplex-chat/apps/multiplatform/common/build/intermediates/packaged_res/debug/packageDebugResources/values-uk/values-uk.xml:2025:4: Multiple substitutions specified in non-positional format of string resource string/snd_group_event_changed_member_role. Did you mean to add the formatted="false" attribute?
/Users/forkman03/project/nome/simplex-chat/apps/multiplatform/common/build/intermediates/packaged_res/debug/packageDebugResources/values-fr/values-fr.xml:2057:4: Multiple substitutions specified in non-positional format of string resource string/total_files_count_and_size. Did you mean to add the formatted="false" attribute?
/Users/forkman03/project/nome/simplex-chat/apps/multiplatform/common/build/intermediates/packaged_res/debug/packageDebugResources/values-uk/values-uk.xml:2123:4: Multiple substitutions specified in non-positional format of string resource string/total_files_count_and_size. Did you mean to add the formatted="false" attribute?
/Users/forkman03/project/nome/simplex-chat/apps/multiplatform/common/build/intermediates/packaged_res/debug/packageDebugResources/values-pt-rBR/values-pt-rBR.xml:1508:4: Multiple substitutions specified in non-positional format of string resource string/rcv_group_event_2_members_connected. Did you mean to add the formatted="false" attribute?
/Users/forkman03/project/nome/simplex-chat/apps/multiplatform/common/build/intermediates/packaged_res/debug/packageDebugResources/values-zh-rCN/values-zh-rCN.xml:1852:4: Multiple substitutions specified in non-positional format of string resource string/recipient_colon_delivery_status. Did you mean to add the formatted="false" attribute?
/Users/forkman03/project/nome/simplex-chat/apps/multiplatform/common/build/intermediates/packaged_res/debug/packageDebugResources/values-pt-rBR/values-pt-rBR.xml:1509:4: Multiple substitutions specified in non-positional format of string resource string/rcv_group_event_3_members_connected. Did you mean to add the formatted="false" attribute?
/Users/forkman03/project/nome/simplex-chat/apps/multiplatform/common/build/intermediates/packaged_res/debug/packageDebugResources/values-pt-rBR/values-pt-rBR.xml:1510:4: Multiple substitutions specified in non-positional format of string resource string/rcv_group_event_changed_member_role. Did you mean to add the formatted="false" attribute?
/Users/forkman03/project/nome/simplex-chat/apps/multiplatform/common/build/intermediates/packaged_res/debug/packageDebugResources/values-pt-rBR/values-pt-rBR.xml:1522:4: Multiple substitutions specified in non-positional format of string resource string/rcv_group_event_n_members_connected. Did you mean to add the formatted="false" attribute?
/Users/forkman03/project/nome/simplex-chat/apps/multiplatform/common/build/intermediates/packaged_res/debug/packageDebugResources/values-zh-rCN/values-zh-rCN.xml:1918:4: Multiple substitutions specified in non-positional format of string resource string/remote_host_disconnected_from. Did you mean to add the formatted="false" attribute?
/Users/forkman03/project/nome/simplex-chat/apps/multiplatform/common/build/intermediates/packaged_res/debug/packageDebugResources/values-pt-rBR/values-pt-rBR.xml:1556:4: Multiple substitutions specified in non-positional format of string resource string/recipient_colon_delivery_status. Did you mean to add the formatted="false" attribute?
/Users/forkman03/project/nome/simplex-chat/apps/multiplatform/common/build/intermediates/packaged_res/debug/packageDebugResources/values-zh-rCN/values-zh-rCN.xml:2051:4: Multiple substitutions specified in non-positional format of string resource string/sender_at_ts. Did you mean to add the formatted="false" attribute?
/Users/forkman03/project/nome/simplex-chat/apps/multiplatform/common/build/intermediates/packaged_res/debug/packageDebugResources/values-pt-rBR/values-pt-rBR.xml:1575:4: Multiple substitutions specified in non-positional format of string resource string/remote_host_disconnected_from. Did you mean to add the formatted="false" attribute?
/Users/forkman03/project/nome/simplex-chat/apps/multiplatform/common/build/intermediates/packaged_res/debug/packageDebugResources/values-zh-rCN/values-zh-rCN.xml:2284:4: Multiple substitutions specified in non-positional format of string resource string/snd_group_event_changed_member_role. Did you mean to add the formatted="false" attribute?
/Users/forkman03/project/nome/simplex-chat/apps/multiplatform/common/build/intermediates/packaged_res/debug/packageDebugResources/values-zh-rCN/values-zh-rCN.xml:2389:4: Multiple substitutions specified in non-positional format of string resource string/total_files_count_and_size. Did you mean to add the formatted="false" attribute?
/Users/forkman03/project/nome/simplex-chat/apps/multiplatform/common/build/intermediates/packaged_res/debug/packageDebugResources/values-pt-rBR/values-pt-rBR.xml:1699:4: Multiple substitutions specified in non-positional format of string resource string/sender_at_ts. Did you mean to add the formatted="false" attribute?
/Users/forkman03/project/nome/simplex-chat/apps/multiplatform/common/build/intermediates/packaged_res/debug/packageDebugResources/values-pt-rBR/values-pt-rBR.xml:1910:4: Multiple substitutions specified in non-positional format of string resource string/snd_group_event_changed_member_role. Did you mean to add the formatted="false" attribute?
/Users/forkman03/project/nome/simplex-chat/apps/multiplatform/common/build/intermediates/packaged_res/debug/packageDebugResources/values-pt-rBR/values-pt-rBR.xml:2003:4: Multiple substitutions specified in non-positional format of string resource string/total_files_count_and_size. Did you mean to add the formatted="false" attribute?
/Users/forkman03/project/nome/simplex-chat/apps/multiplatform/common/build/intermediates/packaged_res/debug/packageDebugResources/values-nl/values-nl.xml:95:4: Multiple substitutions specified in non-positional format of string resource string/app_check_for_updates_button_download. Did you mean to add the formatted="false" attribute?
/Users/forkman03/project/nome/simplex-chat/apps/multiplatform/common/build/intermediates/packaged_res/debug/packageDebugResources/values-el/values-el.xml:99:4: Multiple substitutions specified in non-positional format of string resource string/app_check_for_updates_button_download. Did you mean to add the formatted="false" attribute?
/Users/forkman03/project/nome/simplex-chat/apps/multiplatform/common/build/intermediates/packaged_res/debug/packageDebugResources/values-el/values-el.xml:486:4: Multiple substitutions specified in non-positional format of string resource string/core_simplexmq_version. Did you mean to add the formatted="false" attribute?
/Users/forkman03/project/nome/simplex-chat/apps/multiplatform/common/build/intermediates/packaged_res/debug/packageDebugResources/values-nl/values-nl.xml:447:4: Multiple substitutions specified in non-positional format of string resource string/core_simplexmq_version. Did you mean to add the formatted="false" attribute?
/Users/forkman03/project/nome/simplex-chat/apps/multiplatform/common/build/intermediates/packaged_res/debug/packageDebugResources/values-it/values-it.xml:111:4: Multiple substitutions specified in non-positional format of string resource string/app_check_for_updates_button_download. Did you mean to add the formatted="false" attribute?
/Users/forkman03/project/nome/simplex-chat/apps/multiplatform/common/build/intermediates/packaged_res/debug/packageDebugResources/values-el/values-el.xml:799:4: Multiple substitutions specified in non-positional format of string resource string/feature_offered_item_with_param. Did you mean to add the formatted="false" attribute?
/Users/forkman03/project/nome/simplex-chat/apps/multiplatform/common/build/intermediates/packaged_res/debug/packageDebugResources/values-it/values-it.xml:563:4: Multiple substitutions specified in non-positional format of string resource string/core_simplexmq_version. Did you mean to add the formatted="false" attribute?
/Users/forkman03/project/nome/simplex-chat/apps/multiplatform/common/build/intermediates/packaged_res/debug/packageDebugResources/values-nl/values-nl.xml:752:4: Multiple substitutions specified in non-positional format of string resource string/feature_offered_item_with_param. Did you mean to add the formatted="false" attribute?
/Users/forkman03/project/nome/simplex-chat/apps/multiplatform/common/build/intermediates/packaged_res/debug/packageDebugResources/values-el/values-el.xml:895:4: Multiple substitutions specified in non-positional format of string resource string/group_members_2. Did you mean to add the formatted="false" attribute?
/Users/forkman03/project/nome/simplex-chat/apps/multiplatform/common/build/intermediates/packaged_res/debug/packageDebugResources/values-el/values-el.xml:904:4: Multiple substitutions specified in non-positional format of string resource string/group_members_n. Did you mean to add the formatted="false" attribute?
/Users/forkman03/project/nome/simplex-chat/apps/multiplatform/common/build/intermediates/packaged_res/debug/packageDebugResources/values-it/values-it.xml:904:4: Multiple substitutions specified in non-positional format of string resource string/feature_offered_item_with_param. Did you mean to add the formatted="false" attribute?
/Users/forkman03/project/nome/simplex-chat/apps/multiplatform/common/build/intermediates/packaged_res/debug/packageDebugResources/values-it/values-it.xml:1004:4: Multiple substitutions specified in non-positional format of string resource string/group_members_2. Did you mean to add the formatted="false" attribute?
/Users/forkman03/project/nome/simplex-chat/apps/multiplatform/common/build/intermediates/packaged_res/debug/packageDebugResources/values-it/values-it.xml:1021:4: Multiple substitutions specified in non-positional format of string resource string/group_members_n. Did you mean to add the formatted="false" attribute?
/Users/forkman03/project/nome/simplex-chat/apps/multiplatform/common/build/intermediates/packaged_res/debug/packageDebugResources/values-el/values-el.xml:1258:4: Multiple substitutions specified in non-positional format of string resource string/mtr_error_different. Did you mean to add the formatted="false" attribute?
/Users/forkman03/project/nome/simplex-chat/apps/multiplatform/common/build/intermediates/packaged_res/debug/packageDebugResources/values-nl/values-nl.xml:846:4: Multiple substitutions specified in non-positional format of string resource string/group_members_2. Did you mean to add the formatted="false" attribute?
/Users/forkman03/project/nome/simplex-chat/apps/multiplatform/common/build/intermediates/packaged_res/debug/packageDebugResources/values-nl/values-nl.xml:855:4: Multiple substitutions specified in non-positional format of string resource string/group_members_n. Did you mean to add the formatted="false" attribute?
/Users/forkman03/project/nome/simplex-chat/apps/multiplatform/common/build/intermediates/packaged_res/debug/packageDebugResources/values-it/values-it.xml:1398:4: Multiple substitutions specified in non-positional format of string resource string/mtr_error_different. Did you mean to add the formatted="false" attribute?
/Users/forkman03/project/nome/simplex-chat/apps/multiplatform/common/build/intermediates/packaged_res/debug/packageDebugResources/values-fa/values-fa.xml:99:4: Multiple substitutions specified in non-positional format of string resource string/app_check_for_updates_button_download. Did you mean to add the formatted="false" attribute?
/Users/forkman03/project/nome/simplex-chat/apps/multiplatform/common/build/intermediates/packaged_res/debug/packageDebugResources/values-fa/values-fa.xml:477:4: Multiple substitutions specified in non-positional format of string resource string/core_simplexmq_version. Did you mean to add the formatted="false" attribute?
/Users/forkman03/project/nome/simplex-chat/apps/multiplatform/common/build/intermediates/packaged_res/debug/packageDebugResources/values-nl/values-nl.xml:1202:4: Multiple substitutions specified in non-positional format of string resource string/mtr_error_different. Did you mean to add the formatted="false" attribute?
/Users/forkman03/project/nome/simplex-chat/apps/multiplatform/common/build/intermediates/packaged_res/debug/packageDebugResources/values-nl/values-nl.xml:1546:4: Multiple substitutions specified in non-positional format of string resource string/rcv_group_event_2_members_connected. Did you mean to add the formatted="false" attribute?
/Users/forkman03/project/nome/simplex-chat/apps/multiplatform/common/build/intermediates/packaged_res/debug/packageDebugResources/values-nl/values-nl.xml:1547:4: Multiple substitutions specified in non-positional format of string resource string/rcv_group_event_3_members_connected. Did you mean to add the formatted="false" attribute?
/Users/forkman03/project/nome/simplex-chat/apps/multiplatform/common/build/intermediates/packaged_res/debug/packageDebugResources/values-nl/values-nl.xml:1548:4: Multiple substitutions specified in non-positional format of string resource string/rcv_group_event_changed_member_role. Did you mean to add the formatted="false" attribute?
/Users/forkman03/project/nome/simplex-chat/apps/multiplatform/common/build/intermediates/packaged_res/debug/packageDebugResources/values-fa/values-fa.xml:788:4: Multiple substitutions specified in non-positional format of string resource string/feature_offered_item_with_param. Did you mean to add the formatted="false" attribute?
/Users/forkman03/project/nome/simplex-chat/apps/multiplatform/common/build/intermediates/packaged_res/debug/packageDebugResources/values-it/values-it.xml:1799:4: Multiple substitutions specified in non-positional format of string resource string/rcv_group_event_2_members_connected. Did you mean to add the formatted="false" attribute?
/Users/forkman03/project/nome/simplex-chat/apps/multiplatform/common/build/intermediates/packaged_res/debug/packageDebugResources/values-nl/values-nl.xml:1560:4: Multiple substitutions specified in non-positional format of string resource string/rcv_group_event_n_members_connected. Did you mean to add the formatted="false" attribute?
/Users/forkman03/project/nome/simplex-chat/apps/multiplatform/common/build/intermediates/packaged_res/debug/packageDebugResources/values-it/values-it.xml:1800:4: Multiple substitutions specified in non-positional format of string resource string/rcv_group_event_3_members_connected. Did you mean to add the formatted="false" attribute?
/Users/forkman03/project/nome/simplex-chat/apps/multiplatform/common/build/intermediates/packaged_res/debug/packageDebugResources/values-fa/values-fa.xml:884:4: Multiple substitutions specified in non-positional format of string resource string/group_members_2. Did you mean to add the formatted="false" attribute?
/Users/forkman03/project/nome/simplex-chat/apps/multiplatform/common/build/intermediates/packaged_res/debug/packageDebugResources/values-it/values-it.xml:1801:4: Multiple substitutions specified in non-positional format of string resource string/rcv_group_event_changed_member_role. Did you mean to add the formatted="false" attribute?
/Users/forkman03/project/nome/simplex-chat/apps/multiplatform/common/build/intermediates/packaged_res/debug/packageDebugResources/values-nl/values-nl.xml:1595:4: Multiple substitutions specified in non-positional format of string resource string/recipient_colon_delivery_status. Did you mean to add the formatted="false" attribute?
/Users/forkman03/project/nome/simplex-chat/apps/multiplatform/common/build/intermediates/packaged_res/debug/packageDebugResources/values-fa/values-fa.xml:893:4: Multiple substitutions specified in non-positional format of string resource string/group_members_n. Did you mean to add the formatted="false" attribute?
/Users/forkman03/project/nome/simplex-chat/apps/multiplatform/common/build/intermediates/packaged_res/debug/packageDebugResources/values-el/values-el.xml:1622:4: Multiple substitutions specified in non-positional format of string resource string/rcv_group_event_2_members_connected. Did you mean to add the formatted="false" attribute?
/Users/forkman03/project/nome/simplex-chat/apps/multiplatform/common/build/intermediates/packaged_res/debug/packageDebugResources/values-it/values-it.xml:1813:4: Multiple substitutions specified in non-positional format of string resource string/rcv_group_event_n_members_connected. Did you mean to add the formatted="false" attribute?
/Users/forkman03/project/nome/simplex-chat/apps/multiplatform/common/build/intermediates/packaged_res/debug/packageDebugResources/values-el/values-el.xml:1623:4: Multiple substitutions specified in non-positional format of string resource string/rcv_group_event_3_members_connected. Did you mean to add the formatted="false" attribute?
/Users/forkman03/project/nome/simplex-chat/apps/multiplatform/common/build/intermediates/packaged_res/debug/packageDebugResources/values-nl/values-nl.xml:1616:4: Multiple substitutions specified in non-positional format of string resource string/remote_host_disconnected_from. Did you mean to add the formatted="false" attribute?
/Users/forkman03/project/nome/simplex-chat/apps/multiplatform/common/build/intermediates/packaged_res/debug/packageDebugResources/values-el/values-el.xml:1624:4: Multiple substitutions specified in non-positional format of string resource string/rcv_group_event_changed_member_role. Did you mean to add the formatted="false" attribute?
/Users/forkman03/project/nome/simplex-chat/apps/multiplatform/common/build/intermediates/packaged_res/debug/packageDebugResources/values-el/values-el.xml:1636:4: Multiple substitutions specified in non-positional format of string resource string/rcv_group_event_n_members_connected. Did you mean to add the formatted="false" attribute?
/Users/forkman03/project/nome/simplex-chat/apps/multiplatform/common/build/intermediates/packaged_res/debug/packageDebugResources/values-it/values-it.xml:1852:4: Multiple substitutions specified in non-positional format of string resource string/recipient_colon_delivery_status. Did you mean to add the formatted="false" attribute?
/Users/forkman03/project/nome/simplex-chat/apps/multiplatform/common/build/intermediates/packaged_res/debug/packageDebugResources/values-it/values-it.xml:1918:4: Multiple substitutions specified in non-positional format of string resource string/remote_host_disconnected_from. Did you mean to add the formatted="false" attribute?
/Users/forkman03/project/nome/simplex-chat/apps/multiplatform/common/build/intermediates/packaged_res/debug/packageDebugResources/values-el/values-el.xml:1671:4: Multiple substitutions specified in non-positional format of string resource string/recipient_colon_delivery_status. Did you mean to add the formatted="false" attribute?
/Users/forkman03/project/nome/simplex-chat/apps/multiplatform/common/build/intermediates/packaged_res/debug/packageDebugResources/values-el/values-el.xml:1693:4: Multiple substitutions specified in non-positional format of string resource string/remote_host_disconnected_from. Did you mean to add the formatted="false" attribute?
/Users/forkman03/project/nome/simplex-chat/apps/multiplatform/common/build/intermediates/packaged_res/debug/packageDebugResources/values-nl/values-nl.xml:1744:4: Multiple substitutions specified in non-positional format of string resource string/sender_at_ts. Did you mean to add the formatted="false" attribute?
/Users/forkman03/project/nome/simplex-chat/apps/multiplatform/common/build/intermediates/packaged_res/debug/packageDebugResources/values-it/values-it.xml:2051:4: Multiple substitutions specified in non-positional format of string resource string/sender_at_ts. Did you mean to add the formatted="false" attribute?
/Users/forkman03/project/nome/simplex-chat/apps/multiplatform/common/build/intermediates/packaged_res/debug/packageDebugResources/values-el/values-el.xml:1823:4: Multiple substitutions specified in non-positional format of string resource string/sender_at_ts. Did you mean to add the formatted="false" attribute?
/Users/forkman03/project/nome/simplex-chat/apps/multiplatform/common/build/intermediates/packaged_res/debug/packageDebugResources/values-fa/values-fa.xml:1244:4: Multiple substitutions specified in non-positional format of string resource string/mtr_error_different. Did you mean to add the formatted="false" attribute?
/Users/forkman03/project/nome/simplex-chat/apps/multiplatform/common/build/intermediates/packaged_res/debug/packageDebugResources/values-el/values-el.xml:2051:4: Multiple substitutions specified in non-positional format of string resource string/snd_group_event_changed_member_role. Did you mean to add the formatted="false" attribute?
/Users/forkman03/project/nome/simplex-chat/apps/multiplatform/common/build/intermediates/packaged_res/debug/packageDebugResources/values-nl/values-nl.xml:1959:4: Multiple substitutions specified in non-positional format of string resource string/snd_group_event_changed_member_role. Did you mean to add the formatted="false" attribute?
/Users/forkman03/project/nome/simplex-chat/apps/multiplatform/common/build/intermediates/packaged_res/debug/packageDebugResources/values-el/values-el.xml:2150:4: Multiple substitutions specified in non-positional format of string resource string/total_files_count_and_size. Did you mean to add the formatted="false" attribute?
/Users/forkman03/project/nome/simplex-chat/apps/multiplatform/common/build/intermediates/packaged_res/debug/packageDebugResources/values-it/values-it.xml:2284:4: Multiple substitutions specified in non-positional format of string resource string/snd_group_event_changed_member_role. Did you mean to add the formatted="false" attribute?
/Users/forkman03/project/nome/simplex-chat/apps/multiplatform/common/build/intermediates/packaged_res/debug/packageDebugResources/values-fa/values-fa.xml:1602:4: Multiple substitutions specified in non-positional format of string resource string/rcv_group_event_2_members_connected. Did you mean to add the formatted="false" attribute?
/Users/forkman03/project/nome/simplex-chat/apps/multiplatform/common/build/intermediates/packaged_res/debug/packageDebugResources/values-nl/values-nl.xml:2055:4: Multiple substitutions specified in non-positional format of string resource string/total_files_count_and_size. Did you mean to add the formatted="false" attribute?
/Users/forkman03/project/nome/simplex-chat/apps/multiplatform/common/build/intermediates/packaged_res/debug/packageDebugResources/values-fa/values-fa.xml:1603:4: Multiple substitutions specified in non-positional format of string resource string/rcv_group_event_3_members_connected. Did you mean to add the formatted="false" attribute?
/Users/forkman03/project/nome/simplex-chat/apps/multiplatform/common/build/intermediates/packaged_res/debug/packageDebugResources/values-fa/values-fa.xml:1604:4: Multiple substitutions specified in non-positional format of string resource string/rcv_group_event_changed_member_role. Did you mean to add the formatted="false" attribute?
/Users/forkman03/project/nome/simplex-chat/apps/multiplatform/common/build/intermediates/packaged_res/debug/packageDebugResources/values-fa/values-fa.xml:1616:4: Multiple substitutions specified in non-positional format of string resource string/rcv_group_event_n_members_connected. Did you mean to add the formatted="false" attribute?
/Users/forkman03/project/nome/simplex-chat/apps/multiplatform/common/build/intermediates/packaged_res/debug/packageDebugResources/values-it/values-it.xml:2389:4: Multiple substitutions specified in non-positional format of string resource string/total_files_count_and_size. Did you mean to add the formatted="false" attribute?
/Users/forkman03/project/nome/simplex-chat/apps/multiplatform/common/build/intermediates/packaged_res/debug/packageDebugResources/values-fa/values-fa.xml:1651:4: Multiple substitutions specified in non-positional format of string resource string/recipient_colon_delivery_status. Did you mean to add the formatted="false" attribute?
/Users/forkman03/project/nome/simplex-chat/apps/multiplatform/common/build/intermediates/packaged_res/debug/packageDebugResources/values-fa/values-fa.xml:1673:4: Multiple substitutions specified in non-positional format of string resource string/remote_host_disconnected_from. Did you mean to add the formatted="false" attribute?
/Users/forkman03/project/nome/simplex-chat/apps/multiplatform/common/build/intermediates/packaged_res/debug/packageDebugResources/values-fa/values-fa.xml:1802:4: Multiple substitutions specified in non-positional format of string resource string/sender_at_ts. Did you mean to add the formatted="false" attribute?
/Users/forkman03/project/nome/simplex-chat/apps/multiplatform/common/build/intermediates/packaged_res/debug/packageDebugResources/values-fa/values-fa.xml:2029:4: Multiple substitutions specified in non-positional format of string resource string/snd_group_event_changed_member_role. Did you mean to add the formatted="false" attribute?
/Users/forkman03/project/nome/simplex-chat/apps/multiplatform/common/build/intermediates/packaged_res/debug/packageDebugResources/values-fa/values-fa.xml:2128:4: Multiple substitutions specified in non-positional format of string resource string/total_files_count_and_size. Did you mean to add the formatted="false" attribute?
/Users/forkman03/project/nome/simplex-chat/apps/multiplatform/common/build/intermediates/packaged_res/debug/packageDebugResources/values-ko/values-ko.xml:81:4: Multiple substitutions specified in non-positional format of string resource string/app_check_for_updates_button_download. Did you mean to add the formatted="false" attribute?
/Users/forkman03/project/nome/simplex-chat/apps/multiplatform/common/build/intermediates/packaged_res/debug/packageDebugResources/values-ko/values-ko.xml:339:4: Multiple substitutions specified in non-positional format of string resource string/core_simplexmq_version. Did you mean to add the formatted="false" attribute?
/Users/forkman03/project/nome/simplex-chat/apps/multiplatform/common/build/intermediates/packaged_res/debug/packageDebugResources/values-ko/values-ko.xml:602:4: Multiple substitutions specified in non-positional format of string resource string/feature_offered_item_with_param. Did you mean to add the formatted="false" attribute?
/Users/forkman03/project/nome/simplex-chat/apps/multiplatform/common/build/intermediates/packaged_res/debug/packageDebugResources/values-ko/values-ko.xml:935:4: Multiple substitutions specified in non-positional format of string resource string/mtr_error_different. Did you mean to add the formatted="false" attribute?
/Users/forkman03/project/nome/simplex-chat/apps/multiplatform/common/build/intermediates/packaged_res/debug/packageDebugResources/values-ko/values-ko.xml:1110:4: Multiple substitutions specified in non-positional format of string resource string/rcv_group_event_changed_member_role. Did you mean to add the formatted="false" attribute?
/Users/forkman03/project/nome/simplex-chat/apps/multiplatform/common/build/intermediates/packaged_res/debug/packageDebugResources/values-ko/values-ko.xml:1154:4: Multiple substitutions specified in non-positional format of string resource string/remote_host_disconnected_from. Did you mean to add the formatted="false" attribute?
/Users/forkman03/project/nome/simplex-chat/apps/multiplatform/common/build/intermediates/packaged_res/debug/packageDebugResources/values-ko/values-ko.xml:1357:4: Multiple substitutions specified in non-positional format of string resource string/snd_group_event_changed_member_role. Did you mean to add the formatted="false" attribute?
/Users/forkman03/project/nome/simplex-chat/apps/multiplatform/common/build/intermediates/packaged_res/debug/packageDebugResources/values-ko/values-ko.xml:1388:4: Multiple substitutions specified in non-positional format of string resource string/total_files_count_and_size. Did you mean to add the formatted="false" attribute?
/Users/forkman03/project/nome/simplex-chat/apps/multiplatform/common/build/intermediates/packaged_res/debug/packageDebugResources/values-pl/values-pl.xml:99:4: Multiple substitutions specified in non-positional format of string resource string/app_check_for_updates_button_download. Did you mean to add the formatted="false" attribute?
/Users/forkman03/project/nome/simplex-chat/apps/multiplatform/common/build/intermediates/packaged_res/debug/packageDebugResources/values-pl/values-pl.xml:486:4: Multiple substitutions specified in non-positional format of string resource string/core_simplexmq_version. Did you mean to add the formatted="false" attribute?
/Users/forkman03/project/nome/simplex-chat/apps/multiplatform/common/build/intermediates/packaged_res/debug/packageDebugResources/values-pl/values-pl.xml:799:4: Multiple substitutions specified in non-positional format of string resource string/feature_offered_item_with_param. Did you mean to add the formatted="false" attribute?
/Users/forkman03/project/nome/simplex-chat/apps/multiplatform/common/build/intermediates/packaged_res/debug/packageDebugResources/values-pl/values-pl.xml:895:4: Multiple substitutions specified in non-positional format of string resource string/group_members_2. Did you mean to add the formatted="false" attribute?
/Users/forkman03/project/nome/simplex-chat/apps/multiplatform/common/build/intermediates/packaged_res/debug/packageDebugResources/values-pl/values-pl.xml:904:4: Multiple substitutions specified in non-positional format of string resource string/group_members_n. Did you mean to add the formatted="false" attribute?
/Users/forkman03/project/nome/simplex-chat/apps/multiplatform/common/build/intermediates/packaged_res/debug/packageDebugResources/values-pl/values-pl.xml:1258:4: Multiple substitutions specified in non-positional format of string resource string/mtr_error_different. Did you mean to add the formatted="false" attribute?
/Users/forkman03/project/nome/simplex-chat/apps/multiplatform/common/build/intermediates/packaged_res/debug/packageDebugResources/values-pl/values-pl.xml:1622:4: Multiple substitutions specified in non-positional format of string resource string/rcv_group_event_2_members_connected. Did you mean to add the formatted="false" attribute?
/Users/forkman03/project/nome/simplex-chat/apps/multiplatform/common/build/intermediates/packaged_res/debug/packageDebugResources/values-pl/values-pl.xml:1623:4: Multiple substitutions specified in non-positional format of string resource string/rcv_group_event_3_members_connected. Did you mean to add the formatted="false" attribute?
/Users/forkman03/project/nome/simplex-chat/apps/multiplatform/common/build/intermediates/packaged_res/debug/packageDebugResources/values-pl/values-pl.xml:1624:4: Multiple substitutions specified in non-positional format of string resource string/rcv_group_event_changed_member_role. Did you mean to add the formatted="false" attribute?
/Users/forkman03/project/nome/simplex-chat/apps/multiplatform/common/build/intermediates/packaged_res/debug/packageDebugResources/values-pl/values-pl.xml:1636:4: Multiple substitutions specified in non-positional format of string resource string/rcv_group_event_n_members_connected. Did you mean to add the formatted="false" attribute?
/Users/forkman03/project/nome/simplex-chat/apps/multiplatform/common/build/intermediates/packaged_res/debug/packageDebugResources/values-pl/values-pl.xml:1671:4: Multiple substitutions specified in non-positional format of string resource string/recipient_colon_delivery_status. Did you mean to add the formatted="false" attribute?
/Users/forkman03/project/nome/simplex-chat/apps/multiplatform/common/build/intermediates/packaged_res/debug/packageDebugResources/values-pl/values-pl.xml:1693:4: Multiple substitutions specified in non-positional format of string resource string/remote_host_disconnected_from. Did you mean to add the formatted="false" attribute?
/Users/forkman03/project/nome/simplex-chat/apps/multiplatform/common/build/intermediates/packaged_res/debug/packageDebugResources/values-pl/values-pl.xml:1823:4: Multiple substitutions specified in non-positional format of string resource string/sender_at_ts. Did you mean to add the formatted="false" attribute?
/Users/forkman03/project/nome/simplex-chat/apps/multiplatform/common/build/intermediates/packaged_res/debug/packageDebugResources/values-pl/values-pl.xml:2051:4: Multiple substitutions specified in non-positional format of string resource string/snd_group_event_changed_member_role. Did you mean to add the formatted="false" attribute?
/Users/forkman03/project/nome/simplex-chat/apps/multiplatform/common/build/intermediates/packaged_res/debug/packageDebugResources/values-pl/values-pl.xml:2150:4: Multiple substitutions specified in non-positional format of string resource string/total_files_count_and_size. Did you mean to add the formatted="false" attribute?

> Task :android:mergeDebugJniLibFolders
> Task :common:copyDebugJniLibsProjectOnly
> Task :android:validateSigningDebug
> Task :android:writeDebugAppMetadata
> Task :android:writeDebugSigningConfigVersions
> Task :android:mergeDebugNativeLibs
> Task :android:stripDebugDebugSymbols
> Task :android:processDebugResources
> Task :android:mergeExtDexDebug
> Task :common:compileKotlinDesktop
> Task :common:compileDebugKotlinAndroid
e: org.jetbrains.kotlin.backend.common.BackendException: Backend Internal error: Exception during IR lowering
File being compiled: /Users/forkman03/project/nome/simplex-chat/apps/multiplatform/common/src/androidMain/kotlin/chat/simplex/common/views/call/CallView.android.kt
The root cause java.lang.OutOfMemoryError was thrown at: unknown
	at org.jetbrains.kotlin.backend.common.CodegenUtil.reportBackendException(CodegenUtil.kt:107)
	at org.jetbrains.kotlin.backend.common.CodegenUtil.reportBackendException$default(CodegenUtil.kt:90)
	at org.jetbrains.kotlin.backend.common.phaser.PerformByIrFilePhase.invokeSequential(performByIrFile.kt:54)
	at org.jetbrains.kotlin.backend.common.phaser.PerformByIrFilePhase.invoke(performByIrFile.kt:41)
	at org.jetbrains.kotlin.backend.common.phaser.PerformByIrFilePhase.invoke(performByIrFile.kt:27)
	at org.jetbrains.kotlin.config.phaser.CompilerPhaseKt.invokeToplevel(CompilerPhase.kt:62)
	at org.jetbrains.kotlin.backend.jvm.JvmIrCodegenFactory.invokeCodegen(JvmIrCodegenFactory.kt:371)
	at org.jetbrains.kotlin.cli.jvm.compiler.KotlinToJVMBytecodeCompiler.runCodegen$cli(KotlinToJVMBytecodeCompiler.kt:413)
	at org.jetbrains.kotlin.cli.pipeline.jvm.JvmBackendPipelinePhase.executePhase(JvmBackendPipelinePhase.kt:98)
	at org.jetbrains.kotlin.cli.pipeline.jvm.JvmBackendPipelinePhase.executePhase(JvmBackendPipelinePhase.kt:30)
	at org.jetbrains.kotlin.cli.pipeline.PipelinePhase.phaseBody(PipelinePhase.kt:68)
	at org.jetbrains.kotlin.cli.pipeline.PipelinePhase.phaseBody(PipelinePhase.kt:58)
	at org.jetbrains.kotlin.config.phaser.SimpleNamedCompilerPhase.phaseBody(CompilerPhase.kt:215)
	at org.jetbrains.kotlin.config.phaser.NamedCompilerPhase.invoke(CompilerPhase.kt:111)
	at org.jetbrains.kotlin.backend.common.phaser.CompositePhase.invoke(PhaseBuilders.kt:28)
	at org.jetbrains.kotlin.config.phaser.CompilerPhaseKt.invokeToplevel(CompilerPhase.kt:62)
	at org.jetbrains.kotlin.cli.pipeline.AbstractCliPipeline.runPhasedPipeline(AbstractCliPipeline.kt:106)
	at org.jetbrains.kotlin.cli.pipeline.AbstractCliPipeline.execute(AbstractCliPipeline.kt:65)
	at org.jetbrains.kotlin.cli.jvm.K2JVMCompiler.doExecutePhased(K2JVMCompiler.kt:61)
	at org.jetbrains.kotlin.cli.jvm.K2JVMCompiler.doExecutePhased(K2JVMCompiler.kt:36)
	at org.jetbrains.kotlin.cli.common.CLICompiler.execImpl(CLICompiler.kt:80)
	at org.jetbrains.kotlin.cli.common.CLICompiler.exec(CLICompiler.kt:337)
	at org.jetbrains.kotlin.incremental.IncrementalJvmCompilerRunner.runCompiler(IncrementalJvmCompilerRunner.kt:466)
	at org.jetbrains.kotlin.incremental.IncrementalJvmCompilerRunner.runCompiler(IncrementalJvmCompilerRunner.kt:75)
	at org.jetbrains.kotlin.incremental.IncrementalCompilerRunner.doCompile(IncrementalCompilerRunner.kt:514)
	at org.jetbrains.kotlin.incremental.IncrementalCompilerRunner.compileImpl(IncrementalCompilerRunner.kt:431)
	at org.jetbrains.kotlin.incremental.IncrementalCompilerRunner.compileNonIncrementally(IncrementalCompilerRunner.kt:310)
	at org.jetbrains.kotlin.incremental.IncrementalCompilerRunner.compile(IncrementalCompilerRunner.kt:137)
	at org.jetbrains.kotlin.daemon.CompileServiceImplBase.execIncrementalCompiler(CompileServiceImpl.kt:678)
	at org.jetbrains.kotlin.daemon.CompileServiceImplBase.access$execIncrementalCompiler(CompileServiceImpl.kt:92)
	at org.jetbrains.kotlin.daemon.CompileServiceImpl.compile(CompileServiceImpl.kt:1805)
	at java.base/jdk.internal.reflect.DirectMethodHandleAccessor.invoke(Unknown Source)
	at java.base/java.lang.reflect.Method.invoke(Unknown Source)
	at java.rmi/sun.rmi.server.UnicastServerRef.dispatch(Unknown Source)
	at java.rmi/sun.rmi.transport.Transport$1.run(Unknown Source)
	at java.rmi/sun.rmi.transport.Transport$1.run(Unknown Source)
	at java.base/java.security.AccessController.doPrivileged(Unknown Source)
	at java.rmi/sun.rmi.transport.Transport.serviceCall(Unknown Source)
	at java.rmi/sun.rmi.transport.tcp.TCPTransport.handleMessages(Unknown Source)
	at java.rmi/sun.rmi.transport.tcp.TCPTransport$ConnectionHandler.run0(Unknown Source)
	at java.rmi/sun.rmi.transport.tcp.TCPTransport$ConnectionHandler.lambda$run$0(Unknown Source)
	at java.base/java.security.AccessController.doPrivileged(Unknown Source)
	at java.rmi/sun.rmi.transport.tcp.TCPTransport$ConnectionHandler.run(Unknown Source)
	at java.base/java.util.concurrent.ThreadPoolExecutor.runWorker(Unknown Source)
	at java.base/java.util.concurrent.ThreadPoolExecutor$Worker.run(Unknown Source)
	at java.base/java.lang.Thread.run(Unknown Source)
Caused by: java.lang.OutOfMemoryError: Java heap space


> Task :common:compileDebugKotlinAndroid FAILED

> Task :common:compileKotlinDesktop
e: Daemon compilation failed: Not enough memory to run compilation. Try to increase it via 'gradle.properties':
kotlin.daemon.jvmargs=-Xmx<size>
org.jetbrains.kotlin.gradle.tasks.OOMErrorException: Not enough memory to run compilation. Try to increase it via 'gradle.properties':
kotlin.daemon.jvmargs=-Xmx<size>
	at org.jetbrains.kotlin.gradle.tasks.TasksUtilsKt.OOMErrorException(tasksUtils.kt:83)
	at org.jetbrains.kotlin.gradle.tasks.TasksUtilsKt.wrapCompilationExceptionIfNeeded(tasksUtils.kt:52)
	at org.jetbrains.kotlin.gradle.tasks.TasksUtilsKt.wrapAndRethrowCompilationException(tasksUtils.kt:65)
	at org.jetbrains.kotlin.compilerRunner.GradleKotlinCompilerWork.compileWithDaemon(GradleKotlinCompilerWork.kt:243)
	at org.jetbrains.kotlin.compilerRunner.GradleKotlinCompilerWork.compileWithDaemonOrFallbackImpl(GradleKotlinCompilerWork.kt:159)
	at org.jetbrains.kotlin.compilerRunner.GradleKotlinCompilerWork.run(GradleKotlinCompilerWork.kt:111)
	at org.jetbrains.kotlin.compilerRunner.GradleCompilerRunnerWithWorkers$GradleKotlinCompilerWorkAction.execute(GradleCompilerRunnerWithWorkers.kt:76)
	at org.gradle.workers.internal.DefaultWorkerServer.execute(DefaultWorkerServer.java:63)
	at org.gradle.workers.internal.NoIsolationWorkerFactory$1$1.create(NoIsolationWorkerFactory.java:66)
	at org.gradle.workers.internal.NoIsolationWorkerFactory$1$1.create(NoIsolationWorkerFactory.java:62)
	at org.gradle.internal.classloader.ClassLoaderUtils.executeInClassloader(ClassLoaderUtils.java:100)
	at org.gradle.workers.internal.NoIsolationWorkerFactory$1.lambda$execute$0(NoIsolationWorkerFactory.java:62)
	at org.gradle.workers.internal.AbstractWorker$1.call(AbstractWorker.java:44)
	at org.gradle.workers.internal.AbstractWorker$1.call(AbstractWorker.java:41)
	at org.gradle.internal.operations.DefaultBuildOperationRunner$CallableBuildOperationWorker.execute(DefaultBuildOperationRunner.java:209)
	at org.gradle.internal.operations.DefaultBuildOperationRunner$CallableBuildOperationWorker.execute(DefaultBuildOperationRunner.java:204)
	at org.gradle.internal.operations.DefaultBuildOperationRunner$2.execute(DefaultBuildOperationRunner.java:66)
	at org.gradle.internal.operations.DefaultBuildOperationRunner$2.execute(DefaultBuildOperationRunner.java:59)
	at org.gradle.internal.operations.DefaultBuildOperationRunner.execute(DefaultBuildOperationRunner.java:166)
	at org.gradle.internal.operations.DefaultBuildOperationRunner.execute(DefaultBuildOperationRunner.java:59)
	at org.gradle.internal.operations.DefaultBuildOperationRunner.call(DefaultBuildOperationRunner.java:53)
	at org.gradle.workers.internal.AbstractWorker.executeWrappedInBuildOperation(AbstractWorker.java:41)
	at org.gradle.workers.internal.NoIsolationWorkerFactory$1.execute(NoIsolationWorkerFactory.java:59)
	at org.gradle.workers.internal.DefaultWorkerExecutor.lambda$submitWork$0(DefaultWorkerExecutor.java:174)
	at java.base/java.util.concurrent.FutureTask.run(Unknown Source)
	at org.gradle.internal.work.DefaultConditionalExecutionQueue$ExecutionRunner.runExecution(DefaultConditionalExecutionQueue.java:194)
	at org.gradle.internal.work.DefaultConditionalExecutionQueue$ExecutionRunner.access$700(DefaultConditionalExecutionQueue.java:127)
	at org.gradle.internal.work.DefaultConditionalExecutionQueue$ExecutionRunner$1.run(DefaultConditionalExecutionQueue.java:169)
	at org.gradle.internal.Factories$1.create(Factories.java:31)
	at org.gradle.internal.work.DefaultWorkerLeaseService.withLocks(DefaultWorkerLeaseService.java:263)
	at org.gradle.internal.work.DefaultWorkerLeaseService.runAsWorkerThread(DefaultWorkerLeaseService.java:127)
	at org.gradle.internal.work.DefaultWorkerLeaseService.runAsWorkerThread(DefaultWorkerLeaseService.java:132)
	at org.gradle.internal.work.DefaultConditionalExecutionQueue$ExecutionRunner.runBatch(DefaultConditionalExecutionQueue.java:164)
	at org.gradle.internal.work.DefaultConditionalExecutionQueue$ExecutionRunner.run(DefaultConditionalExecutionQueue.java:133)
	at java.base/java.util.concurrent.Executors$RunnableAdapter.call(Unknown Source)
	at java.base/java.util.concurrent.FutureTask.run(Unknown Source)
	at org.gradle.internal.concurrent.ExecutorPolicy$CatchAndRecordFailures.onExecute(ExecutorPolicy.java:64)
	at org.gradle.internal.concurrent.AbstractManagedExecutor$1.run(AbstractManagedExecutor.java:48)
	at java.base/java.util.concurrent.ThreadPoolExecutor.runWorker(Unknown Source)
	at java.base/java.util.concurrent.ThreadPoolExecutor$Worker.run(Unknown Source)
	at java.base/java.lang.Thread.run(Unknown Source)

Failed to compile with Kotlin daemon: org.jetbrains.kotlin.gradle.tasks.OOMErrorException: Not enough memory to run compilation. Try to increase it via 'gradle.properties':
kotlin.daemon.jvmargs=-Xmx<size>
	at org.jetbrains.kotlin.gradle.tasks.TasksUtilsKt.OOMErrorException(tasksUtils.kt:83)
	at org.jetbrains.kotlin.gradle.tasks.TasksUtilsKt.wrapCompilationExceptionIfNeeded(tasksUtils.kt:52)
	at org.jetbrains.kotlin.gradle.tasks.TasksUtilsKt.wrapAndRethrowCompilationException(tasksUtils.kt:65)
	at org.jetbrains.kotlin.compilerRunner.GradleKotlinCompilerWork.compileWithDaemon(GradleKotlinCompilerWork.kt:243)
	at org.jetbrains.kotlin.compilerRunner.GradleKotlinCompilerWork.compileWithDaemonOrFallbackImpl(GradleKotlinCompilerWork.kt:159)
	at org.jetbrains.kotlin.compilerRunner.GradleKotlinCompilerWork.run(GradleKotlinCompilerWork.kt:111)
	at org.jetbrains.kotlin.compilerRunner.GradleCompilerRunnerWithWorkers$GradleKotlinCompilerWorkAction.execute(GradleCompilerRunnerWithWorkers.kt:76)
	at org.gradle.workers.internal.DefaultWorkerServer.execute(DefaultWorkerServer.java:63)
	at org.gradle.workers.internal.NoIsolationWorkerFactory$1$1.create(NoIsolationWorkerFactory.java:66)
	at org.gradle.workers.internal.NoIsolationWorkerFactory$1$1.create(NoIsolationWorkerFactory.java:62)
	at org.gradle.internal.classloader.ClassLoaderUtils.executeInClassloader(ClassLoaderUtils.java:100)
	at org.gradle.workers.internal.NoIsolationWorkerFactory$1.lambda$execute$0(NoIsolationWorkerFactory.java:62)
	at org.gradle.workers.internal.AbstractWorker$1.call(AbstractWorker.java:44)
	at org.gradle.workers.internal.AbstractWorker$1.call(AbstractWorker.java:41)
	at org.gradle.internal.operations.DefaultBuildOperationRunner$CallableBuildOperationWorker.execute(DefaultBuildOperationRunner.java:209)
	at org.gradle.internal.operations.DefaultBuildOperationRunner$CallableBuildOperationWorker.execute(DefaultBuildOperationRunner.java:204)
	at org.gradle.internal.operations.DefaultBuildOperationRunner$2.execute(DefaultBuildOperationRunner.java:66)
	at org.gradle.internal.operations.DefaultBuildOperationRunner$2.execute(DefaultBuildOperationRunner.java:59)
	at org.gradle.internal.operations.DefaultBuildOperationRunner.execute(DefaultBuildOperationRunner.java:166)
	at org.gradle.internal.operations.DefaultBuildOperationRunner.execute(DefaultBuildOperationRunner.java:59)
	at org.gradle.internal.operations.DefaultBuildOperationRunner.call(DefaultBuildOperationRunner.java:53)
	at org.gradle.workers.internal.AbstractWorker.executeWrappedInBuildOperation(AbstractWorker.java:41)
	at org.gradle.workers.internal.NoIsolationWorkerFactory$1.execute(NoIsolationWorkerFactory.java:59)
	at org.gradle.workers.internal.DefaultWorkerExecutor.lambda$submitWork$0(DefaultWorkerExecutor.java:174)
	at java.base/java.util.concurrent.FutureTask.run(Unknown Source)
	at org.gradle.internal.work.DefaultConditionalExecutionQueue$ExecutionRunner.runExecution(DefaultConditionalExecutionQueue.java:194)
	at org.gradle.internal.work.DefaultConditionalExecutionQueue$ExecutionRunner.access$700(DefaultConditionalExecutionQueue.java:127)
	at org.gradle.internal.work.DefaultConditionalExecutionQueue$ExecutionRunner$1.run(DefaultConditionalExecutionQueue.java:169)
	at org.gradle.internal.Factories$1.create(Factories.java:31)
	at org.gradle.internal.work.DefaultWorkerLeaseService.withLocks(DefaultWorkerLeaseService.java:263)
	at org.gradle.internal.work.DefaultWorkerLeaseService.runAsWorkerThread(DefaultWorkerLeaseService.java:127)
	at org.gradle.internal.work.DefaultWorkerLeaseService.runAsWorkerThread(DefaultWorkerLeaseService.java:132)
	at org.gradle.internal.work.DefaultConditionalExecutionQueue$ExecutionRunner.runBatch(DefaultConditionalExecutionQueue.java:164)
	at org.gradle.internal.work.DefaultConditionalExecutionQueue$ExecutionRunner.run(DefaultConditionalExecutionQueue.java:133)
	at java.base/java.util.concurrent.Executors$RunnableAdapter.call(Unknown Source)
	at java.base/java.util.concurrent.FutureTask.run(Unknown Source)
	at org.gradle.internal.concurrent.ExecutorPolicy$CatchAndRecordFailures.onExecute(ExecutorPolicy.java:64)
	at org.gradle.internal.concurrent.AbstractManagedExecutor$1.run(AbstractManagedExecutor.java:48)
	at java.base/java.util.concurrent.ThreadPoolExecutor.runWorker(Unknown Source)
	at java.base/java.util.concurrent.ThreadPoolExecutor$Worker.run(Unknown Source)
	at java.base/java.lang.Thread.run(Unknown Source)
Using fallback strategy: Compile without Kotlin daemon
Try ./gradlew --stop if this issue persists
If it does not look related to your configuration, please file an issue with logs to https://kotl.in/issue
exception: warning: opt-in requirement marker com.arkivanov.decompose.ExperimentalDecomposeApi is unresolved. Please make sure it's present in the module dependencies
exception: warning: opt-in requirement marker com.google.accompanist.permissions.ExperimentalPermissionsApi is unresolved. Please make sure it's present in the module dependencies
exception: common/build/generated/moko/commonMain/src/chat/simplex/res/MR.kt:12:8: warning: 'expect'/'actual' classes (including interfaces, objects, annotations, enums, and 'actual' typealiases) are in Beta. Consider using the '-Xexpect-actual-classes' flag to suppress this warning. Also see: https://youtrack.jetbrains.com/issue/KT-61573
exception: public expect object MR {
exception:        ^^^^^^
exception: common/build/generated/moko/commonMain/src/chat/simplex/res/MR.kt:13:17: warning: 'expect'/'actual' classes (including interfaces, objects, annotations, enums, and 'actual' typealiases) are in Beta. Consider using the '-Xexpect-actual-classes' flag to suppress this warning. Also see: https://youtrack.jetbrains.com/issue/KT-61573
exception:   public object strings : ResourceContainer<StringResource> {
exception:                 ^^^^^^^
exception: common/build/generated/moko/commonMain/src/chat/simplex/res/MR.kt:5658:17: warning: 'expect'/'actual' classes (including interfaces, objects, annotations, enums, and 'actual' typealiases) are in Beta. Consider using the '-Xexpect-actual-classes' flag to suppress this warning. Also see: https://youtrack.jetbrains.com/issue/KT-61573
exception:   public object plurals : ResourceContainer<PluralsResource>
exception:                 ^^^^^^^
exception: common/build/generated/moko/commonMain/src/chat/simplex/res/MR.kt:5660:17: warning: 'expect'/'actual' classes (including interfaces, objects, annotations, enums, and 'actual' typealiases) are in Beta. Consider using the '-Xexpect-actual-classes' flag to suppress this warning. Also see: https://youtrack.jetbrains.com/issue/KT-61573
exception:   public object images : ResourceContainer<ImageResource> {
exception:                 ^^^^^^
exception: common/build/generated/moko/commonMain/src/chat/simplex/res/MR.kt:6294:17: warning: 'expect'/'actual' classes (including interfaces, objects, annotations, enums, and 'actual' typealiases) are in Beta. Consider using the '-Xexpect-actual-classes' flag to suppress this warning. Also see: https://youtrack.jetbrains.com/issue/KT-61573
exception:   public object fonts : ResourceContainer<FontResource> {
exception:                 ^^^^^
exception: common/build/generated/moko/commonMain/src/chat/simplex/res/MR.kt:6295:19: warning: 'expect'/'actual' classes (including interfaces, objects, annotations, enums, and 'actual' typealiases) are in Beta. Consider using the '-Xexpect-actual-classes' flag to suppress this warning. Also see: https://youtrack.jetbrains.com/issue/KT-61573
exception:     public object Inter {
exception:                   ^^^^^
exception: common/build/generated/moko/commonMain/src/chat/simplex/res/MR.kt:6309:19: warning: 'expect'/'actual' classes (including interfaces, objects, annotations, enums, and 'actual' typealiases) are in Beta. Consider using the '-Xexpect-actual-classes' flag to suppress this warning. Also see: https://youtrack.jetbrains.com/issue/KT-61573
exception:     public object NotoColorEmoji {
exception:                   ^^^^^^^^^^^^^^
exception: common/build/generated/moko/commonMain/src/chat/simplex/res/MR.kt:6314:17: warning: 'expect'/'actual' classes (including interfaces, objects, annotations, enums, and 'actual' typealiases) are in Beta. Consider using the '-Xexpect-actual-classes' flag to suppress this warning. Also see: https://youtrack.jetbrains.com/issue/KT-61573
exception:   public object files : ResourceContainer<FileResource>
exception:                 ^^^^^
exception: common/build/generated/moko/commonMain/src/chat/simplex/res/MR.kt:6316:17: warning: 'expect'/'actual' classes (including interfaces, objects, annotations, enums, and 'actual' typealiases) are in Beta. Consider using the '-Xexpect-actual-classes' flag to suppress this warning. Also see: https://youtrack.jetbrains.com/issue/KT-61573
exception:   public object colors : ResourceContainer<ColorResource>
exception:                 ^^^^^^
exception: common/build/generated/moko/commonMain/src/chat/simplex/res/MR.kt:6318:17: warning: 'expect'/'actual' classes (including interfaces, objects, annotations, enums, and 'actual' typealiases) are in Beta. Consider using the '-Xexpect-actual-classes' flag to suppress this warning. Also see: https://youtrack.jetbrains.com/issue/KT-61573
exception:   public object assets : ResourceContainer<AssetResource>
exception:                 ^^^^^^
exception: common/build/generated/moko/desktopMain/src/chat/simplex/res/MR.kt:15:8: warning: 'expect'/'actual' classes (including interfaces, objects, annotations, enums, and 'actual' typealiases) are in Beta. Consider using the '-Xexpect-actual-classes' flag to suppress this warning. Also see: https://youtrack.jetbrains.com/issue/KT-61573
exception: public actual object MR {
exception:        ^^^^^^
exception: common/build/generated/moko/desktopMain/src/chat/simplex/res/MR.kt:20:10: warning: 'expect'/'actual' classes (including interfaces, objects, annotations, enums, and 'actual' typealiases) are in Beta. Consider using the '-Xexpect-actual-classes' flag to suppress this warning. Also see: https://youtrack.jetbrains.com/issue/KT-61573
exception:   public actual object strings : ResourceContainer<StringResource> {
exception:          ^^^^^^
exception: common/build/generated/moko/desktopMain/src/chat/simplex/res/MR.kt:9956:10: warning: 'expect'/'actual' classes (including interfaces, objects, annotations, enums, and 'actual' typealiases) are in Beta. Consider using the '-Xexpect-actual-classes' flag to suppress this warning. Also see: https://youtrack.jetbrains.com/issue/KT-61573
exception:   public actual object plurals : ResourceContainer<PluralsResource> {
exception:          ^^^^^^
exception: common/build/generated/moko/desktopMain/src/chat/simplex/res/MR.kt:9960:10: warning: 'expect'/'actual' classes (including interfaces, objects, annotations, enums, and 'actual' typealiases) are in Beta. Consider using the '-Xexpect-actual-classes' flag to suppress this warning. Also see: https://youtrack.jetbrains.com/issue/KT-61573
exception:   public actual object images : ResourceContainer<ImageResource> {
exception:          ^^^^^^
exception: common/build/generated/moko/desktopMain/src/chat/simplex/res/MR.kt:10932:10: warning: 'expect'/'actual' classes (including interfaces, objects, annotations, enums, and 'actual' typealiases) are in Beta. Consider using the '-Xexpect-actual-classes' flag to suppress this warning. Also see: https://youtrack.jetbrains.com/issue/KT-61573
exception:   public actual object fonts : ResourceContainer<FontResource> {
exception:          ^^^^^^
exception: common/build/generated/moko/desktopMain/src/chat/simplex/res/MR.kt:10935:12: warning: 'expect'/'actual' classes (including interfaces, objects, annotations, enums, and 'actual' typealiases) are in Beta. Consider using the '-Xexpect-actual-classes' flag to suppress this warning. Also see: https://youtrack.jetbrains.com/issue/KT-61573
exception:     public actual object Inter {
exception:            ^^^^^^
exception: common/build/generated/moko/desktopMain/src/chat/simplex/res/MR.kt:10955:12: warning: 'expect'/'actual' classes (including interfaces, objects, annotations, enums, and 'actual' typealiases) are in Beta. Consider using the '-Xexpect-actual-classes' flag to suppress this warning. Also see: https://youtrack.jetbrains.com/issue/KT-61573
exception:     public actual object NotoColorEmoji {
exception:            ^^^^^^
exception: common/build/generated/moko/desktopMain/src/chat/simplex/res/MR.kt:10961:10: warning: 'expect'/'actual' classes (including interfaces, objects, annotations, enums, and 'actual' typealiases) are in Beta. Consider using the '-Xexpect-actual-classes' flag to suppress this warning. Also see: https://youtrack.jetbrains.com/issue/KT-61573
exception:   public actual object files : ResourceContainer<FileResource> {
exception:          ^^^^^^
exception: common/build/generated/moko/desktopMain/src/chat/simplex/res/MR.kt:10965:10: warning: 'expect'/'actual' classes (including interfaces, objects, annotations, enums, and 'actual' typealiases) are in Beta. Consider using the '-Xexpect-actual-classes' flag to suppress this warning. Also see: https://youtrack.jetbrains.com/issue/KT-61573
exception:   public actual object colors : ResourceContainer<ColorResource> {
exception:          ^^^^^^
exception: common/build/generated/moko/desktopMain/src/chat/simplex/res/MR.kt:10969:10: warning: 'expect'/'actual' classes (including interfaces, objects, annotations, enums, and 'actual' typealiases) are in Beta. Consider using the '-Xexpect-actual-classes' flag to suppress this warning. Also see: https://youtrack.jetbrains.com/issue/KT-61573
exception:   public actual object assets : ResourceContainer<AssetResource> {
exception:          ^^^^^^
exception: common/src/commonMain/kotlin/chat/simplex/common/model/ChatModel.kt:4049:3: warning: class 'MsgReactionSerializer', which is serializer for type 'MsgReaction', is applied here to type 'MsgReaction.Emoji'. This may lead to errors or incorrect behavior.
exception:   @Serializable(with = MsgReactionSerializer::class) class Emoji(val emoji: MREmojiChar): MsgReaction()
exception:   ^^^^^^^^^^^^^^^^^^^^^^^^^^^^^^^^^^^^^^^^^^^^^^^^^^
exception: common/src/commonMain/kotlin/chat/simplex/common/model/ChatModel.kt:4050:3: warning: class 'MsgReactionSerializer', which is serializer for type 'MsgReaction', is applied here to type 'MsgReaction.Unknown'. This may lead to errors or incorrect behavior.
exception:   @Serializable(with = MsgReactionSerializer::class) class Unknown(val type: String? = null, val json: JsonElement): MsgReaction()
exception:   ^^^^^^^^^^^^^^^^^^^^^^^^^^^^^^^^^^^^^^^^^^^^^^^^^^
exception: common/src/commonMain/kotlin/chat/simplex/common/model/SimpleXAPI.kt:2090:25: warning: 'val LocalClipboardManager: ProvidableCompositionLocal<ClipboardManager>' is deprecated. Use LocalClipboard instead which supports suspend functions.
exception:         val clipboard = LocalClipboardManager.current
exception:                         ^^^^^^^^^^^^^^^^^^^^^
exception: common/src/commonMain/kotlin/chat/simplex/common/model/SimpleXAPI.kt:3310:39: warning: 'val LocalClipboardManager: ProvidableCompositionLocal<ClipboardManager>' is deprecated. Use LocalClipboard instead which supports suspend functions.
exception:                       val clipboard = LocalClipboardManager.current
exception:                                       ^^^^^^^^^^^^^^^^^^^^^
exception: common/src/commonMain/kotlin/chat/simplex/common/platform/Files.kt:184:1: warning: 'expect'/'actual' classes (including interfaces, objects, annotations, enums, and 'actual' typealiases) are in Beta. Consider using the '-Xexpect-actual-classes' flag to suppress this warning. Also see: https://youtrack.jetbrains.com/issue/KT-61573
exception: expect class FileChooserLauncher() {
exception: ^^^^^^
exception: common/src/commonMain/kotlin/chat/simplex/common/platform/Files.kt:188:1: warning: 'expect'/'actual' classes (including interfaces, objects, annotations, enums, and 'actual' typealiases) are in Beta. Consider using the '-Xexpect-actual-classes' flag to suppress this warning. Also see: https://youtrack.jetbrains.com/issue/KT-61573
exception: expect class FileChooserMultipleLauncher() {
exception: ^^^^^^
exception: common/src/commonMain/kotlin/chat/simplex/common/platform/Log.kt:9:1: warning: 'expect'/'actual' classes (including interfaces, objects, annotations, enums, and 'actual' typealiases) are in Beta. Consider using the '-Xexpect-actual-classes' flag to suppress this warning. Also see: https://youtrack.jetbrains.com/issue/KT-61573
exception: expect object Log {
exception: ^^^^^^
exception: common/src/commonMain/kotlin/chat/simplex/common/platform/RecAndPlay.kt:17:1: warning: 'expect'/'actual' classes (including interfaces, objects, annotations, enums, and 'actual' typealiases) are in Beta. Consider using the '-Xexpect-actual-classes' flag to suppress this warning. Also see: https://youtrack.jetbrains.com/issue/KT-61573
exception: expect class RecorderNative(): RecorderInterface
exception: ^^^^^^
exception: common/src/commonMain/kotlin/chat/simplex/common/platform/RecAndPlay.kt:47:1: warning: 'expect'/'actual' classes (including interfaces, objects, annotations, enums, and 'actual' typealiases) are in Beta. Consider using the '-Xexpect-actual-classes' flag to suppress this warning. Also see: https://youtrack.jetbrains.com/issue/KT-61573
exception: expect object AudioPlayer: AudioPlayerInterface
exception: ^^^^^^
exception: common/src/commonMain/kotlin/chat/simplex/common/platform/RecAndPlay.kt:61:1: warning: 'expect'/'actual' classes (including interfaces, objects, annotations, enums, and 'actual' typealiases) are in Beta. Consider using the '-Xexpect-actual-classes' flag to suppress this warning. Also see: https://youtrack.jetbrains.com/issue/KT-61573
exception: expect object SoundPlayer: SoundPlayerInterface
exception: ^^^^^^
exception: common/src/commonMain/kotlin/chat/simplex/common/platform/RecAndPlay.kt:63:1: warning: 'expect'/'actual' classes (including interfaces, objects, annotations, enums, and 'actual' typealiases) are in Beta. Consider using the '-Xexpect-actual-classes' flag to suppress this warning. Also see: https://youtrack.jetbrains.com/issue/KT-61573
exception: expect object CallSoundsPlayer: CallSoundsPlayerInterface
exception: ^^^^^^
exception: common/src/commonMain/kotlin/chat/simplex/common/platform/Share.kt:3:8: warning: 'interface ClipboardManager : Any' is deprecated. Use Clipboard instead, which supports suspend functions.
exception: import androidx.compose.ui.platform.ClipboardManager
exception:        ^^^^^^^^^^^^^^^^^^^^^^^^^^^^^^^^^^^^^^^^^^^^^
exception: common/src/commonMain/kotlin/chat/simplex/common/platform/Share.kt:9:12: warning: 'interface ClipboardManager : Any' is deprecated. Use Clipboard instead, which supports suspend functions.
exception: expect fun ClipboardManager.shareText(text: String)
exception:            ^^^^^^^^^^^^^^^^
exception: common/src/commonMain/kotlin/chat/simplex/common/platform/UI.kt:24:1: warning: 'expect'/'actual' classes (including interfaces, objects, annotations, enums, and 'actual' typealiases) are in Beta. Consider using the '-Xexpect-actual-classes' flag to suppress this warning. Also see: https://youtrack.jetbrains.com/issue/KT-61573
exception: expect class GlobalExceptionsHandler(): Thread.UncaughtExceptionHandler {
exception: ^^^^^^
exception: common/src/commonMain/kotlin/chat/simplex/common/platform/VideoPlayer.kt:25:1: warning: 'expect'/'actual' classes (including interfaces, objects, annotations, enums, and 'actual' typealiases) are in Beta. Consider using the '-Xexpect-actual-classes' flag to suppress this warning. Also see: https://youtrack.jetbrains.com/issue/KT-61573
exception: expect class VideoPlayer(
exception: ^^^^^^
exception: common/src/commonMain/kotlin/chat/simplex/common/views/TerminalView.kt:169:23: warning: 'val LocalClipboardManager: ProvidableCompositionLocal<ClipboardManager>' is deprecated. Use LocalClipboard instead which supports suspend functions.
exception:       val clipboard = LocalClipboardManager.current
exception:                       ^^^^^^^^^^^^^^^^^^^^^
exception: common/src/commonMain/kotlin/chat/simplex/common/views/chat/ChatInfoView.kt:632:25: warning: 'val LocalClipboardManager: ProvidableCompositionLocal<ClipboardManager>' is deprecated. Use LocalClipboard instead which supports suspend functions.
exception:         val clipboard = LocalClipboardManager.current
exception:                         ^^^^^^^^^^^^^^^^^^^^^
exception: common/src/commonMain/kotlin/chat/simplex/common/views/chat/ChatInfoView.kt:739:21: warning: 'val LocalClipboardManager: ProvidableCompositionLocal<ClipboardManager>' is deprecated. Use LocalClipboard instead which supports suspend functions.
exception:     val clipboard = LocalClipboardManager.current
exception:                     ^^^^^^^^^^^^^^^^^^^^^
exception: common/src/commonMain/kotlin/chat/simplex/common/views/chat/ChatInfoView.kt:1125:25: warning: 'interface ClipboardManager : Any' is deprecated. Use Clipboard instead, which supports suspend functions.
exception:   val clipboardManager: ClipboardManager = LocalClipboardManager.current
exception:                         ^^^^^^^^^^^^^^^^
exception: common/src/commonMain/kotlin/chat/simplex/common/views/chat/ChatInfoView.kt:1125:44: warning: 'val LocalClipboardManager: ProvidableCompositionLocal<ClipboardManager>' is deprecated. Use LocalClipboard instead which supports suspend functions.
exception:   val clipboardManager: ClipboardManager = LocalClipboardManager.current
exception:                                            ^^^^^^^^^^^^^^^^^^^^^
exception: common/src/commonMain/kotlin/chat/simplex/common/views/chat/ChatItemInfoView.kt:109:25: warning: 'val LocalClipboardManager: ProvidableCompositionLocal<ClipboardManager>' is deprecated. Use LocalClipboard instead which supports suspend functions.
exception:         val clipboard = LocalClipboardManager.current
exception:                         ^^^^^^^^^^^^^^^^^^^^^
exception: common/src/commonMain/kotlin/chat/simplex/common/views/chat/ChatItemInfoView.kt:149:25: warning: 'val LocalClipboardManager: ProvidableCompositionLocal<ClipboardManager>' is deprecated. Use LocalClipboard instead which supports suspend functions.
exception:         val clipboard = LocalClipboardManager.current
exception:                         ^^^^^^^^^^^^^^^^^^^^^
exception: common/src/commonMain/kotlin/chat/simplex/common/views/chat/ChatView.kt:248:21: warning: 'val LocalClipboardManager: ProvidableCompositionLocal<ClipboardManager>' is deprecated. Use LocalClipboard instead which supports suspend functions.
exception:     val clipboard = LocalClipboardManager.current
exception:                     ^^^^^^^^^^^^^^^^^^^^^
exception: common/src/commonMain/kotlin/chat/simplex/common/views/chat/ChatView.kt:3095:10: warning: unchecked cast of 'Any?' to 'Pair<Long, Long>'.
exception:   }?.key as? ChatViewItemKey
exception:          ^^^^^^^^^^^^^^^^^^^
exception: common/src/commonMain/kotlin/chat/simplex/common/views/chat/ChatView.kt:3103:10: warning: unchecked cast of 'Any?' to 'Pair<Long, Long>'.
exception:   }?.key as? ChatViewItemKey
exception:          ^^^^^^^^^^^^^^^^^^^
exception: common/src/commonMain/kotlin/chat/simplex/common/views/chat/ComposeView.kt:96:1: warning: @Serializer annotation has no effect on class 'object ComposeMessageSerializer : KSerializer<TextRange>', because all members of KSerializer are already overridden
exception: @Serializer(forClass = TextRange::class)
exception: ^^^^^^^^^^^^^^^^^^^^^^^^^^^^^^^^^^^^^^^^
exception: common/src/commonMain/kotlin/chat/simplex/common/views/chat/TextSelection.kt:324:21: warning: 'val LocalClipboardManager: ProvidableCompositionLocal<ClipboardManager>' is deprecated. Use LocalClipboard instead which supports suspend functions.
exception:     val clipboard = LocalClipboardManager.current
exception:                     ^^^^^^^^^^^^^^^^^^^^^
exception: common/src/commonMain/kotlin/chat/simplex/common/views/chat/VerifyCodeView.kt:84:25: warning: 'val LocalClipboardManager: ProvidableCompositionLocal<ClipboardManager>' is deprecated. Use LocalClipboard instead which supports suspend functions.
exception:         val clipboard = LocalClipboardManager.current
exception:                         ^^^^^^^^^^^^^^^^^^^^^
exception: common/src/commonMain/kotlin/chat/simplex/common/views/chat/group/GroupChatInfoView.kt:910:21: warning: 'val LocalClipboardManager: ProvidableCompositionLocal<ClipboardManager>' is deprecated. Use LocalClipboard instead which supports suspend functions.
exception:     val clipboard = LocalClipboardManager.current
exception:                     ^^^^^^^^^^^^^^^^^^^^^
exception: common/src/commonMain/kotlin/chat/simplex/common/views/chat/group/GroupChatInfoView.kt:1204:19: warning: 'val LocalClipboardManager: ProvidableCompositionLocal<ClipboardManager>' is deprecated. Use LocalClipboard instead which supports suspend functions.
exception:   val clipboard = LocalClipboardManager.current
exception:                   ^^^^^^^^^^^^^^^^^^^^^
exception: common/src/commonMain/kotlin/chat/simplex/common/views/chat/group/GroupLinkView.kt:42:19: warning: 'val LocalClipboardManager: ProvidableCompositionLocal<ClipboardManager>' is deprecated. Use LocalClipboard instead which supports suspend functions.
exception:   val clipboard = LocalClipboardManager.current
exception:                   ^^^^^^^^^^^^^^^^^^^^^
exception: common/src/commonMain/kotlin/chat/simplex/common/views/chat/group/GroupLinkView.kt:245:25: warning: 'val LocalClipboardManager: ProvidableCompositionLocal<ClipboardManager>' is deprecated. Use LocalClipboard instead which supports suspend functions.
exception:         val clipboard = LocalClipboardManager.current
exception:                         ^^^^^^^^^^^^^^^^^^^^^
exception: common/src/commonMain/kotlin/chat/simplex/common/views/chat/group/GroupMemberInfoView.kt:572:25: warning: 'val LocalClipboardManager: ProvidableCompositionLocal<ClipboardManager>' is deprecated. Use LocalClipboard instead which supports suspend functions.
exception:         val clipboard = LocalClipboardManager.current
exception:                         ^^^^^^^^^^^^^^^^^^^^^
exception: common/src/commonMain/kotlin/chat/simplex/common/views/chat/group/GroupMemberInfoView.kt:617:25: warning: 'val LocalClipboardManager: ProvidableCompositionLocal<ClipboardManager>' is deprecated. Use LocalClipboard instead which supports suspend functions.
exception:         val clipboard = LocalClipboardManager.current
exception:                         ^^^^^^^^^^^^^^^^^^^^^
exception: common/src/commonMain/kotlin/chat/simplex/common/views/chat/group/GroupMemberInfoView.kt:765:21: warning: 'val LocalClipboardManager: ProvidableCompositionLocal<ClipboardManager>' is deprecated. Use LocalClipboard instead which supports suspend functions.
exception:     val clipboard = LocalClipboardManager.current
exception:                     ^^^^^^^^^^^^^^^^^^^^^
exception: common/src/commonMain/kotlin/chat/simplex/common/views/chat/group/WelcomeMessageView.kt:126:23: warning: 'val LocalClipboardManager: ProvidableCompositionLocal<ClipboardManager>' is deprecated. Use LocalClipboard instead which supports suspend functions.
exception:       val clipboard = LocalClipboardManager.current
exception:                       ^^^^^^^^^^^^^^^^^^^^^
exception: common/src/commonMain/kotlin/chat/simplex/common/views/chat/group/WelcomeMessageView.kt:136:23: warning: 'val LocalClipboardManager: ProvidableCompositionLocal<ClipboardManager>' is deprecated. Use LocalClipboard instead which supports suspend functions.
exception:       val clipboard = LocalClipboardManager.current
exception:                       ^^^^^^^^^^^^^^^^^^^^^
exception: common/src/commonMain/kotlin/chat/simplex/common/views/chat/item/CIInvalidJSONView.kt:21:19: warning: 'val LocalClipboardManager: ProvidableCompositionLocal<ClipboardManager>' is deprecated. Use LocalClipboard instead which supports suspend functions.
exception:   val clipboard = LocalClipboardManager.current
exception:                   ^^^^^^^^^^^^^^^^^^^^^
exception: common/src/commonMain/kotlin/chat/simplex/common/views/chat/item/ChatItemView.kt:415:37: warning: 'val LocalClipboardManager: ProvidableCompositionLocal<ClipboardManager>' is deprecated. Use LocalClipboard instead which supports suspend functions.
exception:                     val clipboard = LocalClipboardManager.current
exception:                                     ^^^^^^^^^^^^^^^^^^^^^
exception: common/src/commonMain/kotlin/chat/simplex/common/views/chat/item/ChatItemView.kt:1252:5: warning: 'fun quadraticBezierTo(x1: Float, y1: Float, x2: Float, y2: Float): Unit' is deprecated. Use quadraticTo() for consistency with cubicTo().
exception:     quadraticBezierTo(width, 0f, width, ry) // Top-right corner
exception:     ^^^^^^^^^^^^^^^^^
exception: common/src/commonMain/kotlin/chat/simplex/common/views/chat/item/ChatItemView.kt:1258:5: warning: 'fun quadraticBezierTo(x1: Float, y1: Float, x2: Float, y2: Float): Unit' is deprecated. Use quadraticTo() for consistency with cubicTo().
exception:     quadraticBezierTo(width, height, width - rx, height) // Bottom-right corner
exception:     ^^^^^^^^^^^^^^^^^
exception: common/src/commonMain/kotlin/chat/simplex/common/views/chat/item/ChatItemView.kt:1265:7: warning: 'fun quadraticBezierTo(x1: Float, y1: Float, x2: Float, y2: Float): Unit' is deprecated. Use quadraticTo() for consistency with cubicTo().
exception:       quadraticBezierTo(controlPoint.x, controlPoint.y, msgTailWidth, height - tailHeight)
exception:       ^^^^^^^^^^^^^^^^^
exception: common/src/commonMain/kotlin/chat/simplex/common/views/chat/item/ChatItemView.kt:1276:7: warning: 'fun quadraticBezierTo(x1: Float, y1: Float, x2: Float, y2: Float): Unit' is deprecated. Use quadraticTo() for consistency with cubicTo().
exception:       quadraticBezierTo(0f, height, 0f, height - ry) // Bottom-left corner
exception:       ^^^^^^^^^^^^^^^^^
exception: common/src/commonMain/kotlin/chat/simplex/common/views/chat/item/ChatItemView.kt:1284:5: warning: 'fun quadraticBezierTo(x1: Float, y1: Float, x2: Float, y2: Float): Unit' is deprecated. Use quadraticTo() for consistency with cubicTo().
exception:     quadraticBezierTo(bubbleInitialX, 0f, bubbleInitialX + rx, 0f) // Top-left corner
exception:     ^^^^^^^^^^^^^^^^^
exception: common/src/commonMain/kotlin/chat/simplex/common/views/chat/item/ChatItemView.kt:1468:60: warning: 'interface ClipboardManager : Any' is deprecated. Use Clipboard instead, which supports suspend functions.
exception: expect fun copyItemToClipboard(cItem: ChatItem, clipboard: ClipboardManager)
exception:                                                            ^^^^^^^^^^^^^^^^
exception: common/src/commonMain/kotlin/chat/simplex/common/views/chatlist/ChatListView.kt:568:19: warning: 'val LocalClipboardManager: ProvidableCompositionLocal<ClipboardManager>' is deprecated. Use LocalClipboard instead which supports suspend functions.
exception:   val clipboard = LocalClipboardManager.current
exception:                   ^^^^^^^^^^^^^^^^^^^^^
exception: common/src/commonMain/kotlin/chat/simplex/common/views/database/DatabaseEncryptionView.kt:332:25: warning: 'constructor(capitalization: KeyboardCapitalization = ..., autoCorrect: Boolean, keyboardType: KeyboardType = ..., imeAction: ImeAction = ..., platformImeOptions: PlatformImeOptions? = ..., showKeyboardOnFocus: Boolean? = ..., hintLocales: LocaleList? = ...): KeyboardOptions' is deprecated. Please use the new constructor that takes optional autoCorrectEnabled parameter.
exception:   val keyboardOptions = KeyboardOptions(
exception:                         ^^^^^^^^^^^^^^^
exception: common/src/commonMain/kotlin/chat/simplex/common/views/helpers/AlertManager.kt:222:31: warning: 'val LocalClipboardManager: ProvidableCompositionLocal<ClipboardManager>' is deprecated. Use LocalClipboard instead which supports suspend functions.
exception:               val clipboard = LocalClipboardManager.current
exception:                               ^^^^^^^^^^^^^^^^^^^^^
exception: common/src/commonMain/kotlin/chat/simplex/common/views/helpers/AlertManager.kt:223:38: warning: condition is always 'true'.
exception:               if (showShareButton && text != null) {
exception:                                      ^^^^^^^^^^^^
exception: common/src/commonMain/kotlin/chat/simplex/common/views/helpers/DefaultBasicTextField.kt:135:25: warning: 'constructor(capitalization: KeyboardCapitalization = ..., autoCorrect: Boolean, keyboardType: KeyboardType = ..., imeAction: ImeAction = ..., platformImeOptions: PlatformImeOptions? = ..., showKeyboardOnFocus: Boolean? = ..., hintLocales: LocaleList? = ...): KeyboardOptions' is deprecated. Please use the new constructor that takes optional autoCorrectEnabled parameter.
exception:   val keyboardOptions = KeyboardOptions(
exception:                         ^^^^^^^^^^^^^^^
exception: common/src/commonMain/kotlin/chat/simplex/common/views/helpers/Enums.kt:43:1: warning: @Serializer annotation has no effect on class 'object UriSerializer : KSerializer<URI>', because all members of KSerializer are already overridden
exception: @Serializer(forClass = URI::class)
exception: ^^^^^^^^^^^^^^^^^^^^^^^^^^^^^^^^^^
exception: common/src/commonMain/kotlin/chat/simplex/common/views/helpers/GestureDetector.kt:53:3: warning: 'suspend fun PointerInputScope.forEachGesture(block: suspend PointerInputScope.() -> Unit): Unit' is deprecated. Use awaitEachGesture instead. forEachGesture() can drop events between gestures.
exception:   forEachGesture {
exception:   ^^^^^^^^^^^^^^
exception: common/src/commonMain/kotlin/chat/simplex/common/views/helpers/GestureDetector.kt:59:14: warning: 'fun PointerInputChange.consumeDownChange(): Unit' is deprecated. Partial consumption has been deprecated. Use consume() instead.
exception:         down.consumeDownChange()
exception:              ^^^^^^^^^^^^^^^^^
exception: common/src/commonMain/kotlin/chat/simplex/common/views/helpers/GestureDetector.kt:76:24: warning: 'fun PointerInputChange.consumeDownChange(): Unit' is deprecated. Partial consumption has been deprecated. Use consume() instead.
exception:             upOrCancel.consumeDownChange()
exception:                        ^^^^^^^^^^^^^^^^^
exception: common/src/commonMain/kotlin/chat/simplex/common/views/helpers/GestureDetector.kt:96:3: warning: 'suspend fun PointerInputScope.forEachGesture(block: suspend PointerInputScope.() -> Unit): Unit' is deprecated. Use awaitEachGesture instead. forEachGesture() can drop events between gestures.
exception:   forEachGesture {
exception:   ^^^^^^^^^^^^^^
exception: common/src/commonMain/kotlin/chat/simplex/common/views/helpers/GestureDetector.kt:109:32: warning: 'fun PointerInputChange.consumeAllChanges(): Unit' is deprecated. Use consume() instead.
exception:     event.changes.forEach { it.consumeAllChanges() }
exception:                                ^^^^^^^^^^^^^^^^^
exception: common/src/commonMain/kotlin/chat/simplex/common/views/helpers/GestureDetector.kt:141:12: warning: 'val consumed: ConsumedData' is deprecated. use isConsumed and consume() pair of methods instead.
exception:         it.consumed.downChange || it.isOutOfBounds(size, extendedTouchPadding)
exception:            ^^^^^^^^
exception: common/src/commonMain/kotlin/chat/simplex/common/views/helpers/GestureDetector.kt:141:21: warning: 'var downChange: Boolean' is deprecated. Partial consumption was deprecated. Use PointerEvent.isConsumed and PointerEvent.consume() instead.
exception:         it.consumed.downChange || it.isOutOfBounds(size, extendedTouchPadding)
exception:                     ^^^^^^^^^^
exception: common/src/commonMain/kotlin/chat/simplex/common/views/helpers/GestureDetector.kt:147:39: warning: 'fun PointerInputChange.positionChangeConsumed(): Boolean' is deprecated. Partial consumption has been deprecated. Use isConsumed instead.
exception:     if (consumeCheck.changes.any { it.positionChangeConsumed() }) {
exception:                                       ^^^^^^^^^^^^^^^^^^^^^^
exception: common/src/commonMain/kotlin/chat/simplex/common/views/helpers/GestureDetector.kt:254:3: warning: 'suspend fun PointerInputScope.forEachGesture(block: suspend PointerInputScope.() -> Unit): Unit' is deprecated. Use awaitEachGesture instead. forEachGesture() can drop events between gestures.
exception:   forEachGesture {
exception:   ^^^^^^^^^^^^^^
exception: common/src/commonMain/kotlin/chat/simplex/common/views/helpers/LinkPreviews.kt:54:40: warning: 'constructor(p0: String!): URL' is deprecated. Deprecated in Java.
exception:           val u = kotlin.runCatching { URL(url) }.getOrNull() ?: return@withLock null
exception:                                        ^^^
exception: common/src/commonMain/kotlin/chat/simplex/common/views/helpers/LinkPreviews.kt:122:26: warning: 'constructor(p0: String!): URL' is deprecated. Deprecated in Java.
exception:               val conn = URL(imageUri).openConnection(proxy ?: Proxy.NO_PROXY)
exception:                          ^^^
exception: common/src/commonMain/kotlin/chat/simplex/common/views/helpers/LinkPreviews.kt:131:19: warning: condition is always 'true'.
exception:               if (title != null) {
exception:                   ^^^^^^^^^^^^^
exception: common/src/commonMain/kotlin/chat/simplex/common/views/helpers/ModalView.kt:79:62: warning: unchecked cast of 'MutableState<Any?>' to 'MutableState<T (of fun <T> stateGetOrPut)>'.
exception:     state.getOrPut(key) { mutableStateOf(default() as Any) } as MutableState<T>
exception:                                                              ^^^^^^^^^^^^^^^^^^
exception: common/src/commonMain/kotlin/chat/simplex/common/views/helpers/ModalView.kt:82:63: warning: unchecked cast of 'MutableState<Any?>' to 'MutableState<T? (of fun <T> stateGetOrPutNullable)>'.
exception:     state.getOrPut(key) { mutableStateOf(default() as Any?) } as MutableState<T?>
exception:                                                               ^^^^^^^^^^^^^^^^^^^
exception: common/src/commonMain/kotlin/chat/simplex/common/views/helpers/ModalView.kt:268:9: warning: 'fun EnterTransition.with(exit: ExitTransition): ContentTransform' is deprecated. Infix fun EnterTransition.with(ExitTransition) has been renamed to togetherWith.
exception:       ) with slideOutHorizontally(
exception:         ^^^^
exception: common/src/commonMain/kotlin/chat/simplex/common/views/helpers/ModalView.kt:278:9: warning: 'fun EnterTransition.with(exit: ExitTransition): ContentTransform' is deprecated. Infix fun EnterTransition.with(ExitTransition) has been renamed to togetherWith.
exception:       ) with slideOutHorizontally(
exception:         ^^^^
exception: common/src/commonMain/kotlin/chat/simplex/common/views/helpers/Modifiers.kt:37:19: warning: 'fun <T> Modifier.swipeable(state: SwipeableState<T>, anchors: Map<Float, T>, orientation: Orientation, enabled: Boolean = ..., reverseDirection: Boolean = ..., interactionSource: MutableInteractionSource? = ..., thresholds: (@ParameterName(...) T, @ParameterName(...) T) -> ThresholdConfig = ..., resistance: ResistanceConfig? = ..., velocityThreshold: Dp = ...): Modifier' is deprecated. Material's Swipeable has been replaced by Foundation's AnchoredDraggable APIs. Please see developer.android.com for an overview of the changes and a migration guide.
exception:   return Modifier.swipeable(
exception:                   ^^^^^^^^^
exception: common/src/commonMain/kotlin/chat/simplex/common/views/helpers/Modifiers.kt:40:28: warning: 'constructor(fraction: Float): FractionalThreshold' is deprecated. Material's Swipeable has been replaced by Foundation's AnchoredDraggable APIs. Please see developer.android.com for an overview of the changes and a migration guide.
exception:     thresholds = { _, _ -> FractionalThreshold(0.99f) },
exception:                            ^^^^^^^^^^^^^^^^^^^
exception: common/src/commonMain/kotlin/chat/simplex/common/views/helpers/TextEditor.kt:70:25: warning: 'constructor(capitalization: KeyboardCapitalization = ..., autoCorrect: Boolean, keyboardType: KeyboardType = ..., imeAction: ImeAction = ..., platformImeOptions: PlatformImeOptions? = ..., showKeyboardOnFocus: Boolean? = ..., hintLocales: LocaleList? = ...): KeyboardOptions' is deprecated. Please use the new constructor that takes optional autoCorrectEnabled parameter.
exception:       keyboardOptions = KeyboardOptions(
exception:                         ^^^^^^^^^^^^^^^
exception: common/src/commonMain/kotlin/chat/simplex/common/views/migration/MigrateToDevice.kt:228:19: warning: 'val LocalClipboardManager: ProvidableCompositionLocal<ClipboardManager>' is deprecated. Use LocalClipboard instead which supports suspend functions.
exception:   val clipboard = LocalClipboardManager.current
exception:                   ^^^^^^^^^^^^^^^^^^^^^
exception: common/src/commonMain/kotlin/chat/simplex/common/views/newchat/ContactConnectionInfoView.kt:159:19: warning: 'val LocalClipboardManager: ProvidableCompositionLocal<ClipboardManager>' is deprecated. Use LocalClipboard instead which supports suspend functions.
exception:   val clipboard = LocalClipboardManager.current
exception:                   ^^^^^^^^^^^^^^^^^^^^^
exception: common/src/commonMain/kotlin/chat/simplex/common/views/newchat/NewChatView.kt:673:21: warning: 'val LocalClipboardManager: ProvidableCompositionLocal<ClipboardManager>' is deprecated. Use LocalClipboard instead which supports suspend functions.
exception:     val clipboard = LocalClipboardManager.current
exception:                     ^^^^^^^^^^^^^^^^^^^^^
exception: common/src/commonMain/kotlin/chat/simplex/common/views/newchat/NewChatView.kt:713:19: warning: 'val LocalClipboardManager: ProvidableCompositionLocal<ClipboardManager>' is deprecated. Use LocalClipboard instead which supports suspend functions.
exception:   val clipboard = LocalClipboardManager.current
exception:                   ^^^^^^^^^^^^^^^^^^^^^
exception: common/src/commonMain/kotlin/chat/simplex/common/views/onboarding/WhatsNewView.kt:933:19: warning: 'val LocalClipboardManager: ProvidableCompositionLocal<ClipboardManager>' is deprecated. Use LocalClipboard instead which supports suspend functions.
exception:   val clipboard = LocalClipboardManager.current
exception:                   ^^^^^^^^^^^^^^^^^^^^^
exception: common/src/commonMain/kotlin/chat/simplex/common/views/remote/ConnectDesktopView.kt:368:19: warning: 'val LocalClipboardManager: ProvidableCompositionLocal<ClipboardManager>' is deprecated. Use LocalClipboard instead which supports suspend functions.
exception:   val clipboard = LocalClipboardManager.current
exception:                   ^^^^^^^^^^^^^^^^^^^^^
exception: common/src/commonMain/kotlin/chat/simplex/common/views/remote/ConnectMobileView.kt:208:27: warning: 'val LocalClipboardManager: ProvidableCompositionLocal<ClipboardManager>' is deprecated. Use LocalClipboard instead which supports suspend functions.
exception:           val clipboard = LocalClipboardManager.current
exception:                           ^^^^^^^^^^^^^^^^^^^^^
exception: common/src/commonMain/kotlin/chat/simplex/common/views/usersettings/Appearance.kt:1039:23: warning: 'val LocalClipboardManager: ProvidableCompositionLocal<ClipboardManager>' is deprecated. Use LocalClipboard instead which supports suspend functions.
exception:       val clipboard = LocalClipboardManager.current
exception:                       ^^^^^^^^^^^^^^^^^^^^^
exception: common/src/commonMain/kotlin/chat/simplex/common/views/usersettings/UserAddressView.kt:48:19: warning: 'val LocalClipboardManager: ProvidableCompositionLocal<ClipboardManager>' is deprecated. Use LocalClipboard instead which supports suspend functions.
exception:   val clipboard = LocalClipboardManager.current
exception:                   ^^^^^^^^^^^^^^^^^^^^^
exception: common/src/desktopMain/kotlin/chat/simplex/common/platform/Back.desktop.kt:7:1: warning: annotation `@SuppressWarnings(value = ["MissingJvmstatic"] type=kotlin.Array<out kotlin.String> varargElementType=kotlin.String)` is missing on actual declaration.
exception: all annotations from expect `chat.simplex.common.platform.BackHandler` must be present with the same arguments on actual `chat.simplex.common.platform.BackHandler`, otherwise they might behave incorrectly.
exception: actual fun BackHandler(enabled: Boolean, onBack: () -> Unit) {
exception: ^^^^^^
exception: common/src/desktopMain/kotlin/chat/simplex/common/platform/Files.desktop.kt:56:1: warning: 'expect'/'actual' classes (including interfaces, objects, annotations, enums, and 'actual' typealiases) are in Beta. Consider using the '-Xexpect-actual-classes' flag to suppress this warning. Also see: https://youtrack.jetbrains.com/issue/KT-61573
exception: actual class FileChooserLauncher actual constructor() {
exception: ^^^^^^
exception: common/src/desktopMain/kotlin/chat/simplex/common/platform/Files.desktop.kt:84:1: warning: 'expect'/'actual' classes (including interfaces, objects, annotations, enums, and 'actual' typealiases) are in Beta. Consider using the '-Xexpect-actual-classes' flag to suppress this warning. Also see: https://youtrack.jetbrains.com/issue/KT-61573
exception: actual class FileChooserMultipleLauncher actual constructor() {
exception: ^^^^^^
exception: common/src/desktopMain/kotlin/chat/simplex/common/platform/Log.desktop.kt:5:1: warning: 'expect'/'actual' classes (including interfaces, objects, annotations, enums, and 'actual' typealiases) are in Beta. Consider using the '-Xexpect-actual-classes' flag to suppress this warning. Also see: https://youtrack.jetbrains.com/issue/KT-61573
exception: actual object Log {
exception: ^^^^^^
exception: common/src/desktopMain/kotlin/chat/simplex/common/platform/PlatformTextField.desktop.kt:94:19: warning: 'val LocalClipboardManager: ProvidableCompositionLocal<ClipboardManager>' is deprecated. Use LocalClipboard instead which supports suspend functions.
exception:   val clipboard = LocalClipboardManager.current
exception:                   ^^^^^^^^^^^^^^^^^^^^^
exception: common/src/desktopMain/kotlin/chat/simplex/common/platform/RecAndPlay.desktop.kt:20:1: warning: 'expect'/'actual' classes (including interfaces, objects, annotations, enums, and 'actual' typealiases) are in Beta. Consider using the '-Xexpect-actual-classes' flag to suppress this warning. Also see: https://youtrack.jetbrains.com/issue/KT-61573
exception: actual class RecorderNative: RecorderInterface {
exception: ^^^^^^
exception: common/src/desktopMain/kotlin/chat/simplex/common/platform/RecAndPlay.desktop.kt:87:1: warning: 'expect'/'actual' classes (including interfaces, objects, annotations, enums, and 'actual' typealiases) are in Beta. Consider using the '-Xexpect-actual-classes' flag to suppress this warning. Also see: https://youtrack.jetbrains.com/issue/KT-61573
exception: actual object AudioPlayer: AudioPlayerInterface {
exception: ^^^^^^
exception: common/src/desktopMain/kotlin/chat/simplex/common/platform/RecAndPlay.desktop.kt:270:1: warning: 'expect'/'actual' classes (including interfaces, objects, annotations, enums, and 'actual' typealiases) are in Beta. Consider using the '-Xexpect-actual-classes' flag to suppress this warning. Also see: https://youtrack.jetbrains.com/issue/KT-61573
exception: actual object SoundPlayer: SoundPlayerInterface {
exception: ^^^^^^
exception: common/src/desktopMain/kotlin/chat/simplex/common/platform/RecAndPlay.desktop.kt:292:1: warning: 'expect'/'actual' classes (including interfaces, objects, annotations, enums, and 'actual' typealiases) are in Beta. Consider using the '-Xexpect-actual-classes' flag to suppress this warning. Also see: https://youtrack.jetbrains.com/issue/KT-61573
exception: actual object CallSoundsPlayer: CallSoundsPlayerInterface {
exception: ^^^^^^
exception: common/src/desktopMain/kotlin/chat/simplex/common/platform/Share.desktop.kt:3:8: warning: 'interface ClipboardManager : Any' is deprecated. Use Clipboard instead, which supports suspend functions.
exception: import androidx.compose.ui.platform.ClipboardManager
exception:        ^^^^^^^^^^^^^^^^^^^^^^^^^^^^^^^^^^^^^^^^^^^^^
exception: common/src/desktopMain/kotlin/chat/simplex/common/platform/Share.desktop.kt:20:12: warning: 'interface ClipboardManager : Any' is deprecated. Use Clipboard instead, which supports suspend functions.
exception: actual fun ClipboardManager.shareText(text: String) {
exception:            ^^^^^^^^^^^^^^^^
exception: common/src/desktopMain/kotlin/chat/simplex/common/platform/UI.desktop.kt:23:1: warning: 'expect'/'actual' classes (including interfaces, objects, annotations, enums, and 'actual' typealiases) are in Beta. Consider using the '-Xexpect-actual-classes' flag to suppress this warning. Also see: https://youtrack.jetbrains.com/issue/KT-61573
exception: actual class GlobalExceptionsHandler: Thread.UncaughtExceptionHandler {
exception: ^^^^^^
exception: common/src/desktopMain/kotlin/chat/simplex/common/platform/VideoPlayer.desktop.kt:23:1: warning: 'expect'/'actual' classes (including interfaces, objects, annotations, enums, and 'actual' typealiases) are in Beta. Consider using the '-Xexpect-actual-classes' flag to suppress this warning. Also see: https://youtrack.jetbrains.com/issue/KT-61573
exception: actual class VideoPlayer actual constructor(
exception: ^^^^^^
exception: common/src/desktopMain/kotlin/chat/simplex/common/platform/VideoPlayer.desktop.kt:250:9: warning: 'when' is exhaustive so 'else' is redundant here.
exception:         else -> snap
exception:         ^^^^
exception: common/src/desktopMain/kotlin/chat/simplex/common/views/chat/item/ChatItemView.desktop.kt:10:8: warning: 'interface ClipboardManager : Any' is deprecated. Use Clipboard instead, which supports suspend functions.
exception: import androidx.compose.ui.platform.ClipboardManager
exception:        ^^^^^^^^^^^^^^^^^^^^^^^^^^^^^^^^^^^^^^^^^^^^^
exception: common/src/desktopMain/kotlin/chat/simplex/common/views/chat/item/ChatItemView.desktop.kt:54:60: warning: 'interface ClipboardManager : Any' is deprecated. Use Clipboard instead, which supports suspend functions.
exception: actual fun copyItemToClipboard(cItem: ChatItem, clipboard: ClipboardManager) = withLongRunningApi(slow = 600_000) {
exception:                                                            ^^^^^^^^^^^^^^^^
exception: common/src/desktopMain/kotlin/chat/simplex/common/views/helpers/AppUpdater.kt:385:92: warning: 'fun exec(p0: String!): Process!' is deprecated. Deprecated in Java.
exception:   } else if (desktopPlatform.isLinux() && !isRunningFromAppImage() && Runtime.getRuntime().exec("which dpkg").onExit().join().exitValue() == 0) {
exception:                                                                                            ^^^^
exception: common/src/desktopMain/kotlin/chat/simplex/common/views/helpers/AppUpdater.kt:420:44: warning: 'fun exec(p0: String!): Process!' is deprecated. Deprecated in Java.
exception:         val process = Runtime.getRuntime().exec("xdg-open ${file.absolutePath}").onExit().join()
exception:                                            ^^^^
exception: common/src/desktopMain/kotlin/chat/simplex/common/views/helpers/AppUpdater.kt:436:42: warning: 'fun exec(p0: String!): Process!' is deprecated. Deprecated in Java.
exception:       val process = Runtime.getRuntime().exec("msiexec /i ${file.absolutePath}"/* /qb */).onExit().join()
exception:                                          ^^^^
exception: common/src/desktopMain/kotlin/chat/simplex/common/views/helpers/AppUpdater.kt:454:44: warning: 'fun exec(p0: String!): Process!' is deprecated. Deprecated in Java.
exception:         val process = Runtime.getRuntime().exec("hdiutil mount ${file.absolutePath}").onExit().join()
exception:                                            ^^^^
exception: common/src/desktopMain/kotlin/chat/simplex/common/views/helpers/AppUpdater.kt:489:34: warning: 'fun exec(p0: String!): Process!' is deprecated. Deprecated in Java.
exception:             Runtime.getRuntime().exec("rm -rf /Applications/SimpleX-old.app").onExit().join()
exception:                                  ^^^^
exception: common/src/desktopMain/kotlin/chat/simplex/common/views/helpers/DefaultDialog.desktop.kt:27:3: warning: 'fun Dialog(onCloseRequest: () -> Unit, state: DialogState = ..., visible: Boolean = ..., title: String = ..., icon: Painter? = ..., undecorated: Boolean = ..., transparent: Boolean = ..., resizable: Boolean = ..., enabled: Boolean = ..., focusable: Boolean = ..., onPreviewKeyEvent: (KeyEvent) -> Boolean = ..., onKeyEvent: (KeyEvent) -> Boolean = ..., content: @Composable() ComposableFunction1<DialogWindowScope, Unit>): Unit' is deprecated. Replaced by DialogWindow.
exception:   Dialog(
exception:   ^^^^^^
exception: common/src/desktopMain/kotlin/chat/simplex/common/views/helpers/Utils.desktop.kt:113:19: warning: 'val LocalClipboardManager: ProvidableCompositionLocal<ClipboardManager>' is deprecated. Use LocalClipboard instead which supports suspend functions.
exception:   val clipboard = LocalClipboardManager.current
exception:                   ^^^^^^^^^^^^^^^^^^^^^

FAILURE: Build failed with an exception.

* What went wrong:
Execution failed for task ':common:compileDebugKotlinAndroid'.
> A failure occurred while executing org.jetbrains.kotlin.compilerRunner.GradleCompilerRunnerWithWorkers$GradleKotlinCompilerWorkAction
   > Not enough memory to run compilation. Try to increase it via 'gradle.properties':
     kotlin.daemon.jvmargs=-Xmx<size>

* Try:
> Run with --stacktrace option to get the stack trace.
> Run with --info or --debug option to get more log output.
> Run with --scan to get full insights.
> Get more help at https://help.gradle.org.

BUILD FAILED in 8m 21s
68 actionable tasks: 67 executed, 1 up-to-date
